지점코드,사업장명,도로명전체주소,소재지전화,좌표정보y(epsg5174),좌표정보x(epsg5174)
1,일곡동물병원,광주광역시 북구 양일로305번길 8 (일곡동),571-9114,189333.0171,190562.9092
2,우리동물병원,광주광역시 북구 태봉로 37-6 (임동),,184715.8661,191120.42
3,참좋은 동물병원,"광주광역시 북구 하서로 371, 1층 (양산동)",,189881.7854,188403.3482
4,빛고을 동물의료센터,광주광역시 북구 중문로 74 (우산동),062) 419-7582,186661.031,192695.3842
5,24시 언제나 동물병원,광주광역시 북구 하백로5번길 1 (매곡동),062-571-0011,187637.9188,189946.299
6,유동물병원,광주광역시 북구 서암대로 167 (신안동),526-3575,185577.1956,191045.1449
7,이든동물병원,광주광역시 북구 설죽로471번길 101-102 (삼각동),062-576-7585,189129.9409,190722.9652
8,소담동물병원(출장전문),"광주광역시 북구 하서로 652-15, 2층 (지야동)",062-574-8276,192397.1021,189626.3946
9,광주동물보호소 부속동물병원,"광주광역시 북구 본촌마을길 27, 동물보호소 (본촌동)",062-571-2808,191478.4166,189132.5237
10,경북대학교 수의과대학 부속동물병원,"대구광역시 북구 대학로 80 (산격동, 경북대학교 수의과대학)",053-950-6898,266806.4432,345299.7424
11,대구축협동물병원,대구광역시 북구 검단북로 154 (검단동),053-384-9907,269593.3256,346441.1275
12,강동물병원,대구광역시 북구 칠곡중앙대로 483 (관음동),325-7579,272059.6403,339729.1289
13,다온동물병원,대구광역시 북구 칠곡중앙대로 189 (태전동),053-312-7975,269186.6425,339665.6807
14,신한동물병원,"대구광역시 북구 침산로21길 23 (칠성동2가, 침산1차푸르지오)",053-352-1998,266167.7849,343318.9557
15,동명동물병원,대구광역시 북구 칠곡중앙대로 531 (읍내동),322-0041,272538.8772,339825.6956
16,굿모닝동물병원,대구광역시 북구 대천로 72-1 (동천동),324-0116,271863.4358,340446.1276
17,가나동물병원,대구광역시 북구 산격로 109 (산격동),954-3395,267760.0909,345123.9589
18,늘푸른종합동물병원,대구광역시 북구 칠곡중앙대로 471 (관음동),053-322-9075,271940.2976,339699.9293
19,도그플러스 동물병원(미유펫 대구점),"대구광역시 북구 동암로12길 8, 2층 (동천동, 칠곡홈플러스)",053-314-0075,272735.6757,340320.7227
20,순풍동물병원,"대구광역시 북구 학정로 149, 한우리메디타워 2층 204호 (태전동)",053-326-2557,270114.9105,339911.3593
21,다움동물병원,"서울특별시 영등포구 가마산로 449-1, 영민빌딩 1층 (신길동)",02-831-0075,444844.7641,191647.1628
22,남지가축병원,경상남도 창녕군 남지읍 동포로 9,,211069.2418,334530.7064
23,창녕축협동물병원,경상남도 창녕군 창녕읍 갈전길 153,055-533-8292,230335.725,334432.4576
24,미래동물병원,경상남도 창녕군 영산면 원다리길 45-2,,218198.7156,338740.1281
25,광진동물병원,경상남도 창녕군 창녕읍 창녕대로 153-1,055-532-0636,226930.0403,336046.1812
26,김수의과병원&lt;산업동물출장진료전문병원&gt;,경상남도 창녕군 영산면 영산장마로 745,055-521-0438,218611.0116,338401.2031
27,남창가축병원,경상남도 창녕군 창녕읍 창녕대로 54,055-532-9191,227610.6349,335335.0987
28,미소종합동물병원,경상남도 고성군 고성읍 송학고분로 317,055-6737194,165545.9614,320884.0733
29,서울동물병원,경상남도 고성군 고성읍 남포로 75-3,055-673-8875,164233.9778,320498.7587
30,현대동물병원(출장진료전문병원),경상남도 함양군 함양읍 함양로 1182-1,055-963-4569,225182.7285,266044.6187
31,이수의과동물병원(출장진료전문),경상남도 함양군 안의면 종로길 11-6,,236772.1626,273607.52
32,진동물병원(출장전문),"경상남도 함양군 함양읍 용평5길 37, 진동물병원",,224380.9957,266101.2203
33,신성가축병원,경상남도 함양군 함양읍 중앙시장길 17 (신성가축병원),055-964-0095,224480.7461,266159.2732
34,형제동물병원(출장진료전문),경상남도 함양군 함양읍 돌북1길 27,,224340.5635,265394.1243
35,함양동물병원,"경상남도 함양군 함양읍 용평중앙길 43, 1층 105호",559638875,224642.317,266266.294
36,새마을동물병원,충청남도 예산군 예산읍 예산로 31,,353839.4855,184736.6595
37,김태오 동물병원,충청남도 예산군 덕산면 예덕로 8,,355985.5084,170392.0497
38,흙 동물병원,충청남도 예산군 예산읍 아리랑로 236,,353319.4763,186713.063
39,중앙 동물병원,충청남도 예산군 고덕면 고덕중앙로 86,,360641.3745,173351.3811
40,예산 동물병원,충청남도 예산군 예산읍 역전로 51,,353622.0069,184653.0123
41,한솔가축병원,충청남도 예산군 삽교읍 충의로 170,,354892.3642,171951.1551
42,협동동물병원,충청남도 예산군 예산읍 사직로 24,,353383.2155,186386.2272
43,강이동물병원,충청남도 예산군 광시면 예당로 190 (104호),,338956.6944,179870.3116
44,천안축산업협동조합 부설동물병원,충청남도 천안시 동남구 청수11로 12 (청당동),520-6370,364583.4964,213642.1509
45,우리동물병원,충청남도 천안시 서북구 쌍용대로 51 (쌍용동),571-9318,366747.8646,211655.1828
46,장원동물병원(출장진료전문 동물병원),충청남도 천안시 동남구 충무로 475 (원성동),567-4723,366400.0683,214028.6888
47,하나동물병원,충청남도 천안시 서북구 성환읍 매주4길 20,582-9600,378909.7904,211329.8702
48,그림동물병원,충청남도 천안시 동남구 대흥로 320 (성황동),041-568-7277,368329.0298,213381.4239
49,에니펫동물병원,충청남도 천안시 동남구 터미널2로 8 (신부동),523-0275,368702.7321,214070.5226
50,펫프렌즈동물병원,"충청남도 천안시 서북구 두정로 203 (두정동,주차빌딩101)",568-7533,370290.6283,212382.92
51,김수영 동물병원,"충청남도 천안시 서북구 월봉로 85, 쌍용메디칼 (쌍용동)",572-8275,366337.75,210450.43
52,충남야생동물구조센터,충청남도 예산군 예산읍 대학로 54 (공주대학교 산업과학대학 내),041-334-1666,352103.7718,187383.6021
53,KU건국동물병원,충청남도 예산군 예산읍 벚꽃로 153,335-1023,354781.8455,185301.4694
54,마일스톤피그클리닉(출장진료전문),충청남도 예산군 삽교읍 신촌길 11-12,,352895.4325,170788.203
55,고려동물병원,충청남도 천안시 동남구 중앙로 281-2 (신부동),041-557-8575,369125.2048,213530.0613
56,서현동물병원,"충청남도 천안시 동남구 청수로 98 (청수동, 청솔LG아파트 상가 지하1층 2호)",,365554.803,213872.4173
57,다산동물병원,"충청남도 천안시 동남구 청수로 98 (청수동, 청솔LG아파트 상가 지하1층1호)",544-8834,365624.3428,214004.6337
58,가온동물병원,"충청남도 천안시 동남구 남부대로 344, 1층 (청당동)",553-5534,364402.1311,213772.1917
59,서일동물병원,충청남도 천안시 동남구 충절로 437 (삼룡동),041-551-5659,364669.5698,215243.0551
60,유일동물병원(산업동물에 대한 출장진료를 전문으로 함.),충청남도 천안시 동남구 풍세로 614 (신방동),041-565-5297,362966.6207,211746.4372
61,태성동물병원,충청남도 천안시 서북구 성환읍 성환1로 275,,379760.9246,211285.2078
62,나음동물병원,충청남도 천안시 동남구 통정10로 33-10 (신방동),578-4575,363608.4394,211727.7192
63,다솜동물병원,"충청남도 천안시 동남구 수곡2길 8-3, 이화빌딩 (신방동)",579-8252,365298.7908,211392.4156
64,치유동물병원,"충청남도 천안시 동남구 봉정로 6, 2층 (봉명동)",041-900-7582,366828.811,212375.3666
65,다나동물병원(산업동물에 대한 출장진료를 전문으로 함.),"충청남도 천안시 동남구 병천면 아우내장터2길 2, 102호",,362176.2631,226243.9621
66,서울88동물의료원,충청남도 천안시 동남구 충절로 35 (신부동),041-557-8275,368281.3597,214080.0302
67,늘푸른동물병원두정의료센터,충청남도 천안시 서북구 쌍용대로 317 (성정동),041-579-7582,369320.5177,212153.4223
68,중앙동물병원,충청남도 천안시 동남구 원거리7길 2 (원성동),041-555-7575,366407.4517,213653.0927
69,녹십자,충청남도 천안시 동남구 대흥로 94-1 (영성동),041-551-5989,366449.864,213488.8726
70,천안공주낙농축산업협동조합부설동물병원,충청남도 천안시 서북구 성환읍 성환1로 116,581-7547,378146.8609,211460.3702
71,대전충남 양돈축산업협동조합 부설동물병원,충청남도 천안시 동남구 차돌로 50 (다가동),570-1378,366602.9495,212078.5592
72,동물병원닥터스,"충청남도 천안시 서북구 불당7길 25, 1층 (불당동)",,366866.6218,209927.0468
73,한일동물병원,충청북도 제천시 의병대로 55-3 (명동),043-643-3037,404632.4359,307181.4996
74,명진동물병원,충청북도 제천시 원뜰로 34 (하소동),645-8272,404161.0378,306117.8587
75,제천 그레이스 동물병원,"충청북도 제천시 죽하로 5, 1층 (장락동)",043-652-7582,406307.409,308529.8452
76,삼성가축병원,충청북도 음성군 삼성면 대성로 613,,390864.4085,244274.7666
77,음성동물병원,충청북도 음성군 음성읍 중앙로 142,043-872-2262,381890.9689,261397.6603
78,금왕동물병원,충청북도 음성군 금왕읍 대금로 1498,,387675.4135,253207.8474
79,남영가축병원 (출장진료전문병원),충청북도 음성군 음성읍 중앙로40번길 24,872-7747,380889.085,261590.5758
80,현대동물병원,,,387478.1782,252457.8076
81,반석가금진료연구소,충청북도 음성군 대소면 대금로54번길 8,043-535-6426,387198.3034,240160.0964
82,전동물병원 (출장진료전문병원),"충청북도 음성군 대소면 대금로 822, A단지 나동 104호 (대왕하이텍공구타운A단지)",,386315.267,246798.5507
83,대소동물병원,충청북도 음성군 대소면 대금로 502,438837511,385135.8415,243886.2011
84,그린벨동물의료센터,"충청북도 음성군 맹동면 대하1길 4, 위너스타워 2층 205, 206호",043-882-7975,378611.4112,248149.3503
85,음성축산업협동조합 동물병원,충청북도 음성군 음성읍 시장로 99,873-9303,381860.5808,261585.1626
86,진주동물병원(출장진료전문병원),충청북도 제천시 의림대로15길 24 (중앙로2가),043-647-6100,404885.9124,307432.5986
87,바우미우동물병원,"서울특별시 중구 다산로 175, 명덕빌딩 (신당동)",2237-3366,450779.721,201064.9637
88,황동물병원,서울특별시 중구 퇴계로 254-1 (묵정동),2278-0075,451121.3448,199930.8583
89,서울종합동물병원,서울특별시 성북구 보문로 137 (보문동2가),928-5599,453866.557,201537.5976
90,대학동물병원,"서울특별시 성북구 화랑로 299, 2층 210호 (장위동, 석계역 한일노벨리아시티)",918-3344,456806.4324,205326.1448
91,강북동물병원,서울특별시 성북구 종암로 65 (종암동),924-4555,454877.3496,203035.964
92,스머프동물병원,서울특별시 은평구 백련산로 145 (응암동),02-969-7582,455100.9551,193315.1172
93,다루동물병원,"서울특별시 은평구 불광로 60, 1층 (불광동)",02-356-8353,456673.8056,193936.1257
94,도담동물병원,서울특별시 은평구 역말로 7 (역촌동),02-388-0275,455936.9704,192084.6798
95,미래동물병원,서울특별시 은평구 서오릉로 192 (갈현동),386-6092,456830.5284,192190.2663
96,더독동물병원,서울특별시 은평구 서오릉로 140 (대조동),382-3243,456562.1634,192656.3021
97,오렌지동물병원,서울특별시 성동구 행당로8길 41-2 (행당동),02-2297-7582,450419.387,202931.7899
98,남서울동물병원,서울특별시 서초구 방배로34길 12 (방배동),02-582-2186,443359.706,199192.1512
99,서초동물병원,서울특별시 서초구 효령로57길 4 (서초동),582-2357,442585.4812,201437.4779
100,아델 동물병원,"서울특별시 서초구 반포대로 45, 1층 (서초동, 명성빌딩)",522-0222,442481.6826,200886.0325
101,동물제중원금손이 동물병원,"서울특별시 서초구 서초대로 124, 101호 (방배동, 선빌딩)",581-5500,442879.1893,199582.595
102,다니엘동물병원,"서울특별시 서초구 효령로 214, 삼양빌딩 2층 (서초동)",02-585-0087,442325.9223,200612.4018
103,우신동물병원,서울특별시 양천구 중앙로 295 (신월동),2693-8883,446714.2758,186794.8421
104,강현림 종합동물병원,서울특별시 양천구 등촌로 160 (목동),2642-9159,449099.4068,187774.0762
105,해성동물병원,서울특별시 양천구 은행정로 10 (신정동),02-2651-9953,446497.5845,187566.1085
106,두리종합동물병원,"서울특별시 서초구 반포대로 287, 래미안퍼스티지 중심상가 1층 147,148호 (반포동)",02-3476-7522,444680.5217,200005.6264
107,디아나동물병원,"서울특별시 서초구 방배로 119, 1층 (방배동)",25219010,442495.9495,199509.9016
108,이상록동물병원,"서울특별시 서초구 나루터로 37, 신사쇼핑센터 1층 102-2호 (잠원동)",02-533-5505,445992.4593,201230.6934
109,햇살동물병원,서울특별시 양천구 월정로 46 (신월동),2690-5673,446855.11,185992.295
110,제인동물병원,서울특별시 성동구 뚝섬로 395 (성수동2가),02-468-7582,448534.1138,204763.8077
111,Dr.윤 동물의료센터,"서울특별시 은평구 통일로 767, 401동 1층 108호 (대조동, 베르디움STAY1)",02-359-2020,,
112,한빛동물병원,서울특별시 성동구 금호산길 58(금호동2가),02-2233-1848,450119.5081,201657.9263
113,아지동물병원,"서울특별시 성동구 독서당로 289 (금호동4가,지상1층)",02-6085-7750,449530.7077,201790.1175
114,24시센트럴동물메디컬센터,서울특별시 성동구 고산자로 207 (행당동),02-3395-7975,450712.0867,202907.2189
115,리더스 동물병원,"서울특별시 양천구 신목로 80, 신정동빌딩 (신정동)",02-2652-5475,446633.6155,188828.5448
116,오석헌동물병원,"서울특별시 성동구 매봉길 13, 1층 420호 (옥수동, 래미안옥수리버젠상가)",02-6402-0301,449188.9705,201153.9816
117,뉴타운동물병원,"서울특별시 은평구 진관3로 70 (진관동, 상림마을 821동 101호)",385-8275,459986.856,193103.4271
118,24시스마트동물메디컬센터,서울특별시 은평구 은평로 93 (응암동),02-387-7582,455276.7291,192700.3776
119,유림동물안과병원,"서울특별시 서초구 강남대로 631, 1층 (잠원동, 크레신타워)",593-1045,446206.3549,201565.9572
120,서울우유협동조합유우진료소,서울특별시 중랑구 중랑천로 71 (상봉동),2094-8344,454381.7629,206321.9193
121,펫365동물병원,서울특별시 성동구 독서당로 328 (금호동4가),2282-3653,449516.5209,202164.8202
122,민병철동물병원,서울특별시 양천구 남부순환로 347 (신월동),2695-1231,448229.827,184767.7296
123,옥수수 동물병원,"서울특별시 성동구 독서당로40길 39, 어울림상가 301~304호 (옥수동)",02-2291-7582,448894.7552,201538.0561
124,쿨펫이마트 목동점 동물병원,"서울특별시 양천구 오목로 299, 목동트라팰리스 (목동)",2645-2727,447091.856,188472.7592
125,둘레길동물병원,"서울특별시 은평구 연서로 317 (불광동, 동윤빌딩)",02-354-7544,457936.9948,193547.6806
126,개와냥이동물병원,"서울특별시 은평구 통일로 727-5, 2층 (대조동)",02-352-7275,456432.9936,193680.5647
127,참좋은동물병원,서울특별시 은평구 백련산로 29 (응암동),02-3152-0075,453992.5637,193081.8522
128,메디펫동물병원,서울특별시 은평구 통일로 885 (갈현동),02-384-0075,457740.6732,192825.7957
129,윤신근박사동물병원,서울특별시 중구 퇴계로 226 (필동2가),2274-8558,451038.8914,199652.5966
130,노아동물병원,서울특별시 양천구 목동동로10길 6 (신정동),226546183,446254.4703,188498.8896
131,양천종합동물병원,서울특별시 양천구 오목로 45 (신월동),2607-0022,446684.7216,186019.5568
132,한수24시동물병원,"서울특별시 은평구 증산로 267, 103호 (증산동)",306-8575,453281.9651,191719.6419
133,로얄동물병원,서울특별시 은평구 연서로 137 (구산동),354-0975,456538.9227,192584.6394
134,교대동물병원,"서울특별시 서초구 서초대로 325 (서초동,지상1층)",596-1175,443641.2975,201436.6463
135,필동물종합병원,서울특별시 양천구 등촌로 16 (목동),2649-0774,447697.3416,187920.9605
136,반포자이동물병원,서울특별시 서초구 사평대로45길 10-25 (반포동),02-3476-3535,444940.18,201162.735
137,하나동물병원,"서울특별시 서초구 헌릉로8길 10-12, 1층 3호 (신원동, 힐스테이트서초잰트리스)",02-574-0511,439329.1695,204997.1628
138,가나종합동물병원,"서울특별시 양천구 목동서로 77, 현대월드타워 160호 (목동)",2645-7588,448200.0677,189151.208
139,바라봄동물병원,"서울특별시 성동구 왕십리로 410, 127동 지하층 030호 (하왕십리동, 센트라스)",02-2297-9300,451536.6809,202372.912
140,담은동물병원,"서울특별시 은평구 통일로 796, 상가동 지하2층 128호, 지하1층 228호 (불광동, 북한산 힐스테이트7차)",02-356-9475,457135.2177,193457.6985
141,신정 동물병원,"서울특별시 양천구 오목로 198-1 (신정동,1층)",2697-7576,447012.9668,187507.5025
142,토론토 동물병원,"서울특별시 양천구 등촌로 172, 등촌빌딩 A동 102호 (목동)",2642-8653,449204.6352,187788.8226
143,달링동물병원,"서울특별시 성동구 왕십리로 16 (성수동1가, 트리마제)",02-466-8215,448508.756,203911.5131
144,바른동물병원,"서울특별시 중구 퇴계로 447, 1층 131호 (황학동, 황학 아크로타워)",02-2232-7975,451543.3378,201866.0395
145,오거리동물병원,"서울특별시 은평구 가좌로 239, 2층 (응암동, 스타이루)",02-306-0158,454279.7008,192509.1149
146,LOVE MY PET 동물병원,서울특별시 은평구 은평로 208 (응암동),382-7582,455415.9791,193814.0712
147,이리온 양재점,"서울특별시 서초구 매헌로 16, 지하1층 (양재동, 이마트 양재점)",577-6125,440136.7812,203204.7556
148,꿈꾸는 동물병원,"서울특별시 서초구 서초중앙로 224, 129호 (반포동)",592-0202,444376.5329,201100.601
149,에이블 동물병원,서울특별시 서초구 바우뫼로 211 (양재동),2058-1882,442081.7738,203615.7106
150,포레동물병원,"서울특별시 성동구 상원길 59, 쌍용아파트상가B동 107호 (성수동1가)",02-468-7975,449695.0841,204093.3963
151,서이동물병원,"서울특별시 서초구 사임당로 139, 104호 (서초동)",3472-8275,443285.6812,202128.627
152,우면동물병원,"서울특별시 서초구 바우뫼로7길 8, 201호 (우면동,우면세신상가)",02-578-7572,440963.7591,202175.0111
153,왕십리조은동물병원,서울특별시 성동구 왕십리로 381 (하왕십리동),02-2297-0075,451365.3262,202393.4573
154,페토브 동물병원,"서울특별시 양천구 목동동로 130, 117, 118호 (신정동, 목동신시가지아파트14단지)",2642-1239,446003.9412,188467.2154
155,24시 서울 탑 동물병원,"서울특별시 양천구 중앙로 237, 1층 (신정동)",02-2601-8875,446176.8104,186990.0704
156,수동물병원,서울특별시 서초구 방배중앙로 149 (방배동),534-9773,443365.9223,198732.246
157,내방동물병원,"서울특별시 서초구 서초대로 108, 2층 (방배동)",3473-8274,442807.5884,199410.8814
158,스테이동물병원,"서울특별시 성동구 매봉길 50 (옥수동, 이편한세상옥수파크힐스)",02-2282-7501,449563.28,201157.8773
159,신반포종합동물병원,서울특별시 서초구 서초중앙로 245 (반포동),02-537-0075,444571.1061,200884.6246
160,두암동물병원,"서울특별시 양천구 목동중앙북로 73, 덕수프라자 2층 (목동)",8464597,449409.1436,188563.7467
161,24시예스동물병원,"서울특별시 서초구 잠원로 24 (반포동,반포자이프라자 133호)",534-3475,444989.8743,200800.417
162,우리동물병원,서울특별시 서대문구 통일로 197 (영천동),393-6675,452071.4345,196510.5597
163,빛가온동물병원,서울특별시 서대문구 통일로 375 (홍제동),736-5834,453470.4562,195452.2393
164,레스펫동물병원,"서울특별시 서초구 논현로 173, 동리빌딩 1층 (양재동)",02-575-0855,442526.9614,203580.2973
165,파리스동물병원,"서울특별시 양천구 목동서로 100, 상가동 105, 204호 (목동, 목동신시가지아파트3단지)",2644-8878,448020.091,188700.8512
166,구름동물병원,"서울특별시 양천구 신정이펜2로 22, 203호 (신정동, 신정프라자)",2694-8275,445643.8741,185125.9577
167,밀리언동물병원,서울특별시 양천구 신월로 320 (신정동),02-2061-5277,446575.5016,187241.6411
168,VIP동물의료센터 서초동작점,"서울특별시 서초구 동작대로 36, 1,2층 (방배동, 대광빌딩)",02-525-3102,441943.105,198351.955
169,이윤세동물병원,"서울특별시 성동구 행당로 76, 한진노변상가 1,2층 108호109호203호 (행당동)",02-2282-7503,450401.3037,202511.1429
170,한양동물메디컬센터,서울특별시 성동구 왕십리로 282 (행당동),02-2281-5200,450821.2166,203200.7713
171,백슬동물병원,"서울특별시 중구 만리재로 175, 지하1층 401-1호 (만리동2가, 서울역센트럴자이)",02-393-7588,450217.0951,196697.1169
172,혜인종합 동물병원,"서울특별시 양천구 등촌로 218, 혜인빌딩 (목동)",2645-1475,449662.9091,187903.9895
173,다온동물병원,서울특별시 양천구 중앙로 230 (신정동),02-2643-8204,446116.6293,187079.3751
174,야옹동물병원,"서울특별시 은평구 증산로 413, 동현빌딩 1층 (신사동)",354-0087,454552.5072,192318.3838
175,신세계 동물병원,"서울특별시 서초구 반포대로 287, 래미안퍼스티지 중심상가 1층 143호 (반포동)",537-7412,444680.5217,200005.6264
176,서울햇빛동물병원,"서울특별시 은평구 진관2로 67, 202동 B층 01호 (진관동, 은평뉴타운우물골아파트)",02-387-8275,459138.862,193270.9124
177,서래동물병원,서울특별시 서초구 서래로 38 (반포동),02-6052-8275,444016.5384,199799.7908
178,한빛동물병원,"서울특별시 은평구 진관4로 87, 629동 116호 (진관동, 은평뉴타운상림마을)",382-7511,460623.3708,193651.2027
179,심바동물병원,"서울특별시 서초구 서초대로4길 4, 대진빌딩 1층 (방배동)",02-523-0275,442586.3005,198622.4594
180,해뜨는 동물병원 해질녘책방,"서울특별시 서초구 신반포로 257, 뉴타운 지하1층 (잠원동)",25366469,445266.6786,201104.269
181,닥터 아이펫 동물병원,"서울특별시 중랑구 망우로 315, 2층 (상봉동)",2208-0329,454993.6576,207655.2911
182,행복이 있는 동물병원,"서울특별시 중랑구 봉화산로 232, B동 1층 (신내동)",02-433-3387,456169.8718,208614.4356
183,보담동물병원,"서울특별시 중랑구 용마산로 434 (면목동, 청파빌딩)",02-494-7775,454186.6969,208533.1652
184,금호동물병원,"서울특별시 성동구 금호로 105, 비201호 (금호동2가, 래미안하이리버 상가동)",222810049,449891.9722,202098.9794
185,오라고동물병원,"서울특별시 양천구 공항대로 552 (목동, 대우마이빌 102호)",2643-7579,449701.8026,188169.1801
186,팜랜드동물병원,"서울특별시 양천구 목동중앙서로 42, 1층 (목동)",6348-1982,447851.7394,188306.4323
187,대현동물병원,"서울특별시 양천구 목동중앙본로 100, 101호 (목동)",2651-1855,449143.102,188520.9024
188,서서울호수동물병원,"서울특별시 양천구 남부순환로 421, 1층 (신월동)",6959-8448,447574.3646,185117.7946
189,바른동물병원,"서울특별시 성동구 독서당로 270, 상가동 2층 206호 (금호동4가, 금호동 대우아파트)",02-2297-7570,449301.4515,201669.8036
190,기린동물병원,서울특별시 성동구 마장로 296 (마장동),02-2291-8275,451490.6665,203709.5901
191,한나동물병원,"서울특별시 서초구 방배로 269, 109호 (방배동)",02-595-8875,443825.9651,198845.6578
192,서초힐스동물병원,서울특별시 서초구 태봉로2길 30 (우면동),02-574-7582,439920.5571,202273.874
193,늘푸른동물병원,서울특별시 은평구 은평로 29 (신사동),388-3008,455108.6579,192071.5914
194,프렌즈동물병원,"서울특별시 서초구 방배로 76, 머리재빌딩 1층 105호 (방배동)",597-7522,442111.604,199783.0572
195,반려동물 의료센터 다울,"서울특별시 서초구 효령로 95, 우성빌딩 1층 (방배동)",02-3473-0911,442064.3655,199452.9265
196,메디펫 동물병원,서울특별시 서초구 효령로 384 (서초동),02-586-7501,442819.765,202224.045
197,헬릭스동물메디컬센터,"서울특별시 서초구 신반포로 162 (반포동, 르본시티 2층)",02-2135-9119,444741.4375,200115.1432
198,녹번동물병원,서울특별시 은평구 통일로 697 (녹번동),354-4110,456197.9272,193903.3334
199,파란종합 동물병원,서울특별시 양천구 신월로 149 (신월동),2692-8255,446160.8663,185810.0659
200,새은평동물의료센터,"서울특별시 은평구 서오릉로 80(대조동, 북한산 포레스트)",358-7566,456143.2369,193059.5369
201,사랑의동물병원,서울특별시 서초구 마방로6길 18 (양재동),02-577-7475,441406.0823,203660.1736
202,한 동물병원,서울특별시 서초구 동산로 66 (양재동),02-577-3690,441078.1766,203997.6234
203,라파엘동물병원,서울특별시 서초구 강남대로 525-3 (반포동),02-3444-7509,445173.2758,201866.2719
204,일오삼동물병원,서울특별시 양천구 지양로 52 (신월동),2606-1990,446489.3607,185337.1914
205,행복한동물병원,서울특별시 양천구 공항대로 636 (목동),2655-2258,449389.2086,188918.5354
206,상아동물병원,서울특별시 양천구 목동로 181 (신정동),2644-0069,446944.9,187943.595
207,목동 동물병원,서울특별시 양천구 목동서로 57 (목동),2648-8275,448276.1425,189311.0225
208,로얄동물암치료센터,"서울특별시 중랑구 동일로 640, 지하 2층 (면목동)",02-6215-3416,453914.6398,207017.8153
209,신당 좋아요 동물병원,"서울특별시 중구 다산로36길 83, 1층 (신당동)",02-2233-6675,450916.7052,201618.835
210,도담동물병원(출장진료전문 동물병원),"서울특별시 성동구 독서당로59길 84, 신동아아파트상가동 1층 111호 (행당동)",,450233.8783,202831.9057
211,라임동물병원,서울특별시 성동구 무학로 16 (홍익동),02-2281-8122,451473.3101,202608.8811
212,태능동물병원,"서울특별시 중랑구 동일로 920, 3층 (묵동)",973-1953,456698.4895,206780.2076
213,보람동물병원,서울특별시 중랑구 면목로 269 (면목동),434-5465,452751.1378,207505.3535
214,엔젤동물병원,서울특별시 중랑구 겸재로 187 (면목동),435-0166,454057.8376,207735.4562
215,홍상희동물병원,"서울특별시 중랑구 동일로 899, 1층 (묵동)",974-0339,456484.1665,206763.6535
216,하스펫탈동물병원,"서울특별시 중랑구 면목로 442-1, 1층 (면목동)",435-2275,454365.7472,207610.4033
217,미니주동물병원,서울특별시 양천구 목동중앙북로 37 (목동),2651-8575,449540.7811,188251.3097
218,신내동물병원,"서울특별시 중랑구 봉화산로 103, 1층 (중화동, 삼일시티빌)",3422-0001,455602.4903,207499.7213
219,진정훈동물병원,"서울특별시 중랑구 봉화산로 39-1, 유정빌딩 2층 (중화동)",2207-0073,455496.6194,206886.4766
220,성지동물병원,서울특별시 중랑구 면목로 311 (면목동),493-7582,453071.8275,207683.609
221,금란동물병원,"서울특별시 중랑구 용마산로 532, 금란동물병원 (망우동)",492-7582,455130.344,208814.1479
222,연희동물병원,서울특별시 서대문구 연희로25길 101 (연희동),332-2883,451877.1438,193930.4465
223,리즈동물병원,"서울특별시 서초구 잠원로 221, 상가동 2층 (잠원동, 한강아파트)",535-7579,446565.0287,201267.8678
224,평생피부과동물병원,"서울특별시 성동구 행당로 76, 110호 (행당동, 한진노변상가)",02-3395-0075,450401.3037,202511.1429
225,리즈동물병원,"서울특별시 양천구 목동중앙로 43 (목동,106호)",2062-1110,447929.3481,188394.9766
226,참사랑동물병원,서울특별시 양천구 목동남로4길 6-11 (신정동),2643-7882,445120.1228,188002.8358
227,금쪽같은내새끼 동물병원,서울특별시 은평구 연서로 185 (갈현동),384-7743,457005.6829,192675.4579
228,한마음동물병원,서울특별시 은평구 갈현로 35 (신사동),355-7931,455411.9348,191993.2417
229,우리덕구동물병원,"서울특별시 은평구 진관2로 77, 205동 지하1층 B104호 (진관동, 은평뉴타운우물골)",02-6953-8275,459136.5476,193537.1513
230,가든펫동물병원,"서울특별시 은평구 증산로9길 26-23, 지하1층 (증산동)",02-373-5555,453851.9654,191854.4605
231,응암동물병원,서울특별시 은평구 응암로 261 (응암동),387-6920,454775.3694,192718.9979
232,김정복동물병원,서울특별시 은평구 통일로 879 (갈현동),357-8538,457673.8779,192829.7404
233,불광동물병원,"서울특별시 은평구 통일로 767, 401동 B층 117호 (대조동, 베르디움STAY1)",356-1656,,
234,한얼동물병원,서울특별시 은평구 응암로 226 (응암동),304-5553,454418.0193,192680.9423
235,신풍동물종합병원,서울특별시 영등포구 신길로 70 (신길동),02-835-7572,444053.0069,191844.9255
236,대방동물병원,"서울특별시 영등포구 신풍로25길 13, 그레이트 빌 1층 (신길동)",833-0309,444333.0055,192854.5283
237,주연동물병원,서울특별시 중랑구 면목로 273 (면목동),2207-9931,452781.0273,207501.3139
238,진서동물병원,서울특별시 중랑구 신내로10길 7 (신내동),432-7530,455823.472,208400.7632
239,세진동물병원,서울특별시 중랑구 망우로 415(망우동),436-7311,455266.3319,208613.3314
240,숲속동물병원,"서울특별시 중랑구 겸재로 207, 1층 (면목동)",492-9303,454115.4996,207928.9113
241,마음을 나누는 동물병원,"서울특별시 서대문구 신촌로35길 10, 지하1층 424호 (북아현동, e편한세상신촌 4단지)",02-365-7582,450665.925,196030.3613
242,신영동물병원,서울특별시 서대문구 통일로 489 (홍은동),3217-1081,454374.305,194713.554
243,면목동물병원,서울특별시 중랑구 사가정로 363 (면목동),437-7579,453216.1212,207429.8333
244,하니동물병원,"서울특별시 중랑구 신내로 225, 디아뜨갤러리 142호 (신내동)",234220977,457183.6378,207990.4793
245,한국동물메디컬센터(KAMC),"서울특별시 중랑구 겸재로 165, 1,2층 (면목동)",2208-6788,453990.8231,207517.2563
246,라파엘종합동물병원,서울특별시 서대문구 연희로 132 (연희동),02-333-8632,451882.8165,194015.9756
247,프란다스동물병원,"서울특별시 서대문구 거북골로 120, 상가 205동 (남가좌동, DMC센트레빌)",309-8275,452634.5577,192480.0294
248,삼동종합가축병원약품,"울산광역시 울주군 삼동면 삼동로 751, 2층",,226753.4671,395577.8315
249,24시 쓰담쓰담 동물메디컬 센터,"경기도 용인시 기흥구 중부대로 364, 2층 (신갈동)",,418814.94,209458.4174
250,더존 동물병원,경상북도 상주시 화남면 영남제일로 4632,,327819.8517,281107.9858
251,샤인동물메디컬센터,서울특별시 송파구 오금로 147 (방이동),02-2088-7775,445412.463,209787.9477
252,도담동물병원,서울특별시 도봉구 도봉로 875 (도봉동),955-8400,464474.91,203947.7148
253,내포동물의료센터,"충청남도 홍성군 홍북읍 청사로174번길 25, 성원타워",,351071.7711,171402.0653
254,비타민동물병원,"광주광역시 광산구 월계로 203, 123호 (월계동)",062-971-7511,190523.771,186070.2736
255,킴스동물병원,"경상북도 울진군 울진읍 울진중앙로 39, 킴스동물병원",054-781-7782,389809.7705,413380.4158
256,365동판교동물병원,"경기도 성남시 분당구 판교역로14번길 20, (주)코레드디엔씨 2층 201호 (백현동)",031-781-7582,431493.9611,209799.1859
257,가온동물병원,"서울특별시 양천구 등촌로 114, 목동한강팰리스 1층 (목동)",02-2643-2777,448665.2572,187917.0972
258,제주오름동물병원,제주특별자치도 제주시 월산남길 131 (노형동),,-3513.026549,150742.2011
259,큰동물병원,"경기도 포천시 관인면 신교동로 23, 2층",,509868.8464,219116.6151
260,율곡동물병원,"경상북도 김천시 혁신3로 5, 율곡스퀘어Ⅲ 1층 110호 (율곡동)",435-3336,291474.9809,306462.3572
261,김영대 동물병원,전라남도 순천시 용당둑길 183 (조곡동),,161994.9947,244802.498
262,문정힐스 동물병원,"서울특별시 송파구 법원로4길 10, 힐스테이트에코문정 상가동 1층 120,121호 (문정동)",0507-1375-5852,,
263,24시 블루밍 동물병원,"광주광역시 북구 대자로 36, MVG#78 304,305,306호 (운암동)",062-416-7975,186022.4831,188635.1462
264,우산동물병원,"경상북도 울릉군 울릉읍 도동길 166, 1층",,450095.3912,545061.1039
265,24시루시드동물메디컬센터,"서울특별시 강북구 월계로 3, 덕신빌딩 4층 (미아동)",02-941-7900,456360.4333,202635.0723
266,은하수 동물병원,광주광역시 남구 서문대로 665 (진월동),062-716-4282,180040.6113,190672.359
267,새솔동물병원,충청북도 청주시 청원구 오창읍 공항로 996,,359796.1576,240640.7398
268,관문동물병원,경상북도 포항시 남구 형산강북로 99 (효자동),054-277-5809,280803.5102,410707.8179
269,아이본 동물병원,"서울특별시 광진구 자양로 65, 화성빌딩 1층 (자양동)",02-455-5975,447934.708,207386.983
270,산내동물병원,"경기도 파주시 심학산로423번길 7-33, 준프라자 2층 201호 (목동동)",031-948-6669,468586.529,176762.627
271,유병국 동물병원,경상남도 고성군 회화면 회진로 27-13,,173867.0183,324775.4613
272,하나카동물병원,"서울특별시 강남구 역삼로 138, 동광빌딩 1층 (역삼동)",02-566-5852,443558.5126,202999.7753
273,드림동물병원,충청남도 천안시 동남구 통정12로 95 (신방동),041-572-7582,363729.0508,212195.3619
274,돌봄동물메디컬클리닉,"대구광역시 달서구 조암로 48, 원더풀스파랜드 203호 (월성동)",053-631-7975,259315.1872,337664.9475
275,마음동물병원,"광주광역시 북구 첨단연신로91번길 30, 106, 107호 (신용동)",062)571-1275,189707.5239,187289.8266
276,튼튼동물병원,"서울특별시 강남구 압구정로 151, 상가 1동 201호 (압구정동, 현대아파트)",02-549-9773,447109.4973,202094.1802
277,수목원동물병원,대구광역시 달서구 갈밭로4길 20 (대곡동),053-637-5287,256963.3825,338275.9676
278,나라 동물병원,경상남도 합천군 합천읍 옥산로 26,,230488.9875,304900.9864
279,다봄 동물의료센터,"경상남도 김해시 해반천로130번길 39, 코아루센텀 오피스텔 2층 (삼계동)",055-331-7575,197278.6103,370251.0486
280,동행동물병원,"광주광역시 북구 설죽로 298, 1,2층 (오치동)",062-251-7582,187448.2334,190689.8425
281,하하동물병원,"경기도 광주시 태전동로 25, 퍼스트타워 1층 104호 (태전동)",031-766-3463,431656.7118,220693.1541
282,분당데이지동물병원,"경기도 성남시 분당구 내정로 58, 스포라이프 스포츠센타 107호 (정자동)",031-715-3575,429264.6353,210134.6379
283,아프리카동물병원,"서울특별시 강동구 아리수로 421, MIDC빌딩 101호 (강일동)",02-426-7722,451385.8414,215311.0876
284,라파엘 동물병원,"인천광역시 연수구 신송로 165-19, 2층 201,202호 (송도동)",032-777-0975,432783.7463,168683.6936
285,해와달동물병원,"인천광역시 남동구 논고개로 80, 202호 (논현동)",431-7580,433046.4805,175717.6834
286,성모동물병원,경상남도 김해시 가야로 26 (삼계동),0507-1325-7553,198288.0135,369484.4214
287,캐나다동물병원,경기도 양주시 남면 감악산로244번길 33,031-863-8370,487332.6988,198081.7373
288,윤 동물병원,경기도 용인시 처인구 남사읍 경기동로 338,,404449.5057,214347.0754
289,미사 센트럴 동물병원,"경기도 하남시 미사강변대로54번길 125, 상아프라자2 2층 201호 (풍산동)",031-791-8275,450640.4772,216583.1214
290,남산연합동물병원,"대구광역시 중구 남산로6안길 47, 1층 101, 105호 (남산동, 로하스남산)",421-7582,263018.9638,343206.4289
291,동대문 루시드 동물메디컬센터,"서울특별시 동대문구 전농로 57-1, 1층,2층,지하1층 동대문 루시드 동물메디컬센터 (답십리동)",262170202,451983.5727,204958.8908
292,치유동물병원,"광주광역시 광산구 풍영로 189, 1층 (장덕동)",062-945-1275,187702.4649,182975.9122
293,장승준동물치과병원,"서울특별시 서대문구 가좌로 113, 1층 (홍은동)",02-302-7502,453367.067,193354.6035
294,정원동물병원,"부산광역시 부산진구 성지로 34, 2층 (연지동)",051-934-7575,187992.3623,387146.324
295,The Ark(디아크),"서울특별시 강남구 논현로149길 35, 402호 (논현동)",,446152.9167,202197.7211
296,세림동물병원(출장진료 전문),"경기도 평택시 안중읍 안현로서8길 57, 붐붐프라자 180호",,386375.2912,192725.3379
297,서울동물병원,"경기도 성남시 중원구 산성대로 388-1, 1층 (금광동)",031-741-8119,438281.7109,213920.1929
298,수색동물병원,"서울특별시 은평구 수색로 322, DMC SK뷰 아이파크 포레 2동 1층 105호 (수색동)",02-304-7772,453719.2268,190470.5711
299,라비동물병원,"경기도 김포시 김포한강1로 238, 라비드퐁네프 레드동 115호 (운양동)",0507-0178-0038,461198.3959,171970.9454
300,안양김준동물병원,"경기도 안양시 만안구 안양로 180, 204호 (안양동, 안양 KCC 스위첸)",031-447-1175,,
301,뉴욕동물병원,"서울특별시 종로구 창경궁로35길 19, 2층 (혜화동)",02-762-7582,453836.0986,200079.664
302,계절엔 동물의료센터,"대전광역시 유성구 테크노1로 12-28, 152,153,163,164호 (관평동)",042-368-7575,325443.5171,234660.7178
303,산청동물의료센터,경상남도 산청군 산청읍 산엔청로 13,,213171.3732,279403.6713
304,라엘동물의료센터,"경기도 성남시 분당구 운중로 172, 트윈플라자-1 101,102호 (운중동)",3180177772,432106.0944,207218.8411
305,바른동물병원,"경기도 남양주시 늘을1로 3, 104호 (평내동)",031-559-4001,461125.4964,221078.4952
306,마레동물병원,"부산광역시 기장군 일광읍 해송4로 16, 일광역에코테라스 209호",,198635.1985,403041.0081
307,가양동물의료센터,대전광역시 동구 동대전로 280 (가양동),426368855,316224.0365,239937.9563
308,헤이든동물병원,"서울특별시 강남구 언주로7길 6, 101,102,103,113호 (개포동, 개포자이르네)",02-6207-5551,441809.5617,204824.6761
309,선진브릿지랩동물병원「산업동물 출장진료 전문」,경기도 이천시 부발읍 신아로 58,031-637-5248,417484.5921,243266.5164
310,웰니스동물병원,"서울특별시 강서구 화곡로 398, 홈플러스강서점앤본사사옥 4층 (등촌동)",02-3663-6575,450691.5932,187119.9482
311,한걸음더 재활한방 동물병원,"서울특별시 송파구 백제고분로 294, 금산빌딩 1층 (석촌동)",02-423-2088,444472.5559,208716.2248
312,하이동물병원,"부산광역시 부산진구 거제대로 18, 1, 2층 (양정동)",051-852-7570,187623.9467,388297.794
313,호랑이 동물병원,"인천광역시 연수구 송도문화로28번길 28, 205동 110호 (송도동, 송도글로벌캠퍼스푸르지오)",032-815-7522,430570.2553,169268.7727
314,뉴욕동물병원「산업동물 출장진료 전문」,경기도 이천시 설봉로55번길 28 (관고동),,420075.6288,238662.2635
315,경서동물병원,"경기도 고양시 덕양구 중앙로 136, 102호 (화전동)",231580733,455391.5237,188707.2078
316,포레동물병원,"부산광역시 동래구 명장로 58, 1층 (명장동)",051-526-7588,191510.4983,391830.3499
317,더 포레 동물병원,"경기도 하남시 위례대로6길 20-2, 위례 호반써밋 1층 116,117호 (학암동)",02-2039-7734,442530.2531,213350.1905
318,소정동물병원,"충청남도 예산군 삽교읍 신촌길 11-12, 지상동 1층",041-338-7541,352895.4325,170788.203
319,한샘동물병원,"충청북도 청주시 서원구 복대로 40, 2층 (개신동)",267-7582,346717.6531,239760.0037
320,선산동물병원,"경상북도 구미시 선산읍 조남로 194-20, 1층",,305100.3432,319040.5078
321,해뜨는 동물병원,"경상남도 진주시 개양로 112, 신진주역세권 줌테라스 1층 103호 (가좌동)",055-921-5959,184497.756,301820.6514
322,다정한 동물병원,"경기도 하남시 감일백제로180번길 17, 퀸즈에비뉴 2층 217,218,219호 (감이동)",02-2135-1350,445226.5545,213621.0072
323,대경동물병원,경상북도 구미시 선산읍 조남로 164,,304858.3728,318597.9044
324,PNH 동물병원,충청남도 홍성군 홍북읍 내용길 617-58,041-631-8657,349080.3064,173206.3023
325,은쌤동물병원,"경기도 수원시 권선구 효원로94번길 14, 메디컬플라자 1층 103,104호 (세류동)",312337975,418237.7523,200950.9667
326,석촌호수동물병원,"서울특별시 송파구 송파대로49길 52, 석촌호수 나인파크 A 1층 101호 (석촌동)",02-419-5959,444879.0567,208681.4022
327,순천시 반려유기동물 공공진료소,"전라남도 순천시 역전길 50, 순천시 반려동물 문화센터 2층 (조곡동)",061-749-8715,161203.1189,245361.5178
328,다란동물병원,경기도 여주시 북벌로 66 (하거동),,415249.3662,256092.8936
329,보타닉동물병원,"서울특별시 강서구 강서로 506, 가양골프장 A동 102,103호 (가양동)",02-6952-3676,452051.6029,185983.8367
330,도원동물병원(출장전문),"충청남도 예산군 오가면 충서로 552-47, 3동",,,
331,웜벳동물병원,"충청북도 청주시 서원구 수곡로 98, 한마음2차 10동 106호 (수곡동)",,346716.1238,242118.0223
332,아인동물의료센터,"인천광역시 연수구 해돋이로 160-4, 301,302,303호 (송도동)",032-721-7595,432566.6508,168600.8611
333,서울하이동물의료센터,"경기도 파주시 청암로 75, 상상메디컬프라자 2층 203호 (다율동)",,,
334,건강한동물병원,전라남도 영암군 영암읍 서남역로 22,,144604.2205,172036.3323
335,늘봄 동물병원,"충청남도 천안시 서북구 직산읍 봉주로 17, 삼은리 빌딩 1층 102호",041-585-7575,375077.3447,213166.6076
336,광진동물의료센터,서울특별시 광진구 광나루로 507 (구의동),02-457-4545,449223.7496,207526.5902
337,소나무동물병원(출장전문),강원특별자치도 횡성군 횡성읍 문정로 9-1,,443589.4984,287029.1174
338,동물진료법인피케이동물병원,대전광역시 동구 한밭대로 1249 (용전동),426362947,317387.4178,239076.7349
339,합천동물병원,"경상남도 합천군 합천읍 동서로 51-1, 1층",,230341.6492,304922.2377
340,청송영양축협 동물병원(출장진료전문),경상북도 청송군 진보면 진보로 264,054-873-1195,338739.3514,384382.3802
341,이로운동물병원,경상북도 구미시 선산읍 조남로 194-20,,305100.3432,319040.5078
342,안양동물병원,경기도 안양시 만안구 안양로 347 (안양동),031-466-0075,,
343,수현동물병원,"전라남도 함평군 함평읍 광남길 14, 101호",,173969.3726,155815.8597
344,해마루 동물병원,경기도 성남시 분당구 황새울로319번길 8-6 (서현동),031-781-2992,431519.9705,210654.9866
345,로얄동물외과수술센터,"서울특별시 중랑구 동일로 640, 지하1, 지상4층 (면목동)",070-8660-0936,453914.6398,207017.8153
346,반려동물병원,경기도 파주시 조리읍 내산길 9,,471656.6507,182800.509
347,정이동물병원,"전라남도 강진군 강진읍 향교로 82, 103호",,127577.2304,179091.8306
348,YJ Animal Clinic,"경기도 수원시 권선구 권선로 715, 2층 일부호 (권선동)",,417421.9359,202556.9374
349,국동물병원,"전라남도 화순군 능주면 죽수길 43, 102호",,165374.5379,196207.3214
350,통영숲동물의료센터,"경상남도 통영시 광도면 죽림1로 79, 골프의모든것",055-648-8456,154033.9421,329901.7028
351,가람동물병원,대구광역시 달서구 월곡로 249 (상인동),053-639-6366,258493.3668,339051.3909
352,제이엘동물병원,"대구광역시 달서구 월서로 125, 1,2층 (대천동)",053-652-7582,258492.7778,337493.7432
353,광장동물병원,대구광역시 달서구 달구벌대로 1736 (두류동),053-653-5549,262955.0098,340408.7186
354,용산종합동물병원,대구광역시 달서구 달구벌대로 1658 (감삼동),053-562-1132,262613.9175,339717.0356
355,온누리동물병원,대구광역시 달서구 달구벌대로 1220 (이곡동),053-584-2757,262290.5016,335505.8188
356,문종합동물병원,대구광역시 달서구 달구벌대로 1328 (이곡동),"582-3363,562-1729",262206.6314,336561.1777
357,세림종합동물병원,"대구광역시 달서구 구마로 218, 2층 (송현동)",053-652-0815,260737.6098,340112.7269
358,미르동물병원,대구광역시 달서구 달구벌대로 1223 (이곡동),581-7535,262361.3595,335541.0651
359,박순복동물병원,대구광역시 동구 아양로 246 (효목동),,266424.897,347999.8257
360,이스턴24시동물병원,대구광역시 동구 반야월로 140 (신기동),,264973.5831,353801.8563
361,쿨펫동물병원,"대구광역시 동구 안심로 389-2 (신서동, 이마트 2층)",965-7975,264777.2436,355939.3623
362,쿨펫동물병원,"대구광역시 동구 안심로 80 (율하동,롯데마트 4층 동물병원)",536072754,264480.5655,352868.5366
363,앨리스동물병원,"대구광역시 동구 안심로 389, 1층 (신서동)",053-963-0775,264626.115,355865.6115
364,성서종합동물병원,대구광역시 달서구 이곡공원로 36 (이곡동),053-585-1119,262695.8269,336449.9875
365,오 동물병원,대구광역시 달서구 조암로 42 (월성동),053-641-1050,259353.8044,337759.139
366,두류동물병원,대구광역시 달서구 성당로 21 (성당동),622-7585,261033.0261,340738.8038
367,킴스동물병원,대구광역시 동구 화랑로 413 (방촌동),744-5757,265368.4466,350675.1445
368,변수의과동물병원,대구광역시 동구 동촌로 154 (검사동),983-2069,266132.4377,349614.2679
369,21세기종합동물병원,대구광역시 동구 아양로 216 (효목동),959-0121,266318.7678,347722.3753
370,동대구동물의료센터,"대구광역시 동구 신암로 70, 2층 (신암동)",942-0805,265348.2079,345153.9698
371,이끌림동물병원,대구광역시 동구 화랑로 429 (방촌동),944-8575,265334.038,350843.0613
372,대구동물병원,"대구광역시 동구 동부로 34, 2층 (신천동)",426-7011,264966.5449,345909.7883
373,율하동물병원,"대구광역시 동구 율하서로 54, 101,102호 (율하동)",964-7588,264066.456,352654.3187
374,박물관옆동물병원,"대구광역시 달서구 구마로 136, 1층 (본동)",053-526-8234,260743.6357,339291.289
375,25시종합동물병원,"대구광역시 달서구 월배로 330-1, 1층 (송현동)",053-651-1101,259405.6588,339718.2355
376,헬로우동물병원,대구광역시 달서구 선원로 262 (용산동),592-5930,263103.5922,337345.8128
377,어진종합동물병원,대구광역시 달서구 월배로 182 (상인동),638-8275,258559.7138,338561.6534
378,이시아동물병원,"대구광역시 동구 팔공로 320-1, 1층 106호 (봉무동)",,270920.4076,348119.8381
379,열린동물병원,대구광역시 동구 아양로 17 (신암동),952-7227,265809.6496,345859.6314
380,봄이온동물병원,"대구광역시 동구 경안로 847, 1층 107~109호 (각산동)",053-962-3264,265567.5422,354683.3412
381,허동물병원,"대구광역시 수성구 명덕로 421, 4호 (수성동2가)",752-7535,262812.7212,345939.1231
382,수성동물병원,대구광역시 수성구 수성로 151 (중동),763-8855,261085.7257,345567.7426
383,초록동물병원,대구광역시 달서구 월배로 79 (진천동),053-638-1558,258174.133,337587.8554
384,올펫 동물병원,대구광역시 수성구 수성로 85 (상동),764-7582,260438.539,345516.4336
385,다원 동물병원,대구광역시 수성구 달구벌대로 3258 (신매동),792-0788,261119.6202,354632.2857
386,수성 메트로 동물병원,대구광역시 수성구 국채보상로 1006 (만촌동),755-8355,264089.2056,348081.2983
387,위드동물병원,대구광역시 달서구 월배로 93 (진천동),053-639-0788,258214.0569,337743.9881
388,두남자동물병원,대구광역시 달서구 월배로 48 (진천동),053-721-7585,258055.9111,337310.245
389,하나동물병원,대구광역시 달서구 조암남로 9 (상인동),053-631-5575,259103.1345,338360.9422
390,이룸동물병원,대구광역시 달서구 한실로 99 (도원동),053-636-8272,257406.5448,338919.9668
391,애플동물병원,"대구광역시 달서구 진천로 78, 2층 (진천동)",053-633-1175,258327.4785,337643.3537
392,라파동물병원,"대구광역시 달서구 장기로 245, 1층 (장기동)",053-557-7582,261439.1881,338847.9666
393,죽전동물메디컬센터,"대구광역시 달서구 달구벌대로 1580, VIP빌딩 1,2,3층 (감삼동)",053-563-7585,262260.2085,339032.202
394,미소동물병원,대구광역시 달서구 와룡로 156 (감삼동),053-565-7175,261793.8685,338834.0754
395,24시프라임동물병원,대구광역시 달서구 비슬로 2746 (대곡동),053-631-9966,257736.0284,336899.4654
396,이솝동물병원,대구광역시 달서구 비슬로 2692 (대곡동),536310209,257483.2682,336426.7326
397,앨리스in동물병원,"대구광역시 달서구 조암로 4, 105호 (월성동, 그루메디컬)",053-638-7585,259533.4922,338114.2953
398,본리종합동물병원,대구광역시 달서구 용산로 52 (장기동),053-567-8275,261308.0056,338237.897
399,본 동물메디컬센터 외과동물병원,"대구광역시 달서구 월곡로 330-1, 1,2,3층 (상인동)",053-634-7582,259111.0577,338578.0013
400,해맑은동물병원,"대구광역시 달서구 월배로 80, 401동 1층 127호 (진천동, 진천역 대성스카이렉스 상가)",053-633-8811,258084.5215,337646.4648
401,한마음종합동물병원,대구광역시 달서구 두류공원로 267 (두류동),053-555-7585,262980.5479,340628.2168
402,탑스동물메디컬센터,"대구광역시 달서구 월배로 166, 1, 2, 5층 (상인동)",053-637-7501,258465.723,338403.6301
403,이곡종합동물병원,대구광역시 달서구 이곡공원로 19 (이곡동),053-581-7582,262745.8389,336289.8392
404,아프리카 동물병원,대구광역시 북구 침산로 116 (침산동),053-291-3336,266304.4694,343652.7411
405,북부동물병원,대구광역시 북구 대현로 27 (대현동),053-941-0553,266253.209,344723.1824
406,준 동물병원,대구광역시 북구 공항로 12 (복현동),053-475-00799,267577.4967,345891.3233
407,라라(Lara) 동물병원,"대구광역시 북구 침산로 153, 101동 1층 A1호 (침산동, 명성푸르지오)",341-1155,266594.6065,343538.5631
408,태전동물병원,대구광역시 북구 칠곡중앙대로 373 (태전동),053-357-7588,270978.8417,339580.3315
409,키다리동물병원,"대구광역시 북구 학정로 440, 101호 (구암동, 동재빌딩)",053-312-7553,272624.3254,341072.1288
410,올리브동물병원,"대구광역시 북구 동북로 131, 105동 108,9호 (산격동, 양우내안에아파트 상가)",053-383-0075,268011.4706,345111.3219
411,가온동물병원,대구광역시 북구 서변로 65-1 (서변동),053-958-0075,270198.0591,344020.9245
412,경북가축병원,대구광역시 북구 팔달로41길 12 (노원동2가),352-5630,266487.1882,341995.3859
413,칠곡종합동물병원,"대구광역시 북구 칠곡중앙대로 301, 102호 (태전동)",053-311-8275,270241.4875,339514.1035
414,가람가축병원,경상북도 김천시 양금로 249 (황금동),054-432-2292,291238.1792,301117.0907
415,두산동물병원,경상북도 김천시 자산로 104 (성내동),054-434-6961,291708.3526,300834.528
416,삼양가축병원,경상북도 김천시 김천로 65 (평화동),054-434-6455,292314.9901,299880.6767
417,우정 팜 크리닉,경상북도 김천시 구름다리2길 33 (평화동),054-439-0118,292288.0036,300533.2907
418,가야동물병원,경상북도 김천시 김천로 188 (남산동),054-430-8275,291565.044,300847.8724
419,지수동물병원,경상북도 김천시 부곡맛고을1길 87 (부곡동),054-435-8575,292073.6232,298375.2666
420,녹십자동물병원,"경상북도 김천시 양금로 195, 2층 (황금동)",054-435-7533,290719.5582,301004.4795
421,금오산낙협동물병원,,,,
422,금오산낙농축협동물병원,경상북도 김천시 공단1길 164 (대광동),054-433-3130,294870.5264,302245.5637
423,미래동물병원,경상북도 김천시 자산로 184 (성내동),054-433-7582,292365.3026,300595.9857
424,김천연합동물병원,"경상북도 김천시 시청로 95, 휴먼시아A동 상가2층 (신음동, 대신휴먼시아)",054-436-7577,293506.0861,300374.4693
425,구담가축병원,경상북도 안동시 풍천면 구담배나들길 33-3,,338888.4572,331200.1332
426,서울종합동물병원,경상북도 안동시 제비원로 118 (옥야동),853-8008,341561.8637,354001.8509
427,보경종합동물병원,"경상북도 안동시 제비원로 113-16, 333동 120호 (당북동)",841-0025,341550.4013,353940.4769
428,안동제1 동물병원,경상북도 안동시 옥동1길 2 (옥동),852-7582,341053.1551,352071.4981
429,경상북도 야생동물 구조관리센터,경상북도 안동시 도산면 퇴계로 2150-44,054-840-8251,357671.9662,363148.4728
430,풍산동물병원,경상북도 안동시 풍산읍 풍산태사로 1077-2,054-858-5120,342915.1995,340964.368
431,BAC 바른동물병원,경상북도 안동시 남후면 풍산단호로 471,,340333.6068,343062.4125
432,대구가축병원,경상북도 안동시 제봉길 36 (노하동),054-858-2233,341468.11,351528.2491
433,연합가축병원,경상북도 안동시 제비원로 135 (당북동),054-853-6676,341726.3039,353947.2616
434,황동물병원,경상북도 안동시 제비원로 109 (당북동),054-853-6675,341477.8731,353952.364
435,보우종합동물병원,경상북도 안동시 제비원로 289-1 (안기동),855-7100,343172.6568,353637.286
436,안동봉화축협동물병원,"경상북도 안동시 제비원로 152, 안동봉화축협 (광석동)",858-8530,341897.559,354009.0855
437,영민동물병원,경상북도 안동시 경북대로 555 (송현동),054-858-8575,343233.2676,351878.7336
438,신세계동물병원,경상북도 안동시 퇴계로 127 (명륜동),054-858-7553,342246.6446,354883.3928
439,Central 동물병원,"인천광역시 연수구 센트럴로 194, C동 128호 (송도동, 더샵센트럴파크2차상가)",032-815-7582,432551.8997,168141.7087
440,반딧불 동물병원,"경기도 고양시 일산서구 중앙로 1443, 가람상가 208호 (주엽동)",904-2345,463140.2118,178734.0352
441,금강동물병원,충청남도 공주시 의당면 의당전의로 463,,335664.5692,215811.8169
442,한국동물병원,충청남도 공주시 장기로 139-4 (금흥동),,331274.678,213812.1009
443,수동물병원,"충청남도 아산시 영인면 윤보선로 132, (2호)",,376221.2704,200017.8546
444,아산동물의료센터,충청남도 아산시 용화고길79번길 21 (용화동),,363668.8991,200963.2578
445,수안동물병원(출장진료전문),충청남도 아산시 둔포면 충무로 1779,,380980.4842,203052.6733
446,선동물병원(출장진료전문),"충청남도 아산시 번영로216번길 36, 30호 (모종동, 신정아파트)",,364440.3585,201129.6018
447,명동물병원,"충청남도 아산시 번영로 83, 명종합동물병원 (온천동)",041-549-2222,365060.1386,199924.0515
448,안 수의과병원,"충청남도 아산시 번영로216번길 36, 1층 20호 (모종동, 신정아파트)",,364440.3585,201129.6018
449,숲속동물병원,충청남도 아산시 배방읍 모산로126번길 6,,363637.1956,204973.996
450,우사랑동물병원,충청남도 홍성군 홍성읍 내포로136번길 10,,343910.5994,169098.6191
451,임만수 동물병원,충청남도 홍성군 홍성읍 충서로 1222-5,416310970,342744.9087,169219.4801
452,대산 동물병원,"충청남도 홍성군 홍성읍 조양로 203, 1, 2층",416333715,344414.4778,170615.061
453,닥터차 동물병원,충청남도 홍성군 홍북읍 청사로 146,,350693.7752,171259.7743
454,가나동물병원,충청남도 아산시 온천대로 1525 (온천동),534-7582,364396.1728,200582.9657
455,아산축산업협동조합(동물병원),충청남도 아산시 염치읍 충무로 471-30,041-544-7744,368747.9528,200564.8283
456,중부벳동물병원,"충청남도 아산시 배방읍 장재로 27, 103호 (천안아산역 리슈빌)",041-533-3548,365043.9967,209914.5141
457,건국동물병원(출장진료전문),충청남도 아산시 둔포면 충무로 1779,,380980.4842,203052.6733
458,닥터K동물병원,"경기도 안산시 단원구 초지2로 67, 한미타워 110호 (초지동)",401-0275,422745.2608,183620.2664
459,이동물병원,충청남도 아산시 둔포면 둔포면로  12-8,549-2222,380691.7401,203268.6639
460,김광수동물병원,충청남도 아산시 청운로 159 (권곡동),545-6796,365202.3225,200727.0422
461,정강동물병원,충청남도 아산시 번영로216번길 36 (모종동),544-8556,364440.3585,201129.6018
462,온양동물병원,충청남도 아산시 번영로 133 (온천동),041-541-1222,364988.6009,200429.481
463,배방동물병원,충청남도 아산시 배방읍 북수서로 32,041-541-0275,363542.1627,206160.6631
464,주앤동물병원,충청남도 아산시 중앙로 10 (용화동),041-547-0275,363838.7025,200148.3463
465,한원동물병원,충청남도 아산시 둔포면 둔포면로17번길 18,,380861.996,203128.153
466,충무가축병원,충청남도 아산시 시민로 467-41 (온천동),415453334,365372.675,199657.4479
467,내포동물병원,충청남도 홍성군 홍성읍 월산로50번길 3,,344214.133,168363.2036
468,서천가축병원,"충청남도 서천군 서천읍 서천로14번길 25, 서천가축병원",9530460,286234.0377,172653.4369
469,서해동물병원,"충청남도 서천군 서천읍 충절로49번길 26, 서해동물병원",,286247.4099,171913.0008
470,최가축병원,충청남도 서천군 한산면 한마로 65,041-951-1616,287310.0565,182190.1772
471,국립생태원동물병원,충청남도 서천군 마서면 금강로 1210,041-950-5875,281026.1957,175045.1391
472,초원동물병원,"충청남도 부여군 규암면 계백로 10, 3층",,308165.4404,189277.9973
473,금강동물병원,충청남도 부여군 부여읍 성왕로 202,835-2198,309093.5146,191852.8962
474,서울동물병원,충청남도 부여군 은산면 충의로 666-1,,311959.6544,186728.5956
475,부여동물병원,"충청남도 부여군 부여읍 나성로 108, 1동 1층",,309263.5748,191765.0871
476,백동물병원,충청남도 부여군 부여읍 성왕로 182,835-3760,308923.3052,191722.6629
477,한라동물병원,충청남도 부여군 부여읍 부장대로 4,041-832-8321,308408.7339,191453.8085
478,남부여동물병원,충청남도 부여군 부여읍 성왕로 190-1,041-833-8275,308991.5493,191779.168
479,심동물병원,충청남도 부여군 규암면 계백로 76,070-8826-5882,308336.3187,189883.8742
480,노아동물병원,충청남도 금산군 금산읍 인삼로 89 (노아동물병원),754-3058,289268.1378,244192.1615
481,우신동물병원,충청남도 금산군 금산읍 오리정1길 45,753-8128,289490.5597,243873.8346
482,가믄장 동물병원,충청남도 금산군 금산읍 금산로 1444,751-8880,289236.8659,243923.5104
483,푸른가축병원,충청남도 당진시 무수동로 109 (읍내동),,376598.1209,167555.483
484,종합동물병원,"충청남도 당진시 신평면 덕평로 1273, 1층 104호",041-363-6288,374200.3285,178040.7343
485,당진낙협동물병원,충청남도 당진시 합덕읍 남부로 1377,350-8700,369882.7264,176000.296
486,건국동물병원,충청남도 당진시 당진중앙3로 89 (읍내동),,376904.0012,166945.5879
487,정가축병원,충청남도 당진시 당진중앙2로 17-5 (읍내동),,376778.1915,166631.2721
488,백제 가축병원,충청남도 당진시 합덕읍 합덕시장로 188,,367504.9489,179809.0118
489,백 동물병원,충청남도 당진시 무수동로 77 (읍내동),,376440.9896,167557.6235
490,충남 동물병원,충청남도 당진시 운학길 26 (채운동),,376966.0462,166417.8301
491,충청동물병원,"충청남도 당진시 합덕읍 운산로 103, 충청동물병원",,367094.3412,179181.7698
492,거산동물병원,충청남도 당진시 신평면 거산3거리길 4 (거산동물병원),363-2550,375260.9954,177886.7424
493,참 좋은 동물병원,충청남도 당진시 면천면 동문1길 15-4,,368499.7309,170386.8283
494,당진종합 동물병원,충청남도 당진시 무수동로 36 (대덕동),352-6141,376227.2122,167602.5279
495,행담 동물병원,"충청남도 당진시 당진중앙1로 227, 상록서점 (읍내동)",352-8575,377486.6553,167406.0387
496,한울 AHC동물병원,"충청남도 당진시 순성면 순성로 419, 가동",,371350.5975,173636.4754
497,당진축협동물병원,"충청남도 당진시 무수동7길 42, 축협배합사료공장 (읍내동)",041-350-5568,376470.1374,167973.5994
498,현대동물병원,충청남도 당진시 우두로1길 2 (우두동),356-8575,377777.918,167178.1429
499,센트럴동물병원,"충청남도 당진시 당진중앙2로 447 (수청동, 로뎀타워 104동)",041-352-7588,377749.4017,168469.3066
500,제일팜산업동물병원,"충청남도 당진시 대덕1로 125-84 (대덕동, 카이저)",357-1445,375949.524,168423.1988
501,우리동물병원,충청남도 당진시 우강면 면천로 1783,363-0600,367854.9925,180494.2769
502,강한우리동물병원,"충청남도 당진시 우강면 면천로 1783, 1층 2호",,367854.9925,180494.2769
503,김수의과동물병원,충청남도 홍성군 광천읍 홍남로606번길 2,,333735.3424,165698.1099
504,홍성종합동물병원,충청남도 홍성군 홍성읍 의사로43번길 7-5,,344503.6559,170428.7865
505,세종동물병원,충청남도 홍성군 홍성읍 조양로 196,634-1335,344396.5429,170512.5415
506,홍성낙협동물병원,충청남도 홍성군 홍성읍 의사로64번길 32,632-4495,344496.8126,170553.2552
507,충남동물병원,"충청남도 계룡시 엄사면 엄사중앙로 93, 지하 1층",,309841.7644,221634.4016
508,신화,충청남도 서산시 안견로 247-1 (동문동),,364167.9573,151371.8905
509,홍성낙협서산지점,충청남도 서산시 부춘1로 47 (읍내동),667-6171,365088.4378,150418.0423
510,정 동물병원,충청남도 서산시 고운로 329 (잠홍동),,365145.3023,152695.2603
511,로얄동물병원,충청남도 서산시 안견로 256 (동문동),,364194.6705,151285.0863
512,답21동물병원,충청남도 서산시 호수공원12로 13 (예천동),,363557.8898,150635.9557
513,김도균동물병원,충청남도 서산시 음암면 도당큰말길 4,,366616.9859,156869.2309
514,한서동물의료센터,충청남도 서산시 율지6로 42 (동문동),665-7588,364320.3951,151992.6
515,성심동물의료센터,"충청남도 서산시 안견로 312, 서원빌딩 (읍내동)",,364158.2233,150734.0921
516,서산동물병원,충청남도 서산시 예천9로 5-1(예천동),041-667-5525,362958.1038,150979.8256
517,우성농협,충청남도 공주시 우성면 동대리길 78,853-6005,329830.9362,204599.126
518,강북종합,충청남도 공주시 번영1로 54 (신관동),,330162.8437,211964.8372
519,차동물병원,충청남도 보령시 대흥로 77 (대천동),,316784.5769,163172.5246
520,김동물병원,충청남도 보령시 중앙로 105 (대천동),,316822.6625,163347.9044
521,충남동물병원,충청남도 보령시 천북면 홍보로 417-1,935-1455,330505.1323,157371.3515
522,제일동물병원,충청남도 보령시 번영로 30 (대천동),936-7582,316803.1346,163377.8331
523,한우사랑동물병원,충청남도 공주시 사곡면 해월길 50-50,,334695.4549,201398.7491
524,중앙동물병원,충청남도 공주시 웅진로 235 (금성동),041-853-1474,328883.235,211036.0059
525,한울메디벳,충청남도 공주시 우성면 우성길 162,,330708.4294,206993.6998
526,태성동물병원,충청남도 공주시 소학동길 133(소학동),,327482.6874,213400.5214
527,금비동물병원,충청남도 공주시 관골1길 63 (신관동),041-856-8082,330327.4944,212065.9146
528,김신환동물병원,충청남도 서산시 안견로 203 (동문동),,364436.7879,151683.6437
529,여한경,"충청남도 서산시 안견로 190, 서산공용버스터미널 (동문동)",,364605.9904,151602.1238
530,우리,"충청남도 서산시 안견로 231, 전망빌딩 (동문동)",,364212.2975,151535.6693
531,고려동물병원,충청남도 서산시 안견로 263 (동문동),,364134.1731,151230.5385
532,해미성,충청남도 서산시 해미면 남문6로 3,,357045.6824,159148.2965
533,농협 한우개량사업소 가축병원,"충청남도 서산시 운산면 해운로 666, 농협중앙회가축개량사업소별관",041-661-4681,362859.0874,161060.7825
534,노아동물병원,"충청남도 계룡시 엄사면 번영로 56, 1층",,309843.2255,221407.8424
535,신도안동물병원,충청남도 계룡시 엄사면 전원로 8-1,042-841-7533,310000.9333,221634.5705
536,공주동물병원,충청남도 공주시 왕릉로 141-1 (금성동),,329278.755,210917.385
537,충남,충청남도 공주시  웅진로  98-3 (중학동),,327585.2636,211028.0297
538,대관령,충청남도 공주시 웅진로 209 (산성동),,328695.6416,211104.9396
539,이기영,충청남도 공주시 감영길 7 (반죽동),,327999.382,210871.2153
540,신동,충청남도 공주시 공주대학로 23-44 (신관동),,329735.638,212094.3575
541,신흥동물병원,충청남도 홍성군 광천읍 홍남로 664,,333632.1638,166292.3341
542,임창일동물병원,충청남도 홍성군 광천읍 광천로 295,642-2003,333344.1375,166399.4554
543,충남동물병원,충청남도 홍성군 홍성읍 조양로 141,632-7775,344577.5014,170013.5753
544,세종공주축협동물병원,충청남도 공주시 내산목천길 92 (월미동),,332766.4126,208939.5128
545,보령동물병원,충청남도 보령시 한내로 21 (동대동),934-0013,316375.0681,164596.1758
546,홍성낙농협동조합 천북동물병원,충청남도 보령시 천북면 하궁길 13,641-9332,331233.8374,157596.213
547,바른동물병원,충청남도 보령시 명천중앙길 49 (궁촌동),,315785.9568,163824.6495
548,훈 동물병원,충청남도 보령시 동현로 12 (동대동),041-934-0279,316826.2011,164816.6833
549,캐비어동물병원,충청남도 논산시 계백로 1006-3 (취암동),734-8276,300311.9055,207915.8867
550,호크종합동물병원,충청남도 논산시 중앙로398번길 2 (취암동),736-8875,299909.1543,207977.3011
551,피그헬스동물병원,충청남도 논산시 연무읍 득안대로 467,,291623.8066,211542.0258
552,봉 동물병원,충청남도 논산시 부적면 마구평1길 6,,301606.0751,211339.8938
553,데일리동물병원,충청남도 논산시 시민로 417 (취암동),041-734-7511,300103.6263,207688.3089
554,논산계룡축협 동물병원,충청남도 논산시 시민로194번길 1 (내동),,298264.4111,208827.3199
555,비글구조네트워크 동물메디컬센터,충청남도 논산시 벌곡면 검천길 272,,297061.5162,224123.4429
556,해맑은동물병원,"충청남도 천안시 서북구 두정로 142, 오성빌딩 201호 (두정동)",,370246.5778,211744.165
557,펫가든동물병원,"충청남도 천안시 서북구 성정두정로 1, 2층 (성정동, 롯데마트)",563-0075,369462.286,212478.6637
558,백석동물병원,"충청남도 천안시 서북구 백석3로 134, 108호 (백석동,대건플라자)",,368967.0928,211082.5147
559,굿모닝24시동물병원,"충청남도 천안시 서북구 쌍용대로 43 (쌍용동, 진주빌딩)",576-7552,366661.6101,211650.4706
560,한일동물병원,충청남도 예산군 예산읍 역전로 70,332-8275,353818.9782,184696.6906
561,세종팜스,충청남도 공주시 장척로 76 (송선동),,331602.8601,215557.3745
562,천안공주낙농농협동물병원,충청남도 공주시 신덕마을길 5 (신관동),,330491.3199,210763.6135
563,중앙가축병원,충청남도 공주시 웅진로 235 (금성동),,328883.235,211036.0059
564,한길동물병원,충청남도 홍성군 홍성읍 충서로1707번길 337,631-5735,345217.9619,171180.1874
565,신베트,"충청남도 홍성군 홍성읍 법원1길 12, 203호",634-8767,344391.5595,168761.576
566,피그월드 동물병원,"충청남도 홍성군 홍성읍 백월로 86, 102호",633-4287,344071.021,167723.9739
567,강남동물병원,충청남도 홍성군 홍성읍 조양로 190,631-7582,344409.106,170451.6562
568,홍성축협 동물병원,충청남도 홍성군 홍성읍 구항길 389,,343118.4715,167590.5871
569,강영석동물병원,충청남도 홍성군 홍성읍 조양로151번길 25,041-633-4200,344660.8124,170123.3836
570,페트로 동물병원,충청남도 천안시 서북구 성정중4길 3 (성정동),555-1075,369597.6735,211839.8916
571,뿌리동물병원,충청남도 공주시 유구읍 중앙1길 88,,339041.2913,195555.6164
572,논산동물병원,충청남도 논산시 중앙로 504 (대교동),735-3113,300776.0527,207359.4812
573,중앙동물병원,충청남도 논산시 중앙로480번길 42 (반월동),735-3490,300617.1271,207845.9832
574,서동물병원,충청남도 논산시 강경읍 옥녀봉로19번길 38-1,745-4376,295365.3645,201255.9465
575,가나동물병원,충청남도 논산시 연무읍 안심로127번길 11-2,"742-4287,8",292244.8653,208847.1618
576,연산동물병원,충청남도 논산시 벌곡면 대둔로 825-6,,300826.4615,223917.9997
577,충남동물병원,충청남도 논산시 부적면 백일헌로 25,,301593.0369,212887.6652
578,금강축산가축병원,충청남도 논산시 연무읍 안심로 200-1,,292297.3223,207956.3598
579,논산계룡축협 동물병원,충청남도 논산시 시민로194번길 1 (내동),041-730-2200,298264.4111,208827.3199
580,유명동물병원,충청남도 논산시 관촉로 288 (취암동),733-4290,300431.3572,208088.7189
581,우리생명과학동물병원,충청남도 논산시 성동면 원봉길 7,,301089.3384,204830.8026
582,한빛동물병원,"충청남도 천안시 서북구 두정로 114, 102호 (두정동, 두정빌딩)",567-7577,370260.843,211472.5821
583,엔젤동물병원,"충청남도 천안시 서북구 서부대로 412, 1층 (쌍용동)",,366957.5922,211342.8599
584,현대 동물 병원,충청남도 태안군 안면읍 구억말길 18-21,673-1523,335423.2844,141486.0541
585,선 동물 병원,충청남도 태안군 태안읍 환동로 72-2,672-0679,361575.3978,136920.1936
586,태안 동물병원,충청남도 태안군 태안읍 후곡로 111 (진경빌딩 1층),041-675-8275,360809.044,137725.6496
587,최기중 동물병원,충청남도 태안군 태안읍 중앙로 31-2,041-672-0346,361848.1244,136841.0682
588,이창석 동물병원,충청남도 태안군 태안읍 동백로 206,041-675-3378,361433.8295,136859.6501
589,라온 반려 동물병원,"충청남도 태안군 태안읍 중앙로 144, 1층 (동안아파트)",041-675-4675,361217.8026,137775.3347
590,다함동물병원,"충청남도 천안시 서북구 한들2로 8, 1층 101호 (백석동, 정석프라자빌딩)",041-554-0075,369135.569,210536.796
591,한빛동물병원,"충청남도 천안시 서북구 성환읍 종합시장길 31, 1층",,379855.2369,211415.9803
592,웰니스동물병원,충청남도 천안시 서북구 삼성대로 20 (백석동),567-7552,370795.6531,210827.4596
593,불당동물병원,"충청남도 천안시 서북구 검은들3길 48 (불당동, 현대프라자)",041-523-0079,367642.93,209638.155
594,나우동물의료센터,"충청남도 천안시 서북구 동서대로 7, 2층 (백석동, 이현빌딩)",041-555-2575,369209.4127,211028.7004
595,천안모아동물병원,"충청남도 천안시 서북구 불당34길 26, 1층 9,10,11호 (불당동)",041-554-7700,367328.9179,209444.884
596,정다운동물병원,"충청남도 천안시 서북구 불당25로 192, 124호 (불당동, 골든주차타워)",041-557-7553,368547.5121,209653.4805
597,제이동물병원,"충청남도 천안시 서북구 공원로 120, 천안불당2차 중흥s클레스 프라디움레이크 상가3동 103,104호 (불당동)",041-549-7582,365970.9606,208820.7882
598,중앙동물병원,충청남도 청양군 청양읍 칠갑산로 236-2,041-943-2326,327778.022,182228.556
599,정산가축병원,충청남도 청양군 정산면 칠갑산로 1912,041-942-9978,323448.3205,195450.4533
600,종합동물병원,충청남도 청양군 청양읍 칠갑산로 256,041-943-8275,327750.7429,182423.5783
601,지팡이 동물병원,충청남도 청양군 정산면 효자길 35,,323200.7473,195275.6667
602,미래동물병원,충청남도 청양군 청양읍 문화예술로 109,041-942-7062,327589.9556,181825.5795
603,나무동물병원,경기도 여주시 청심로 17-7 (하동),031-885-7475,422310.74,255103.705
604,안양축협동물병원,"경기도 안양시 만안구 안양로 374-1, 3층, 지하층 (안양동)",031-443-3841,433624.7221,192570.5584
605,형제동물병원,"경기도 안양시 만안구 안양로 212 (안양동, 태신주상복합)",031-446-7575,,
606,한빛동물병원,"경기도 안양시 동안구 흥안대로 110, 1층,지층 (호계동)",031-429-7575,429751.1758,196113.5408
607,건국동물병원 (출장진료 전문),경기도 평택시 청북읍 율북로 13,665-7763,394471.6848,198358.2365
608,한호동물병원,"경기도 평택시 송탄로 200, 1층 (서정동)",031-611-5736,395549.8335,205143.4303
609,제갈동물병원 (출장진료 전문),경기도 평택시 청북면 율북로 13,665-0376,394471.6848,198358.2365
610,보람동물병원,경기도 평택시 고덕면 동청1길 35,031-668-9935,394811.6167,200505.4026
611,맥동물병원,경기도 평택시 평택로 80 (평택동),657-1062,388052.9408,207485.1999
612,이모란동물병원,"경기도 평택시 평택로 17, 1층 104호 (평택동, 롯데인벤스 스카이)",655-1101,387444.1961,207845.6552
613,필립동물병원,경기도 평택시 지산로 34 (지산동),611-1766,397470.1263,205148.3879
614,믿음동물병원(출장진료 전문),경기도 평택시 문화촌로11번길 51-11 (비전동),654-2505,388454.625,209985.536
615,PET25시동물병원,경기도 평택시 평택로 69 (평택동),655-6941,387938.6859,207516.742
616,진선동물병원,경기도 오산시 성호대로 36 (오산동),031-374-4644,405254.8806,205721.881
617,오산동물병원,경기도 오산시 성호대로 108 (원동),031-377-7582,405201.8144,206439.0862
618,원 종합동물병원,경기도 오산시 대원로 37-1 (원동),031-374-1175,404971.8193,206382.3625
619,우리동물병원,"경기도 오산시 경기대로 174, 다모아프라자 101,102호 (원동)",031-373-8486,404277.5739,206486.9441
620,미소 동물병원,"경기도 오산시 수청로 189, 웅신아트프라자 104,202호 (금암동)",031-374-2579,408331.9498,204004.3335
621,저스트벳 동물병원,"경기도 오산시 원동로 6, 파크스퀘어 105,106호 (원동)",031-378-1514,404474.5956,206118.2736
622,참동물병원,"경기도 오산시 오산로 91-10 (갈곶동, 광성빌딩 101호)",031-374-1275,403734.3796,206030.2738
623,튼튼동물병원,경기도 평택시 평남로 655 (비전동),651-8272,387879.8551,209478.988
624,이형윤동물병원,"경기도 평택시 중앙2로 79, 1층 (합정동)",031-652-8921,387727.9292,208463.8935
625,two현동물병원,"경기도 평택시 평남로 1050, 1층 103호 (동삭동)",031-657-4671,389814.7352,208354.0591
626,강남동물병원,경기도 평택시 팽성읍 안정쇼핑로 3,031-692-7114,384175.7793,203786.0384
627,오암동물병원,경기도 평택시 안중읍 안중로99번길 13-1,031-682-2470,387590.5082,193467.3984
628,심재훈동물병원,경기도 평택시 탄현로 310-1 (지산동),662-4805,397593.3018,204843.2409
629,수지동물의료원,"경기도 용인시 수지구 수지로 77, 101호 (상현동, 힐프라자)",,422940.9155,206474.205
630,순수동물병원,경기도 용인시 수지구 수지로296번길 30 (풍덕천동),031-262-8700,424557.8241,208115.9237
631,해담은동물병원,"경기도 용인시 수지구 성복1로 106, 107호 (성복동, 벽산프라자)",031-892-7775,423862.2715,205983.2143
632,즐거운동물병원,"경기도 용인시 수지구 성복2로 100, 113호 (성복동, 예반아이엔프라자)",031-272-7583,423723.246,206620.0129
633,성복동물병원,"경기도 용인시 수지구 성복2로76번길 26-3, B101호 (성복동, 드림타워)",263-3575,423695.354,207102.8211
634,삼성안내견학교 부속동물병원,경기도 용인시 처인구 포곡읍 에버랜드로376번길 1-27,031-320-8936,422276.7225,218290.8222
635,죽전예담동물병원,"경기도 용인시 수지구 대지로 58 (죽전동, 선진포리스트)",031-264-7502,425189.4549,210159.3502
636,하임동물병원,경기도 용인시 수지구 포은대로 450 (풍덕천동),031-898-4300,424478.1333,208812.7787
637,어울림동물병원,"경기도 용인시 수지구 신봉2로 115-46, 1층 (신봉동)",031-548-2911,425242.6033,206069.7208
638,광교호수 동물병원,"경기도 용인시 수지구 광교마을로 91, 102,103호 (상현동)",312127515,421754.6407,206551.74
639,죽전 쿨펫동물병원,"경기도 용인시 수지구 포은대로 552, 3층 (죽전동, 이마트)",031-261-7512,424823.6777,209673.344
640,양동진동물병원(출장전문),경기도 양평군 용문면 용문로 331,,442434.5679,252215.4047
641,폴의골목 동물병원,경기도 양평군 서종면 북한강로 817,,456491.7238,230771.1054
642,경기동물병원(출장진료 전문),경기도 평택시 서정역로58번길 30 (서정동),031-666-6501,395373.0364,204789.2684
643,개포동물병원,"경기도 양평군 양서면 양수로 170, 1층",031-771-7278,449274.8864,228007.7443
644,양평가축병원,경기도 양평군 양평읍 양근로 214,031-772-3332,443018.3344,243430.0713
645,참 좋은 동물병원,경기도 양평군 양평읍 시민로 90,031-772-0075,443260.2446,244272.5557
646,용문조아동물병원,경기도 양평군 용문면 용문로 334,031-771-7585,442461.5504,252276.2742
647,용인동물병원,"경기도 용인시 처인구 명지로 17, 2층 202호 (역북동)",332-3070,414743.0845,216708.3241
648,포곡동물병원,경기도 용인시 처인구 포곡읍 전대로 27-2,334-3304,420014.3341,219558.2693
649,정동물병원,"경기도 평택시 안중읍 안중로 94, 105동 (평창빌딩)",031-681-2406,387434.5531,193434.9025
650,웰 동물병원,"경기도 용인시 수지구 광교중앙로 302, 1층 101호 (상현동, 광교지구 블루스퀘어)",031-213-7522,,
651,스카이동물병원,"경기도 용인시 수지구 신봉1로 68, 106,107호 (신봉동)",031-896-7590,424521.993,206866.1328
652,꿈에동물병원,"경기도 용인시 수지구 성복2로 114, 111호 (성복동, 플러스클리닉수지센터)",031-264-1997,423783.6703,206444.5742
653,용인센트럴동물병원,"경기도 용인시 처인구 백옥대로 1058, 남곡빌딩 (김량장동)",321-7510,414282.6003,218619.617
654,마리동물의료센터,경기도 용인시 처인구 백암면 백암로185번길 46,070-8807-8375,406995.6595,232955.1588
655,펫 동물병원,"경기도 용인시 처인구 중부대로 1136, 2층 203호 (삼가동)",031-334-4589,415368.0382,215148.3401
656,스마일동물병원,경기도 용인시 처인구 중부대로 1510 (마평동),,414583.6439,218756.1285
657,에버랜드 동물병원,경기도 용인시 처인구 포곡읍 에버랜드로 199,031-320-8708,420903.9648,219138.4246
658,성심동물병원,경기도 연천군 전곡읍 전곡역로 47,835-0815,502320.1351,205916.8911
659,현대동물의료센터,"경기도 의정부시 충의로 49 (용현동, 용운빌딩)",031-852-3119,470408.4238,207635.8892
660,나은동물병원,경기도 의정부시 회룡로 178 (장암동),031-876-7511,469326.4206,204643.3129
661,펫인쥬동물메디컬센터,"경기도 의정부시 호국로 1336, 탑빌딩 2층 (의정부동)",031-851-0901,471287.9039,204544.135
662,나라동물병원,"경기도 의정부시 오목로 215, 1층 104호 (민락동, 송림프라자)",031-852-7550,471452.5488,208661.5289
663,녹양돌봄동물병원,"경기도 의정부시 비우로 100, 1층 (녹양동)",,472857.4691,203269.3326
664,위즈펫동물병원,"경기도 의정부시 민락로 210, 4층 (민락동, 이마트)",031-852-7502,471192.1568,208951.5421
665,용문동물병원,경기도 양평군 용문면 용문로 353,031-773-3176,442625.3873,252390.9589
666,경기동물메디컬센터,"경기도 오산시 운천로 3 (원동, 101호, 201호)",031-375-8875,404582.1306,206510.1046
667,해피동물병원,"경기도 용인시 기흥구 마북로 141, 104호 (마북동)",287-7275,422356.1395,210757.5847
668,유일동물병원,경기도 양평군 양평읍 미리내길 96,772-2727,442233.9189,247232.4909
669,우람동물병원,경기도 양평군 양평읍 남북로 97,031-772-8275,443365.2858,244356.0316
670,현화동물병원,경기도 평택시 안중읍 안현로서6길 38,686-7582,387025.5775,193264.914
671,안창선동물병원,경기도 평택시 탄현로 276 (지산동),031-665-6252,397261.3932,204869.4139
672,평택축협동물병원,경기도 평택시 안중읍 서해로 1146-20,031-683-3003,388266.1421,194709.2729
673,한주동물병원,경기도 연천군 전곡읍 양연로 1597,,502126.7404,205753.0145
674,사랑동물병원,경기도 연천군 전곡읍 전곡로 140,832-7771,502441.8892,206002.2896
675,혜성동물병원,경기도 연천군 청산면 학담로 93-2,031-833-1722,499429.5776,206245.726
676,한마음동물병원,경기도 용인시 수지구 풍덕천로 113 (풍덕천동),265-7512,424511.3731,208281.7351
677,백암동물병원,경기도 용인시 처인구 백암면 근창로 45,031-336-1245,406877.5081,232802.0242
678,라뽀동물병원,경기도 평택시 송탄로 255 (서정동),031-668-7975,396097.0856,205124.3802
679,블리스 동물의료센터,"경기도 평택시 세교7길 50, JY빌딩 (세교동)",031-666-7582,389408.8785,207882.7621
680,비전동물병원,"경기도 평택시 비전3로 27, 104, 105호 (비전동)",316511175,389007.855,209267.8559
681,송담동물병원,경기도 평택시 안중읍 안현로서8길 35-4 (101호),031-686-7975,386401.4937,192932.5177
682,한동물병원 (출장진료 전문),경기도 평택시 오성면 숙성시장길 65 (명성빌라),031-692-2250,389660.1294,198585.8671
683,김기혁 동물병원 평택동점,경기도 평택시 평택로 84-1 (평택동),031-618-8275,388091.2543,207456.9066
684,세브란스동물병원,"경기도 용인시 수지구 풍덕천로 135, 103호 (풍덕천동, 요진타워)",263-7588,424648.6787,208481.8155
685,리치펫동물병원,"경기도 용인시 기흥구 동백중앙로 177 (중동, 동백씨엘뷰 오피스텔)",031-8005-9725,418715.9814,213568.6135
686,튼튼동물병원,"경기도 용인시 기흥구 죽현로 29, 102호 (보정동, 현대휴먼프라자)",031-265-7505,424170.2994,210023.4461
687,Wellness clinic 동물병원,경기도 용인시 기흥구 용구대로 2457 (보정동),031-283-1357,422612.4123,209271.8409
688,우사랑동물병원(출장전문진료병원),"경기도 용인시 기흥구 사은로 274-2, 3층 (지곡동)",,416895.3802,211903.9561
689,(주)에니멀클리닉컨설팅(출장진료전문병원),경기도 용인시 기흥구 신갈로 85 (신갈동),031-233-2836,419153.7692,209286.0713
690,나라동물병원,경기도 용인시 처인구 포곡읍 포곡로 90,338-7975,418409.3872,219077.9081
691,로얄벳 동물병원,"경기도 용인시 수지구 수지로 203 (신봉동,이마트수지점 3층)",031-263-7585,424204.5818,207318.5729
692,펫스토리 동물병원,"경기도 용인시 수지구 신봉2로 19, 102호 (신봉동,신엘지프라자)",031-276-0282,424729.37,206763.1685
693,강남동물의료센터,"경기도 용인시 수지구 동천로 79, 3층 (동천동)",031-897-7582,426353.5624,208332.2714
694,참누리동물병원,경기도 용인시 수지구 만현로 110 (상현동),031-264-7525,422761.1436,207423.6343
695,AP동물병원,경기도 용인시 수지구 수지로 421 (동천동),031-263-0085,425808.7087,208565.19
696,24시 서울YES동물병원,"경기도 용인시 수지구 현암로 81 (죽전동,벤포스타 101~103호)",,425533.0865,210419.6889
697,애니펫동물병원,"경기도 용인시 수지구 만현로 95, B102호 (상현동, 수지3차쌍용스윗닷홈상가)",031-266-8898,422815.2508,207660.8447
698,영동동물병원,"경기도 용인시 수지구 현암로 136, 101호 (죽전동, 세종프라자)",031-896-3881,425506.2494,210956.3443
699,동일동물병원,"경기도 용인시 수지구 손곡로 107 (동천동, 대영프라자 102호,201호)",031-265-1175,425988.8447,207967.4328
700,구성동물병원,"경기도 용인시 기흥구 연원로 1, 101호 (마북동, 연원마을LG아파트상가)",031-275-7579,422183.3626,209489.76
701,제일종합동물병원,"경기도 용인시 기흥구 강남동로 15, 103호 (구갈동)",031-274-3575,418818.4335,211385.2056
702,에어벳동물병원,"경기도 용인시 기흥구 새천년로16번길 3-2, 월드프라자 101,202호 (신갈동)",031-281-0811,420761.3571,209792.9315
703,보정동물병원,"경기도 용인시 기흥구 보정로 32 (보정동, 지젤스포츠클럽)",031-898-3708,423563.2145,209787.253
704,24시 사람앤동물메디컬센터,"경기도 용인시 수지구 수지로 124, 성복스퀘어/근린생활시설 201~208호 (성복동)",031-262-0306,423412.9844,207019.0839
705,정 동물병원,"경기도 용인시 수지구 만현로 120, SR프라자 112호 (상현동)",031-898-2298,422689.6407,207438.0586
706,에이스 동물병원,"경기도 용인시 수지구 동천로 60, 1층 (동천동)",031-266-2900,426483.2804,208483.5019
707,김대일동물병원,"경기도 평택시 서정역로36번길 98, 1층 (이충동)",031-665-7585,395073.3252,205377.0441
708,펫필드동물병원,경기도 평택시 평택5로114번길 54 (비전동),031-656-8575,388148.0217,209931.2902
709,청북동물병원 (출장진료 전문),경기도 평택시 청북면 청북중앙로 6,,393205.1,193966.8822
710,코리아동물병원,경기도 평택시 중앙로 141 (비전동),656-0524,387910.1019,208717.1527
711,경기도 야생동물 구조관리센터,경기도 평택시 진위면 동천길 132-93,3180086212,403351.2826,210454.5293
712,쿨펫동물병원,"경기도 평택시 평택5로 30, 3층 (합정동, 롯데마트)",031-651-5975,387425.0983,209876.4201
713,굿모닝동물병원(출장전문 진료),경기도 평택시 현덕면 인광2길 58,070-8883-1333,384679.9523,193960.9866
714,맑은숲동물병원,경기도 평택시 추담로 102 (이충동),662-8222,395552.9416,206266.1524
715,안중동물병원,"경기도 평택시 안중읍 안현로서9길 5, 2층",031-683-8764,386132.4743,193120.7648
716,타잔동물병원,"경기도 평택시 비전2로 192 (비전동, 메가타워)",031-651-8879,388783.4883,209885.2011
717,봄날동물의료센터,경기도 평택시 만세로 1842 (비전동),031-8054-7582,389247.0562,209121.1231
718,국립축산과학원 축산자원개발부 동물병원,경기도 평택시 팽성읍 노와2길 48-16,041-580-3409,382933.7672,208510.004
719,마음가득동물병원,"경기도 평택시 송탄로 147, 태광 1층 (이충동)",031-667-8275,395024.4165,205175.2917
720,애견종합병원,경기도 용인시 처인구 금령로 26 (김량장동),335-8275,414768.4371,217583.4466
721,주주동물병원,"경기도 용인시 기흥구 구갈로 94 (구갈동, 주주동물병원)",031-284-8875,420086.405,209820.66
722,용인축협동물병원,"경기도 용인시 처인구 고림로 140, 1, 3층 (고림동)",031-339-7498,415796.2746,219414.9201
723,행복동물병원,"경기도 용인시 처인구 모현읍 백옥대로 2362, 왕산태권도학원",031-334-7580,425845.5308,222018.2946
724,양지종합동물병원,경기도 용인시 처인구 양지면 중부대로 2219,031-338-7588,414664.6484,225368.109
725,닥터페티앙동물병원,경기도 용인시 처인구 명지로 185 (남동),313357578,413866.4201,217312.9726
726,강 동물병원,경기도 용인시 처인구 백암면 백암로185번길 46,,406995.6595,232955.1588
727,김재원 동물병원,경기도 용인시 처인구 원삼면 죽양대로 1982,031-322-8875,412471.1591,228548.0368
728,Dr.J동물병원,"경기도 용인시 기흥구 흥덕2로87번길 18 (영덕동, 이씨티)",031-215-7975,419313.9552,206306.3019
729,흥덕종합동물병원,"경기도 용인시 기흥구 흥덕중앙로 59 (영덕동, 용인흥덕노블레스흥덕노블레스)",031-217-7119,419395.7526,206466.7165
730,파우동물병원,"경기도 용인시 수지구 현암로125번길 6, 105호 (죽전동, 그린프라자)",898-0330,425585.0488,210878.9001
731,정다운종합동물병원,"경기도 용인시 수지구 수지로112번길 11, 1층 104호 (성복동)",031-272-1199,423400.6953,207061.205
732,로얄펫동물병원,경기도 의정부시 신흥로 171 (의정부동),879-4478(9),469879.2707,203749.2789
733,민락동물병원,경기도 의정부시 용현로 130 (민락동),031-852-7542,470951.3259,207899.075
734,의정부종합동물병원,경기도 의정부시 시민로 154 (의정부동),031-846-9600,470532.289,204528.6611
735,호원종합동물병원,경기도 의정부시  평화로  374 (호원동),031-826-8875,469206.2107,204212.1132
736,녹양동물병원,경기도 의정부시 녹양로 66 (녹양동),855-0275,472704.7735,202869.4336
737,하나동물병원,경기도 의정부시 부용로 187 (신곡동),031-853-7550,472111.495,206799.975
738,프렌즈동물병원,경기도 의정부시 호국로 1300 (의정부동),031-845-2500,471214.2554,204215.4041
739,용인24시 아이온동물메디컬센터,경기도 용인시 처인구 중부대로 1307 (역북동),031-334-6125,414936.9517,216802.8947
740,드림동물병원,경기도 용인시 처인구 경안천로 46 (마평동),031-335-7582,415056.229,218619.6662
741,용인시 동물보호센터,"경기도 용인시 처인구 중부대로 1074-1, 용인시 동물보호센터 (삼가동)",031-324-3467,415719.4964,214072.8304
742,강남종합동물병원,경기도 용인시 기흥구 신갈로 85 (신갈동),031-283-0775,419153.7692,209286.0713
743,24시동물병원,경기도 용인시 기흥구 구갈로 53 (구갈동),281-7585,419688.265,209775.175
744,죽전동물병원,"경기도 용인시 기흥구 죽전로 49, 101호 (보정동)",031-266-2993,424310.3344,210058.1475
745,동백동물병원,"경기도 용인시 기흥구 동백5로 21-11, 107호 (중동, 동백훼미리프라자 1)",031-693-8627,419519.2291,213479.0698
746,현대동물병원,경기도 용인시 기흥구 상갈로 31 (상갈동),285-6334,418583.3397,209530.1872
747,레이크동물병원,경기도 용인시 기흥구 평촌1로8번길 11-4 (동백동),8005-7507,420389.8277,213482.3779
748,우리동물병원,경기도 용인시 기흥구 한보라2로14번길 4-14 (보라동),286-2275,416877.3178,209709.7751
749,쿨펫 동물병원,"경기도 용인시 기흥구 동백죽전대로 444 (중동, 쥬네브썬월드빌딩)",031-679-0551,419575.3412,213383.9778
750,해뜰동물병원,"경기도 용인시 기흥구 보정로 117 (보정동, 리베로3)",031-889-7556,424209.2006,210062.9461
751,금오동물병원,"경기도 의정부시 청사로 37 (금오동,신세계프라자 112호)",031-826-7582,472116.5731,206087.8601
752,가능동물병원,경기도 의정부시 가능로 37 (가능동),875-1476,471587.1884,203021.62
753,장암종합동물병원,경기도 의정부시 동일로 468(신곡동),843-1415,469748.5829,205169.3418
754,도그플러스 동물병원,"경기도 의정부시 청사로 38, 홈플러스 3층 (금오동)",031-851-7373,472186.1825,206192.0908
755,달빛동물병원,"경기도 의정부시 평화로 239, 1층 105호 (호원동)",031-875-1559,467864.6259,204078.7577
756,에이스동물메디컬센터,경기도 의정부시 태평로 102-1 (의정부동),031-875-8090,471014.1342,204498.574
757,오즈동물병원,경기도 의정부시 추동로 13 (신곡동),031-840-0075,471184.952,204995.2136
758,하트만 동물병원,"경기도 의정부시 외미로 91, 1층 (호원동)",031-874-7533,469119.0824,203939.0127
759,서울동물병원,"경기도 의정부시 용현로 152, 103호 (민락동)",031-852-7733,470901.6782,208100.9843
760,제일동물병원,경기도 의정부시 태평로 116 (의정부동),848-4598,471155.3774,204497.4421
761,바른동물병원,"경기도 의정부시 평화로 559-1 (의정부동, 명빌딩)",,471055.3546,204042.3174
762,의정부 24시 IU 동물병원,경기도 의정부시 태평로 52 (의정부동),031-871-7588,470504.2228,204484.8059
763,내곁에동물병원,"경기도 의정부시 민락로 195, 중흥s클래스 1층 113, 114호 (민락동)",,471155.0748,208775.8361
764,하은동물병원,경기도 용인시 기흥구 민속촌로 43 (보라동),031-286-8999,417046.7283,209668.9405
765,보라종합동물병원,경기도 용인시 기흥구 민속촌로 8 (보라동),031-893-6119,417010.2992,209316.9586
766,용인도담동물병원,경기도 용인시 기흥구 평촌1로2번길 6 (동백동),031-548-2526,420298.7524,213545.0759
767,유앤미동물병원,"경기도 용인시 기흥구 서천로127번길 3-3, 105호 (서천동)",031-235-0075,414990.6346,206358.0941
768,기흥동물병원,"경기도 용인시 기흥구 구성로 111, 102호 (언남동, 채러티디벨로퍼(주))",031-287-9900,421283.2141,210696.0225
769,함께하는 동물병원,"경기도 용인시 기흥구 마북로 164, A동 1층 1,2호 (마북동, 테라스가든A빌딩)",031-275-6549,422446.817,210951.8131
770,봄동물병원,경기도 용인시 기흥구 서천서로12번길 4-8 (서천동),031-203-4727,415403.6901,206494.8394
771,THE힘찬동물병원,"경기도 용인시 기흥구 동백죽전대로527번길 98-6, 1층 (중동)",,419948.9866,212709.3068
772,하트펫 동물병원,"경기도 용인시 기흥구 탑실로 32, 1층 110, 111호 (공세동)",,415231.3019,209706.9643
773,대학동물병원,경기도 용인시 수지구 문인로39번길 3-1 (풍덕천동),261-8277,425658.2826,208654.9582
774,어정동물병원,경기도 용인시 기흥구 어정로 134-12 (중동),031-284-9200,419223.7714,212829.2264
775,사랑동물병원,경기도 의정부시 금신로 317 (신곡동),847-7335,471351.753,205437.3703
776,신촌동물병원,경기도 의정부시 신흥로 357-1 (가능동),877-0675(6),471757.1795,203675.0655
777,메이 동물병원,울산광역시 중구 번영로 581 (남외동),211-3375,232481.4145,412557.1053
778,하임동물의료센터,"경기도 김포시 양도로19번길 17, 2층 201호 (풍무동)",,,
779,자연낙농동물병원,전북특별자치도 부안군 부안읍 진성길 11,583-1323,247224.1863,176254.7943
780,부안동물병원,전북특별자치도 부안군 부안읍 번영로 161,,247465.405,176221.5183
781,연합동물병원,전북특별자치도 부안군 부안읍 번영로 185,,247555.3183,176466.6025
782,미래동물병원,전북특별자치도 부안군 부안읍 번영로 155-2,,247447.5076,176177.2553
783,새만금동물병원,전북특별자치도 부안군 보안면 영전길 15-0,,234581.2001,170028.5762
784,닥터 홍 동물병원,전북특별자치도 부안군 부안읍 번영로 82-1,063-581-7582,247414.8135,175442.8939
785,부안산업동물병원,전북특별자치도 부안군 계화면 창중길 3-1,,251397.692,172477.3472
786,바른동물병원,전북특별자치도 부안군 보안면 영전길 15,,234581.2001,170028.5762
787,동행동물병원,"경기도 김포시 양도로19번길 15, 2층 201,202호 (풍무동)",986-9816,,
788,당찬우리동물병원,"충청남도 당진시 우강면 면천로 1783, 1층 3호",,367854.9925,180494.2769
789,벡스코 동물병원,"부산광역시 해운대구 해운대로 369, 해운대센텀메디칼센터 (우동)",051-715-2228,187760.6973,394690.1278
790,대전우리동물의료센터,"대전광역시 중구 계룡로 926-1, 1,2층 (대사동)",042-222-1117,313314.2398,237214.5596
791,24시 성심동물메디컬센터,대전광역시 유성구 계룡로 131 (봉명동),427197566,316964.0232,230922.6889
792,도그플러스 동물병원,"경상북도 구미시 구미대로 174, 홈플러스 구미광평점 2층 (광평동)",054-462-0075,290001.1074,322735.286
793,24시 굿케어동물의료센터,"서울특별시 관악구 남부순환로 1861, 1층 103호 (봉천동)",02-6956-2475,441980.4754,196120.0397
794,빛가온동물병원,"서울특별시 도봉구 마들로 695, 1층 (도봉동)",6369-0075,463311.6513,204021.1148
795,아이사랑동물병원,"서울특별시 강북구 삼양로24길 19, 102동 110호 (미아동, 현대성우아파트)",02-946-0011,457207.4598,201882.0268
796,금샘동물병원,"부산광역시 동래구 중앙대로1473번길 8, 보광빌딩 2층 (온천동)",051-529-2991,192913.3892,389616.5437
797,애니컴 메디컬센터,"서울특별시 중구 다산로 83-1, 3층 (신당동)",02-2232-9702,449978.4936,200640.4663
798,자연앤동물병원,"경기도 남양주시 다산중앙로 109, 205호 (다산동)",031-994-7599,457852.7129,213476.644
799,우리동물병원,"경상남도 거창군 거창읍 거함대로5길 71, 왕우렁쌈밥",,242960.7274,283376.0167
800,운봉동물병원,"전북특별자치도 남원시 운봉읍 운봉로 702, 부산갈매기식당, 운봉가축병원",,215525.7846,248232.5061
801,청원동물병원,"전북특별자치도 남원시 용성로 95, 청원동물병원 (동충동)",,212253.8986,235073.0987
802,하나동물종합병원,"전북특별자치도 남원시 남문로 409, 선수학전문학원,꽃화원,sk텔레콤 (왕정동)",,211971.041,234089.8357
803,남원축협 동물병원,전북특별자치도 남원시 붕맛길 99 (향교동),,213062.4333,234818.1504
804,지리산동물병원,전북특별자치도 남원시 금동로 41(금동),,211489.6934,233690.1201
805,신성동물약품병원,전북특별자치도 남원시 의서길 33 (왕정동),,212503.5303,233800.0585
806,지리산 산업동물병원,"전북특별자치도 남원시 밤티재길 14-5, 1층 (광치동)",,216572.8177,233698.3735
807,남원제일가축병원,"전북특별자치도 남원시 의총로 61, 성림장 (금동)",,211883.6085,234074.5806
808,한결동물병원,전북특별자치도 남원시 동문로 58 (동충동),,212425.3127,235009.4824
809,JM서울동물병원(산업동물출장진료전문),"경상남도 함안군 군북면 월촌안길 119, 엔젤커피숍",,200819.0251,318078.2792
810,다산마리동물병원,"경기도 남양주시 다산순환로 350, KB 골든타워 1층 110호 (다산동)",5657553,458169.7177,213646.1339
811,별빛동물병원,"경상북도 영천시 북안면 임포역길 84, 범진아파트 2동 2층 2호",,270556.1576,381419.5519
812,온마음 동물메디컬센터,"서울특별시 송파구 오금로 473, 정림빌딩 (거여동)",,443607.2504,212481.1143
813,고래 동물병원,"경기도 시흥시 은계번영길 11, 은계프라자 202, 203, 204호 (은행동)",,437272.2734,182424.443
814,따스한 동물병원,"경기도 용인시 기흥구 구성로279번길 17, 1층 (청덕동)",,421022.2436,212446.8764
815,제주 키움 동물병원,"제주특별자치도 제주시 중앙로 273, 나라키움 1층 106호 (이도이동)",064-725-7579,86.58075713,156503.9831
816,치유동물의료센터,서울특별시 은평구 은평로 213 (녹번동),02-6964-8276,455457.0167,193868.1549
817,퍼스트 동물병원,"경상남도 김해시 분성로 290, 2층 (서상동)",055-902-4515,194227.1927,370867.1063
818,현대종합동물병원,"서울특별시 도봉구 도봉로 669, 1층 (방학동)",3491-8000,462446.5016,203641.7771
819,해밀동물의료센터,경상남도 김해시 인제로51번길 4 (어방동),055-337-6890,194343.04,373316.7658
820,한신동물병원,경기도 안성시 죽산면 죽산초교길 15,,397161.9225,237305.276
821,참동물의료센터,"경기도 안산시 단원구 고잔로 88, 207-209호 (고잔동)",031-8042-7585,424095.8853,185396.6848
822,24시분당리더스동물의료원,"경기도 성남시 분당구 성남대로 45, 계영빌딩 202, 203호 (구미동)",031-711-8275,426450.1735,209533.8907
823,사랑애동물메디컬센터,"인천광역시 미추홀구 경인로 428, 1층 (주안동)",032-223-0119,439554.2346,172292.2713
824,W동물의료센터,"부산광역시 남구 용호로 68, 2층 (용호동)",051-626-5050,182741.2944,392358.2446
825,대구24시 야간응급연합동물병원,"대구광역시 수성구 동대구로 36, 3층 (지산동)",053-767-1190,260487.5021,346694.9405
826,미소돌봄동물병원,"경기도 안산시 상록구 화랑로 534, 113,114호 (성포동, 안산파크푸르지오)",414-2579,424162.2416,186415.5821
827,24시 라움동물의료센터,"경기도 평택시 비전5로 20-24, 더테라스 207,208호 (비전동)",031-692-5022,388588.9116,210072.8699
828,에이드동물병원,"서울특별시 강남구 논현로 813, 영석빌딩 지하1층,1층 (신사동)",02-545-4975,446552.3598,202383.0716
829,박동물병원,충청북도 충주시 연수로 6-5 (금릉동),043-842-4579,,
830,고창중앙 동물병원,전북특별자치도 고창군 고창읍 고인돌대로 1775,563-4245,215476.1136,171979.4086
831,고창,전북특별자치도 고창군 고창읍 동리로 137,561-0561,214845.3022,173349.1554
832,모양동물병원,전북특별자치도 고창군 고창읍 보릿골로 16,,214177.9025,172211.971
833,고창부안축협동물병원,전북특별자치도 고창군 흥덕면 부안로 423,561-2480,228603.2281,172347.6753
834,더클래스동물메디컬센터,"경기도 성남시 분당구 성남대로 275, A동 101-1호 (정자동, 삼성아데나팰리스아파트)",031-713-7975,428761.6821,209456.9994
835,연합,전북특별자치도 고창군 고창읍 성산5길 9,564-2214,215203.0152,172689.1258
836,흥덕가축병원,전북특별자치도 고창군 흥덕면 흥덕로 27,,224337.7234,173038.6471
837,대산,전북특별자치도 고창군 대산면 사거1길 77,564-8987,204750.6435,163153.337
838,한국,전북특별자치도 고창군 고창읍 중앙로 321,564-1629,215095.0709,173660.4102
839,한길동물병원,전북특별자치도 고창군 흥덕면 선운대로 3771,,224702.1683,173008.9636
840,더나은동물병원,전북특별자치도 고창군 고창읍 성산8길 39-10,063-562-9154,215423.0822,172643.679
841,메종동물병원,"서울특별시 중구 다산로 230, 하나빌딩 1층 (신당동)",02-2038-7555,451246.5719,201341.7923
842,광주다온동물병원,광주광역시 광산구 하남대로 142 (월곡동),062-956-7566,186749.9926,182535.6393
843,참동물병원,"서울특별시 강서구 마곡서로 133, 712동 102-1호 (마곡동, 마곡엠밸리7단지)",2666-7990,451471.101,184333.0321
844,삼화 훈 동물병원,"제주특별자치도 제주시 동화로 12, 1층 (화북일동)",064-756-8275,2582.826033,160208.7181
845,타임동물메디컬센터,"대전광역시 서구 둔산로 57, 1~3층 (둔산동)",042-488-2777,316817.8988,234066.0431
846,치산동물병원,전북특별자치도 고창군 고창읍 중거리당산로 60,,214085.8942,172281.9028
847,수동물병원,서울특별시 성동구 광나루로 337 (송정동),234094640,449587.0093,205868.7289
848,연희동물병원,"인천광역시 서구 탁옥로74번길 16, 113호 (심곡동)",5614667,448953.077,171424.1155
849,원스동물병원,"서울특별시 용산구 청파로47길 16, 지상1층 (청파동2가)",02-719-8275,449191.5608,197234.1315
850,중원동물병원(출장진료전문),충청북도 충주시 천변로 249 (교현동),,386170.5603,283207.2059
851,기흥나무동물병원,"경기도 용인시 기흥구 기흥로 12, 1층 (구갈동)",,419481.6008,210240.7175
852,희망동물병원,전라남도 순천시 삼산로 8-1 (석현동),,163636.3639,244173.48
853,바다동물병원,"부산광역시 수영구 광남로 125, 1층 (광안동)",051-756-0075,185787.102,392768.419
854,웰니스클리닉(청계천점),"서울특별시 중구 청계천로 400, 지하 1층 (황학동, 롯데캐슬베네치아)",02-2234-7585,452076.8187,201823.909
855,광명 24 아이디동물의료센터,"경기도 광명시 오리로 870, 서희스타힐스빌딩 2층 (철산동)",02-6952-2475,441551.823,188074.6317
856,인우 동물병원,"전북특별자치도 고창군 고창읍 보릿골로 57-10, 101호",,214610.7534,172160.38
857,봄 동물병원,전북특별자치도 고창군 흥덕면 부안로 35,,225128.8914,173508.944
858,굿모닝동물병원,경상북도 포항시 남구 오천읍 냉천로 310,054-283-8275,276770.8929,417259.5871
859,JA 임상병리 동물병원,"경기도 안양시 만안구 안양로 150, 지층 (안양동)",031-347-0546,,
860,다빈치동물병원,"경기도 의정부시 평화로 205, 1층 (호원동)",031-875-7553,467535.4167,204127.3897
861,다인동물병원,경상북도 안동시 태화중앙로 53(태화동),,341111.4023,353068.1067
862,스타동물의료센터,"경기도 성남시 수정구 수정로 287, 2층 (신흥동)",031-8023-9073,438697.9846,212888.1157
863,동물치과병원 케어덴,"서울특별시 강남구 언주로 813, 3층 (신사동)",02-540-7522,446751.3232,202836.742
864,휴SMC 동물병원,충청북도 진천군 이월면 중미로 471,,380336.9831,241323.7023
865,정직한 동물병원,"부산광역시 사하구 하신중앙로 182, 2층 201호 (신평동)",051-205-2323,179069.667,378878.3402
866,동물병원 비아츠,서울특별시 도봉구 우이천로 446-3 (쌍문동),999-7582,461200.8812,201440.3961
867,지웅동물병원,"전라남도 나주시 재신길 10, 미도방 1층 (송월동)",061-337-9737,169274.0364,173846.3882
868,바로슬동물병원,"서울특별시 송파구 백제고분로 506, 2층 (방이동, 올림픽타워빌)",02-6953-7599,445888.0447,210147.6494
869,협신가축동물병원「산업동물 출장진료 전문」,"경기도 이천시 신둔면 황무로 158, 2층",031-638-7585,422394.8391,232900.2378
870,하 수의과 동물병원(출장진료전문),"경상북도 봉화군 봉화읍 내성로 121-1, 성광빌딩 1층 102호",,378256.0961,354996.8326
871,대구가축병원,대구광역시 군위군 군위읍 중앙길 122-1,,305412.3307,340884.1328
872,도수의과가축병원,대구광역시 군위군 군위읍 군청로 123,,304910.3074,341223.8634
873,박성준 동물병원,"대구광역시 군위군 군위읍 중앙길 46, 등용문학원",,304686.8138,340783.4425
874,우성동물병원,대구광역시 군위군 군위읍 중앙1길 17,054-382-1357,304453.056,340719.8191
875,버팔로 동물병원,대구광역시 군위군 군위읍 중앙길 23,,304474.7274,340861.683
876,와이제이클리닉,대구광역시 군위군 군위읍 중앙1길 15,,304472.3026,340737.1965
877,군위축협 동물병원,"대구광역시 군위군 군위읍 군청로 49-33, A동 1층",054-383-7728,304317.1935,340732.5625
878,군위종합동물병원,대구광역시 군위군 군위읍 군청로 49-18,,304231.3679,340861.4753
879,양주 센트럴 동물병원,"경기도 양주시 옥정로 208, 선양프라자 (옥정동)",031-928-6569,479742.2237,208044.9866
880,신길S동물의료센터,"서울특별시 영등포구 도신로 86, 1층 (신길동)",,444946.7297,191259.3784
881,다가온 동물병원,"경기도 안성시 공도읍 서동대로 4081, 216호",031-655-7533,388658.6519,214064.7064
882,정선가축병원,강원특별자치도 정선군 정선읍 정선로 1321,033-563-0198,432107.5909,347018.9908
883,동물병원 더 하임,"경기도 성남시 수정구 수정로 273, 수정빌딩 1층 (신흥동)",031-746-7582,438579.5883,212818.4754
884,새별동물병원,경상북도 의성군 구천면 소보안계로 1627,,317477.0148,328399.5148
885,해담동물병원,경상북도 경산시 박물관로7길 4 (사동),,258725.3593,359235.3994
886,늘봄 동물병원,"경기도 양주시 옥정로 218, 신운정튼튼프라자 2층 3-1호 (옥정동)",,479832.6313,208043.505
887,화순동물병원,"전라남도 화순군 화순읍 진각로 16-1, 1층 1호",,172677.9168,198669.4436
888,건국동물병원,"강원특별자치도 홍천군 홍천읍 연봉중앙로 69, 105호 1동 1층 105호",,464903.5305,277551.3686
889,강동동물병원,강원특별자치도 춘천시 신동면 정족1길 6,033-256-3319,481251.3789,264513.8958
890,펫프렌즈동물병원,"광주광역시 서구 금화로 240, 3층 (풍암동, 롯데마트)",,181590.0997,188791.276
891,Dr.남동물병원,"광주광역시 서구 염화로 97, 1층 (화정동)",236-0575,182641.9768,188556.0702
892,가로수동물병원,광주광역시 서구 월드컵4강로 88 (화정동),372-7975,182840.6019,188424.6789
893,쿨펫동물병원,"광주광역시 서구 시청로 40, 4층 (치평동, 롯데마트)",,183702.2929,186476.0109
894,유림동물병원,광주광역시 서구 하남대로 672 (동천동),062-527-7588,185832.7037,187714.4524
895,윌 동물외상센터,광주광역시 서구 운천로 110-1 (쌍촌동),383-7595,182613.557,187013.0592
896,사랑가득 동물병원,광주광역시 서구 풍금로38번길 59 (풍암동),655-7975,180676.6151,187935.9098
897,베스트동물병원,"광주광역시 서구 화운로 111, 1층 (화정동)",375-5110,183353.2705,188891.3376
898,서현동물병원,광주광역시 남구 천변좌로 370 (구동),062-671-7007,182952.9099,191921.4195
899,수동물병원,광주광역시 남구 서문대로 791-1 (주월동),653-1175,181211.9453,190641.9294
900,진월24동물병원,"광주광역시 남구 서문대로678번길 7, 202호 (진월동, 대주아파트)",,180136.5608,190833.8105
901,광주축산농협동물병원,광주광역시 남구 송암로24번길 52 (송하동),062-674-1232,178998.3946,189412.4753
902,센트럴,"광주광역시 남구 봉선로 198 (봉선동, 이마트)",062-682-7553,180371.7891,192271.7882
903,그린동물병원,광주광역시 남구 대남대로 309-1 (월산동),062-352-0101,182279.0091,190325.9821
904,다솜동물병원,"광주광역시 남구 독립로 82, 1층 (백운동)",,182418.6788,191046.1947
905,희망동물병원,광주광역시 남구 천변좌로 394 (사동),062-671-8288,182764.4366,192084.9779
906,늘푸른 동물병원,"광주광역시 남구 봉선로 115, B동 103호 (봉선동,남양휴튼)",,180637.6462,191587.7523
907,좋은동물병원,광주광역시 서구 운천로 29 (금호동),382-7588,181802.595,187064.13
908,길동물병원,"광주광역시 남구 서문대로 763 (주월동, 길동물병원)",652-8788,180932.7148,190564.1686
909,이룸외과동물병원,광주광역시 남구 금화로 376 (주월동),062-714-1755,182462.4559,189619.3016
910,한결동물의료센터,광주광역시 서구 풍암순환로188번길 15 (풍암동),652-8275,180985.7914,189281.9089
911,다나동물병원,광주광역시 서구 내방로 326(화정동),365-1491,184248.9226,188657.9879
912,푸른동물병원,광주광역시 서구 상일로 44 (쌍촌동),375-1613,184483.0873,187478.6592
913,프렌즈동물병원,"광주광역시 서구 상무민주로 90, 2층 (쌍촌동)",062-374-0128,184387.8804,187135.3319
914,봉선아이동물메디컬센터,광주광역시 남구 봉선로 77(봉선동),062-412-7500,180848.5321,191342.1792
915,봉선동물병원,광주광역시 남구 봉선중앙로 94 (봉선동),,181137.8666,191827.4542
916,광주동물병원,"광주광역시 남구 서문대로 403-1, 동물병원 (송하동)",062-681-5720,178367.8024,188884.9534
917,영재애견종합병원,광주광역시 동구 필문대로 130-1 (산수동),527-8275,184439.4765,193612.9904
918,신세계 동물병원,광주광역시 동구 중앙로 150 (호남동),226-7585,183157.7895,191961.2326
919,황제 동물병원,광주광역시 동구 의재로 27 (학동),227-1023,181532.2958,193634.983
920,광주 한사랑동물병원,광주광역시 동구 남문로 675 (학동),062-223-0075,181309.2817,193454.2412
921,튼튼동물병원,"광주광역시 동구 중앙로 358, 상가동 149호 (계림동, 금호계림주상복합)",062-511-7582,184961.8822,192659.7746
922,현대동물병원,대구광역시 남구 봉덕로 89 (봉덕동),473-2255,261713.5141,344513.3676
923,이천종합동물병원,대구광역시 남구 봉덕로 83 (봉덕동),474-2266,261718.1543,344456.6786
924,대흥동물병원,대구광역시 남구 대명로 230 (대명동),629-8111,261244.9569,342865.666
925,독사랑동물병원,"대구광역시 남구 중앙대로 145, 1층 (대명동)",627-1470,261851.1744,343588.9678
926,리더스동물병원,대구광역시 남구 대명로 121 (대명동),629-0075,261090.9276,341853.6396
927,알프스동물병원,대구광역시 남구 대덕로 149 (봉덕동),473-0815,261288.6226,344428.388
928,대구동물메디컬센터,대구광역시 수성구 동대구로 36 (지산동),053-765-7877,260487.5021,346694.9405
929,베트문동물병원,대구광역시 수성구 지범로39길 11 (범물동),053-784-9971,259066.0194,348328.9955
930,조은동물의료원,대구광역시 수성구 달구벌대로 2644 (만촌동),053-742-0075,263042.0716,349046.7021
931,펫 동물병원,대구광역시 수성구 달구벌대로 3144 (노변동),,261522.9449,353598.6906
932,멘토동물병원,"대구광역시 수성구 용학로 294 (범물동, 덕암빌딩 2층)",053-291-7579,259197.4242,348206.2153
933,스위스동물병원,"대구광역시 수성구 무학로 41, 1층 (상동)",053-782-7580,260061.6699,345702.5833
934,세인트동물병원,대구광역시 수성구 청호로 484 (만촌동),053-744-8285,263228.8841,348524.1255
935,그랜드벳동물병원,대구광역시 수성구 달구벌대로 3249 (신매동),053-794-7975,261224.4722,354588.3966
936,y동물병원,"대구광역시 수성구 달구벌대로 3116-1, 1층 (시지동)",053-791-7532,261608.3998,353328.042
937,로얄동물병원,대구광역시 수성구 들안로 412 (범어동),742-7275,264174.1241,346103.0397
938,곰아저씨 동물병원,대구광역시 수성구 들안로 354 (수성동4가),746-5575,263592.4133,346076.3568
939,예스동물병원,대구광역시 수성구 동대구로 207 (황금동),,262201.8713,346679.8234
940,에피소드 동물병원,대구광역시 수성구 달구벌대로 2660(만촌동),,262963.1757,349188.1394
941,따뜻한 on동물병원,대구광역시 수성구 달구벌대로 2367 (수성동4가),,263413.6456,346406.434
942,스마트동물병원,대구광역시 수성구 동대구로 247 (범어동),762-7942,262602.7882,346709.8968
943,마루동물병원,대구광역시 수성구 청수로 101 (황금동),537681002,261277.966,346234.3868
944,범어동물의료센터,대구광역시 수성구 달구벌대로 2354 (수성동3가),7167585,263337.0492,346250.4461
945,동인동물병원,대구광역시 중구 국채보상로 724 (동인동4가),424-4258,264336.7997,345305.7177
946,달성공원 동물병원,"대구광역시 중구 달성공원로 35, 달성공원 (달성동)",803-7370,264889.6654,342409.2666
947,남부동물병원,대구광역시 남구 두류공원로 18-2 (대명동),654-1444,261164.6449,342247.0139
948,중부동물병원,대구광역시 중구 달구벌대로 2114 (봉산동),253-8278,263925.4362,343967.7488
949,삼덕종합동물병원,대구광역시 중구 달구벌대로 2145-1(삼덕동1가),426-1731,263914.4474,344301.5788
950,동산동물병원,대구광역시 중구 서성로 34 (남성로),254-3366,264434.4572,343299.9424
951,오원석 황금동물병원,대구광역시 중구 동덕로 56-3 (대봉동),767-1177,263390.4759,344869.5541
952,대구축산 동물병원,대구광역시 중구 대봉로 278 (대봉동),053-424-9944,263763.6879,344432.5633
953,대구S동물병원,"대구광역시 중구 달구벌대로 1975 (대신동, 태왕아너스스카이 상가 101호, 102호, 103호)",426-7588,263922.5172,342612.1641
954,원동물병원,대구광역시 중구 동덕로8길 2 (대봉동),255-8275,263227.9364,344945.3848
955,범어동물병원,대구광역시 수성구 범어로 118 (범어동),751-9323,263444.8268,347695.4645
956,정동물병원,대구광역시 수성구 지산로 41 (지산동),781-6566,259633.9121,347406.1352
957,사랑동물병원,대구광역시 수성구 달구벌대로 2259 (수성동4가),742-4810,263522.112,345357.8354
958,선동물병원,대구광역시 수성구 화랑로 102 (만촌동),746-0031,264849.2663,347849.4947
959,나라동물병원,"대구광역시 수성구 수성로 185, 상가201동 116호 (중동, 수성 골드클래스 더 센텀)",766-9350,261458.1481,345513.8416
960,두산메디펫동물병원,대구광역시 수성구 동대구로 24 (지산동),761-8875,260342.8042,346674.1263
961,지산동물병원,대구광역시 수성구 지범로 89 (지산동),784-2483,259644.1336,347386.1478
962,금강동물병원,"대구광역시 수성구 동원로 152, 지하1층 (만촌동)",746-7111,264758.4694,347662.452
963,제니스동물병원,대구광역시 수성구 달구벌대로 2475 (범어동),053-756-8290,263351.1228,347472.0208
964,효성동물병원,대구광역시 남구 신촌길 101 (봉덕동),474-1119,261035.4758,344867.4003
965,리즈 동물병원,대구광역시 수성구 들안로 50 (두산동),053-764-8275,260558.8236,346052.9752
966,구지동물병원,대구광역시 달성군 구지면 창리로11길 33,,240816.0568,327697.9773
967,다사종합동물병원,대구광역시 달성군 다사읍 달구벌대로 836,,263282.3613,331988.2864
968,포산동물병원,대구광역시 달성군 현풍읍 비슬로 614-1,,244606.2898,330313.9547
969,달성축산동물병원,대구광역시 달성군 현풍읍 원교길 6,,242590.4977,330820.9531
970,현풍동물병원,대구광역시 달성군 유가읍 테크노공원로 51,053-614-3570,244537.75,331838.7617
971,25시 죽곡동물병원,"대구광역시 달성군 다사읍 대실역남로 34, 204호",,262651.3249,332203.3368
972,도담동물병원,"대구광역시 달성군 현풍읍 테크노중앙대로 243, 타임스퀘어 105, 106호",,244553.5156,331712.4741
973,달성축협동물병원,대구광역시 달성군 현풍읍 국가산단북로 482-22,611-6203,241789.1101,330276.8303
974,힐링동물병원,대구광역시 달성군 다사읍 달구벌대로 844,053-586-5575,263214.5221,332048.5602
975,화원연합동물병원,대구광역시 달성군 화원읍 사문진로 447,053-634-7975,257003.1304,335275.6791
976,테크노연합 동물병원,대구광역시 달성군 유가읍 테크노중앙대로6길 2-4,053-617-8875,245127.4871,331780.126
977,119동물병원,"대구광역시 달성군 다사읍 달구벌대로 893, 102호",,262897.94,332431.3245
978,서재동물병원,대구광역시 달성군 다사읍 서재로 140,,265018.1762,335187.0548
979,아이펫동물병원,대구광역시 서구 서대구로 64 (평리동),573-1175,263743.9904,340516.9116
980,평리동물병원,"대구광역시 서구 서대구로 189, 2층 (평리동)",053-552-0075,264975.5104,340323.6001
981,진동물병원,대구광역시 서구 국채보상로 407 (비산동),554-3575,264701.4501,342223.1875
982,페츠업 동물병원,대구광역시 서구 서대구로 136 (평리동),555-0051,264436.413,340399.5591
983,보경동물병원,대구광역시 서구 달서로 165 (비산동),559-9020,265236.0527,341799.124
984,더펫동물병원,"대구광역시 서구 서대구로 361, 2층 (비산동)",070-4293-0622,266555.9136,340841.6447
985,사랑동물병원,경상북도 구미시 인동5길 6 (인의동),,290193.2242,327990.3688
986,형곡동물병원,경상북도 구미시 신시로 60 (형곡동),,291121.405,320547.3754
987,구미칠곡축산농협동물병원,"경상북도 구미시 선산읍 선산대로 1560-5, 1층",054-482-1377,306647.7594,317475.1599
988,쿨펫동물병원 구미점,"경상북도 구미시 구미대로22길 11, 롯데마트구미점 (신평동)",054-461-7582,291225.6023,322854.3803
989,강남동물병원,경상북도 구미시 송원서로2길 29 (원평동),,292233.8006,321130.3363
990,베스트동물병원,경상북도 구미시 인동남길 66 (진평동),054-476-8274,289788.7462,328184.3928
991,구미옥계동물병원,경상북도 구미시 산호대로31길 10 (옥계동),054-476-7579,293885.5138,327960.0766
992,초원동물병원,경상북도 경산시 중앙로19길 26 (중방동),,259814.6441,356810.3203
993,자인동물병원,경상북도 경산시 자인면 자인로 193-1,,258855.3883,364717.7895
994,경산동물병원,경상북도 경산시 경안로42길 7 (중방동),,259834.7763,356962.2359
995,영대동물병원,경상북도 경산시 경안로 263 (중방동),,260364.2001,356718.8426
996,김영복수의과병원,경상북도 경산시 경안로38길 14 (중방동),,259771.0986,356989.7937
997,정평동물병원,경상북도 경산시 강변서로51길 6 (정평동),,260280.0965,356352.8498
998,고은동물병원,경상북도 경산시 경안로 226 (중방동),814-8005,260011.4339,356864.2084
999,강북동물병원,경상북도 경산시 하양읍 조산천동길 48,,270032.6767,364297.9239
1000,협동,경상북도 의성군 안계면 안계길 127-1,,321267.0215,328974.8701
1001,경의,경상북도 의성군 의성읍 문소3길 95-2,,318406.2271,351999.4413
1002,의성동물병원,경상북도 의성군 의성읍 중앙길 44-1,054-832-0342,317720.6034,352302.8435
1003,중앙,경상북도 의성군 다인면 다인장길 17-1,,328516.4785,321459.8958
1004,영대연합동물병원,경상북도 경산시 대학로 315 (조영동),,261246.9686,358549.7091
1005,가나종합동물병원,"경상북도 경산시 성암로21길 3-7 (옥산동, 동현빌)",,259662.0265,356058.468
1006,우리집동물병원,경상북도 경산시 경안로 249 (중방동),,260221.0105,356738.6471
1007,다원동물병원,경상북도 경산시 와촌면 동강길 26,,274264.0279,365193.8839
1008,함께하는 동물병원,경상북도 경산시 압량면 화랑로 290,,261452.0002,359232.1582
1009,진량동물병원,경상북도 경산시 성암로9길 7 (옥산동),,259511.2682,355499.6842
1010,경산의 삽살개육종연구소,경상북도 경산시 와촌면 삽살개공원길 37,,273946.9375,362552.1542
1011,최우식 동물병원,경상북도 경산시 하양읍 대경로 764,,269602.6864,364525.7066
1012,중산 메디컬 동물병원,"경상북도 경산시 펜타힐즈로 74, 힐즈스퀘어 201호 (중산동)",053-813-7580,260250.5433,355338.3796
1013,한결같은 동물병원,경상북도 경산시 하양읍 하양로 223,,270233.7258,365089.1306
1014,더그린 컨설팅&크리닉,경상북도 경산시 용성면 육동로 732,,253981.0556,373505.1931
1015,행복한 동물병원,경상북도 경산시 성암로21길 3-11 (옥산동),,259648.683,356027.3676
1016,제일동물병원,경상북도 경산시 경안로 211 (중방동),,259857.9926,356837.4337
1017,유한동물병원,경상북도 경산시 중방로 9 (중방동),,260297.0489,356721.0011
1018,경산축산농협 동물병원,경상북도 경산시 자인면 계정길 67,856-7585,259120.9186,364233.4236
1019,기운찬 동물병원,"경상북도 경산시 백양로 113, 1층 103호 (사동)",,258472.948,358489.032
1020,우리동물병원,경상북도 경산시 대정길 37-1 (대정동),,261929.4056,356682.7374
1021,동부동물병원,경상북도 경산시 박물관로 17(사동),,258773.3563,359073.0374
1022,더샵 동물병원,경상북도 경산시 경산로 227 (중산동),,260059.1042,355714.3282
1023,미래연합동물병원,경상북도 영천시 금호읍 금호로 118,054-335-6708,271761.3905,369110.0898
1024,영천동물병원,경상북도 영천시 호국로 65 (야사동),054-333-8275,276593.4357,375353.396
1025,누리동물병원,경상북도 영천시 호국로 15 (문외동),054-333-0275,276341.4769,374916.4752
1026,알프스동물병원,"경상북도 영천시 금호읍 교대5길 35, 1층",,271996.3485,369256.5063
1027,대운 동물병원,경상북도 영천시 장수로 58 (화룡동),054-331-3375,275662.3,372972.3882
1028,아진동물병원,"경상북도 영천시 선창길 11, 1층 (도림동)",054-336-6179,281504.8893,373910.163
1029,성 수의과병원,경상북도 영천시 서문길 25 (성내동),,275485.731,373582.3767
1030,한솔동물병원,경상북도 영천시 충효로 56-1 (문외동),054-331-0137,276384.1247,374538.7323
1031,대관령가축병원,경상북도 영천시 완산로 4-25 (완산동),,274949.5511,374989.8793
1032,우리동물병원,경상북도 영천시 시장4길 41-1 (완산동),054-336-7772,275557.4566,374774.9017
1033,제일가축병원,경상북도 영천시 완산로 40(완산동),,275452.2696,374880.6916
1034,영천축협동물병원,경상북도 영천시 호국로 17 (문외동),,276377.7765,374934.0513
1035,양수의과병원,경상북도 영천시 호국로 28 (야사동),,276373.8533,375035.608
1036,우진동물병원(출장진료전문병원),경상북도 영천시 최무선로 233 (성내동),,275505.4192,373694.062
1037,팔공동물병원(출장진료전문),"경상북도 영천시 금호읍 교대용대길 6, 1층",,271985.3809,368811.5627
1038,백두동물병원,경상북도 김천시 양금로 195 (황금동),054-911-8275,290719.5582,301004.4795
1039,독스동물병원,"인천광역시 남동구 남동대로 912, 1층, 지하1층 (간석동)",433-0075,440218.6721,174139.7745
1040,우리집동물병원,"인천광역시 남동구 논고개로 71 (논현동, 가산타워 104호)",437-8275,432916.1608,175741.5648
1041,파스텔LC동물병원,인천광역시 남동구 구월로 159 (간석동),431-7975,439478.8023,174120.4688
1042,인천 24시 스카이동물메디컬센터,"인천광역시 남동구 남동대로799번길 34, 판매시설동 3층 C307~315호 (구월동, 신영구월지웰시티푸르지오)",715-7959,439163.4675,174014.8375
1043,보람동물병원,인천광역시 남동구 문화서로3번길 7 (구월동),429-1673,438246.2945,172927.6
1044,소래동물병원,인천광역시 남동구 소래역남로16번길 75 (논현동),438-3227,433115.9547,176289.3011
1045,보듬동물병원,"인천광역시 남동구 서창남순환로 2, 2층 (서창동)",467-0275,435843.1084,177832.4386
1046,정서동물병원,"인천광역시 남동구 주안로 234, 112,113-1호 (간석동)",422-5399,440078.6411,173149.3414
1047,애니힐동물병원,인천광역시 남동구 인하로 608 (구월동),466-7975,437872.249,174645.201
1048,메이동물병원,인천광역시 남동구 만수서로 60 (만수동),462-0070,439952.0961,176281.8848
1049,물빛동물병원,"인천광역시 남동구 서창남로 71, 101,102호 (서창동)",468-7975,435965.8102,177667.2662
1050,찬샘동물병원,"인천광역시 남동구 인주대로591번길 64, 타원벨라움 205호 (구월동)",251-7575,439028.7087,173668.2425
1051,젬마동물병원,인천광역시 남동구 구월로 364 (만수동),464-4488,439216.4715,176137.8032
1052,세우리동물병원,인천광역시 남동구 백범로 260 (간석동),463-9066,439920.3417,175208.7465
1053,만수동물병원,"인천광역시 남동구 담방로 52-1, 1층 (만수동)",467-8450,438048.96,176835.58
1054,마이펫 동물병원,인천광역시 남동구 백범로 400 (간석동),428-8275,440636.7035,173998.9762
1055,좋은 친구들 동물병원,인천광역시 남동구 만수로 25 (만수동),469-7782,439707.3156,176166.479
1056,동암동물병원,인천광역시 남동구 백범로 469 (간석동),437-5535,440721.5785,173300.3042
1057,행복한 동물병원,인천광역시 남동구 구월로 314 (만수동),469-7588,439270.5117,175643.3425
1058,소망동물병원,"인천광역시 남동구 남동대로 737 (구월동,1층)",434-6002,438486.4441,174012.6875
1059,인천24시유앤미동물병원,"인천광역시 남동구 남동대로 910, 동성빌딩 1층 (간석동)",433-0755,440195.7226,174138.1666
1060,논현동물병원,"인천광역시 남동구 소래역남로16번길 75,  B103-2호 (논현동)",423-0975,433115.9547,176289.3011
1061,강아지와고양이나라 동물병원,"인천광역시 남동구 은봉로312번길 29-14, 101호 (논현동)",439-3578,433636.4912,175644.5321
1062,D&C동물병원,"인천광역시 남동구 백범로 457, 105~107호 (간석동,성우네오빌)",434-7525,440677.1747,173407.8762
1063,도그플러스동물병원,"인천광역시 남동구 경원대로 971, 2층 (간석동, 홈플러스)",862-0975,440865.6349,172419.7437
1064,동물의왕국 동물병원,인천광역시 남동구 문화로 65 (구월동),439-0039,438128.7501,173270.8726
1065,해피동물병원,"인천광역시 남동구 논현남로 19, 101,102호 (논현동)",439-8822,433504.6834,175362.6468
1066,웰동물메디컬센터,"인천광역시 남동구 남동대로 757, 2층 (구월동)",433-7582,438718.3054,174013.4724
1067,루이스24시동물병원,"인천광역시 남동구 백범로 232, 1,2층 (만수동)",710-1237,439871.628,175486.3482
1068,길동물병원,인천광역시 남동구 구월로 317 (만수동),467-1275,439316.0867,175684.196
1069,해맑은동물병원,인천광역시 남동구 장승로 24 (만수동),469-8275,438198.7045,176513.3493
1070,덕수동물병원,"인천광역시 남동구 구월로 65 (간석동, 현대홈타운 102동 상가104호)",467-8575,439592.597,173203.475
1071,하태흥반려동물의료센터,인천광역시 남동구 만수로 10 (만수동),466-8670,439584.4389,176090.5794
1072,신세계동물병원,"인천광역시 남동구 만경로18번길 6 (만수동, 105호)",468-7533,439445.0872,175833.435
1073,필종합동물병원,"인천광역시 남동구 남촌동로25번길 11 (남촌동,1층)",462-2550,436646.6844,174796.4781
1074,백슬동물병원,"인천광역시 남동구 예술로 198, CGV 홈플러스 1층 (구월동)",437-7582,438905.868,173552.3106
1075,지오동물병원,인천광역시 미추홀구 소성로 121 (학익동),032-872-7582,438018.5006,170066.9682
1076,온누리동물병원,인천광역시 미추홀구 인주대로 168 (용현동),032-866-5725,439344.4303,169457.0869
1077,아라종합동물병원,인천광역시 미추홀구 주안로 73 (주안동),032-886-0079,440291.2176,171430.5768
1078,주안동물병원,인천광역시 미추홀구 석정로 400 (주안동),032-203-0075,440552.0007,171606.5323
1079,삼성동물종합병원,인천광역시 미추홀구 인주대로 277 (주안동),032-868-2526,438983.5781,170495.7391
1080,페트로 동물병원,인천광역시 미추홀구 토금중로 36 (용현동),032-203-0072,439017.3928,167828.7388
1081,브라운동물병원,"인천광역시 미추홀구 독배로432번길 3, 1층 (숭의동)",032-889-7582,439621.557,168910.9942
1082,아이러브펫동물병원,"인천광역시 미추홀구 소성로 6, 홈플러스 인하점 지하1층 (학익동)",032-875-7566,438450.4441,169028.0626
1083,학익동물병원,"인천광역시 미추홀구 한나루로 379 (학익동, 제중빌딩)",032-868-2626,437809.7414,170108.0739
1084,바른동물병원,인천광역시 미추홀구 소성로 136 (학익동),032-876-8575,437914.8437,170165.0325
1085,하인츠동물병원,"인천광역시 미추홀구 독배로 305, 201호 (용현동)",032-204-7707,438426.6544,168946.5685
1086,펫홈종합동물병원,"인천광역시 미추홀구 미추홀대로 620, 1층 (주안동)",032-427-7588,438995.2001,171633.1835
1087,현대동물병원,인천광역시 중구 제물량로 60-1 (신흥동3가),032-885-7578,440456.0051,167694.0129
1088,참 동물병원,인천광역시 중구 우현로 51 (내동),772-7533,441139.436,167059.0039
1089,그루동물병원,"인천광역시 연수구 새말로 27, 동남아파트 1층 115호 (연수동)",032-818-1020,435799.5233,171154.7504
1090,베리떼 동물병원,"인천광역시 연수구 신송로 157-15, 207호 (송도동)",032-710-4575,432791.049,168796.1133
1091,닥터정 동물병원,"인천광역시 연수구 컨벤시아대로230번길 42, 송도아라플라자 202호 (송도동)",032-721-7582,431851.0754,167592.5256
1092,닥터파파동물병원,인천광역시 미추홀구 미추홀대로 533 (주안동),032-863-7582,438144.3709,171486.7609
1093,중앙동물병원약품,인천광역시 미추홀구 경인로 417-1 (주안동),032-424-3331,439619.509,172201.3064
1094,한국동물병원,인천광역시 미추홀구 낙섬중로 25 (용현동),032-887-2952,438796.4346,167783.0062
1095,안상수동물병원,"인천광역시 미추홀구 낙섬중로 53, 1층 (용현동)",032-887-1537,439037.6261,167919.3084
1096,아나파동물병원,인천광역시 미추홀구 경인로354번길 6 (주안동),032-876-7585,439608.3285,171545.6775
1097,경동동물병원,인천광역시 중구 개항로 68 (경동),765-9988,441151.3113,167195.4341
1098,한양한방동물병원,"인천광역시 중구 우현로90번길 27, 1층 (용동)",761-6560,441315.8858,167296.0889
1099,신공항동물병원,"인천광역시 중구 운남동로3번길 9, 1층 (운남동)",751-4598,443045.1761,158657.9997
1100,하늘동물병원,"인천광역시 중구 영종대로 90 (운서동,시에로빌 103호)",,443757.4909,154741.3309
1101,위드펫동물병원,"인천광역시 중구 하늘달빛로 90-27, 동오프라자  2층 207호 (중산동)",,442767.9193,161018.7182
1102,숲속동물병원,"인천광역시 중구 자연대로 40, 109호 (중산동, 비젼프라자II)",032-752-4575,443066.965,161030.24
1103,24시 건국 본 동물병원,"인천광역시 미추홀구 인하로 287, 2층 (주안동)",032-864-0075,438502.5709,171614.8442
1104,송림동물병원,"인천광역시 동구 송림로 113, 송영빌딩 2층 (송림동)",032-772-8275,441693.1928,168725.0499
1105,웰니스 클리닉 동물병원,인천광역시 동구 봉수대로 82 (송림동),032-765-7582,442376.7269,169908.403
1106,동산동물병원,인천광역시 동구 동산로 78 (송림동),766-6833,441422.4074,168630.2775
1107,미라클 동물병원,"인천광역시 연수구 컨벤시아대로 100, 602동 143, 144호 (송도동, 현대힐스테이트)",032-832-1175,432519.2376,168705.8993
1108,디오 동물병원,"인천광역시 연수구 송도과학로27번길 55, 상가 A동 216호 (송도동, 롯데캐슬캠퍼스타운)",032-815-8275,431824.5808,170269.0358
1109,드림동물병원,"인천광역시 연수구 먼우금로 88, 105호 (동춘동, 상산빌딩)",032-822-7588,433897.9257,170745.9654
1110,ACE동물병원,"인천광역시 연수구 센트럴로 160, C동 152, 153호 (송도동, 송도센트럴파크푸르지오)",032-205-7582,432336.1145,168405.6959
1111,동물사랑동물병원,"인천광역시 연수구 학나래로6번길 34, 민선빌딩 2층 (선학동)",032-816-5457,435862.8183,173191.6465
1112,노성남 동물병원,인천광역시 연수구 독배로 55(옥련동),032-833-1770,436007.2969,168451.9563
1113,주주동물병원,"인천광역시 연수구 해돋이로 107, E동 10,11호 (송도동, 송도더샵퍼스트월드)",032-858-7582,432168.2872,168780.0999
1114,신퍼피클럽 동물병원,인천광역시 연수구 함박로 74-1(연수동),032-821-8275,435953.2892,172090.2173
1115,인천광역시 야생동물구조관리센터,"인천광역시 연수구 송도국제대로372번길 21, 자연학습관 (송도동)",032-858-9703,429532.0943,167775.5711
1116,아름다운 동물병원,"인천광역시 연수구 해돋이로 114, 서운프라자 2층 (송도동)",032-834-7583,432281.3686,168929.2892
1117,웰니스클리닉 연수점,"인천광역시 연수구 경원대로 184, 이마트 1층 (동춘동)",032-821-0975,433623.6672,171698.9883
1118,이광수동물병원,"인천광역시 연수구 앵고개로 260, 맘모스빌딩 (동춘동)",032-812-8275,434008.8148,170910.9655
1119,아프리카동물병원,"인천광역시 연수구 비류대로 194, 1층 (옥련동)",032-833-7575,436234.6961,169514.3226
1120,송도종합동물병원,"인천광역시 연수구 한나루로 185, 청학만신당 1층 101,102호 (옥련동)",032-832-7588,436050.1692,169504.0713
1121,프라자 동물병원,"인천광역시 연수구 신송로 122, 송도프라자 117호 (송도동)",032-851-5575,432697.8602,169154.1701
1122,송도건국동물병원,"인천광역시 연수구 송도문화로28번길 28, 상가 203동 207호 (송도동, 송도글로벌캠퍼스푸르지오)",032-811-2220,430570.2553,169268.7727
1123,24시 송도힐 동물메디컬센터,"인천광역시 연수구 컨벤시아대로 55, 상가동 107호 (송도동, 이안아파트)",032-834-7275,432784.1136,169112.8739
1124,따뜻한 동물병원,인천광역시 연수구 용담로 145 (연수동),032-811-7553,434618.52,171631.0383
1125,웰 동물병원,"인천광역시 연수구 먼우금로 189 (청학동, 소망글로벌)",032-819-2852,434773.5473,171236.3472
1126,장동호동물병원,충청남도 서천군 서천읍 서천로 159,9537599,286893.8562,171737.5369
1127,팜앤팜동물병원,"제주특별자치도 제주시 한림읍 동명남길 6, 2층",064-796-3610,-11172.85808,132452.1161
1128,제주대학교 말전문동물병원,제주특별자치도 제주시 산천단남길 42 (아라일동),064-725-0175,-5284.303105,159317.7422
1129,굿데이 동물병원,제주특별자치도 제주시 한림읍 금악동길 220-9,,-15027.29528,138319.5946
1130,포일동물병원,"경기도 의왕시 포일세거리로 3, 112호 (포일동, 파레사타워)",031-425-7541,432652.7968,198580.1269
1131,청계종합동물병원,"경기도 의왕시 양지편2로 3, 세종프라자 (청계동)",031-424-7580,432004.8456,199473.1763
1132,지성동물병원,"제주특별자치도 제주시 한림읍 금악로 39, 1층",,-14841.4591,134554.1047
1133,나아라 동물병원,제주특별자치도 제주시 중앙로 536 (아라일동),799-7582,-2239.213936,157610.1346
1134,제주동물병원,제주특별자치도 제주시 애월읍 하귀동남1길 2-5,064-747-5006,-1199.543784,145302.5346
1135,웰니스 동물병원,"제주특별자치도 제주시 도령로 136, 진빌딩 (연동)",064-711-7572,-261.135646,152681.1936
1136,노형동물병원,"제주특별자치도 제주시 1100로 3213-27 (노형동, 천마에코피아2차)",759-7975,-2145.82174,151731.3107
1137,한빛동물병원,"제주특별자치도 제주시 한경면 청수로 129, 1층",064-748-7572,-20232.26967,130296.3496
1138,한사랑 동물병원,제주특별자치도 제주시 인다10길 31 (아라일동),064-747-3000,-2327.604598,157996.7311
1139,마리네 동물병원,제주특별자치도 제주시 애월읍 광상로 323-20,070-7721-0075,-5879.87584,144032.0706
1140,이스턴동물병원,제주특별자치도 제주시 연삼로 522 (일도이동),757-8275,613.9825,157649.5315
1141,삼화 우수한동물병원,"제주특별자치도 제주시 건주로 65, 삼광빌딩 (도련일동)",,1975.027625,160992.3919
1142,호크마 동물병원,제주특별자치도 제주시 동제원길 80 (화북일동),,2882.785161,159166.9153
1143,국립축산과학원 난지축산연구소 동물병원,"제주특별자치도 제주시 산록북로 593-40, 제17호 건물 (오등동)",754-5700,-7066.414095,157954.0056
1144,나음동물병원,"제주특별자치도 제주시 연북로 18, 노형이타스 2 (노형동)",064-747-7585,-1512.373033,151883.7765
1145,리더스동물병원,"제주특별자치도 제주시 노연로 131, 두성빌딩 (연동)",064-749-7533,-1045.105196,152924.8202
1146,예서동물병원,"제주특별자치도 제주시 수덕로 13 (노형동, 노형이화2차아파트)",064-749-1801,-823.3770547,151137.0165
1147,제주동물메디컬센터,"제주특별자치도 제주시 성신로1길 22, 202호 (연동, 신우스위트빌)",,-419.2552393,152335.5379
1148,제주양돈농협 동물병원,"제주특별자치도 제주시 한림읍 한림상로 127-2, 지층",064-796-8661,-9211.50293,131698.5172
1149,백록동물병원,"제주특별자치도 제주시 우령서로 89 (외도일동, 해마루풍경)",064-747-1375,-1198.811962,146685.2109
1150,스마일양한방동물병원,"경기도 파주시 금빛로 44, 203호 (금촌동, 마이프라자)",,472244.3877,179474.7765
1151,행복플러스동물병원,"경기도 파주시 와석순환로 431, 105호 (와동동, 신운정프라자)",031-949-1275,469050.7292,178167.45
1152,운정힐링 동물병원,"경기도 파주시 와석순환로 70 (야당동, 신운정프라자2)",,467590.6539,178021.5122
1153,운정24시동물의료센터,"경기도 파주시 미래로 371, 2층 203호 (동패동)",,467657.5752,177519.6632
1154,유동물병원,"경기도 의왕시 부곡중앙로 22, 2층 (삼동)",462-8277,424373.0236,195814.795
1155,튼튼동물병원,"제주특별자치도 제주시 중앙로 351, 1층 (이도이동)",064-757-7582,-553.4138784,156990.9204
1156,한밭동물병원,제주특별자치도 제주시 해안마을길 166 (해안동),,-4946.215583,149594.3565
1157,마야동물병원,"제주특별자치도 제주시 애월읍 중산간서로 5642-22, 1층",064-753-2007,-5387.820251,138362.9331
1158,수동물병원,제주특별자치도 제주시 서사로 91-1 (삼도일동),,954.7111044,155335.9994
1159,로얄말전문병원,제주특별자치도 제주시 조천읍 비자림로 970-17,,-7153.143685,173056.8408
1160,찬`s 동물병원,"제주특별자치도 제주시 신광로 105, 103, 104호 (연동)",746-7410,-1414.104903,152531.0725
1161,봄이든 동물병원,제주특별자치도 제주시 애월읍 일주서로 7143,064-745-9975,-996.2144556,145274.7237
1162,아라동물병원,제주특별자치도 제주시 중앙로 581 (아라일동),727-8442,-2679.091712,157718.601
1163,제주대학교 야생동물구조센터,"제주특별자치도 제주시 516로 2946, 야생동물구조관리센타 (아라일동)",064-752-9582,-5749.879438,159469.9469
1164,현동물병원,제주특별자치도 제주시 한림읍 금악로1길 2,,-15006.32008,134445.6135
1165,퐁낭동물병원,"제주특별자치도 제주시 오남로 355, 2층 (오라이동)",070-7719-6297,-3437.236169,154738.2534
1166,야당동물병원,"경기도 파주시 경의로 1100, 201호 (야당동, 연세프라자)",031-948-7579,468126.5654,178782.1784
1167,나은동물병원,"경기도 파주시 새꽃로 207 (아동동, 나은동물병원)",031-944-8288,473738.5917,180132.2419
1168,미엘동물병원,"경기도 파주시 청석로 264, 201호 (동패동, 거묵프라자)",031-935-5009,469277.5905,175093.0929
1169,리버풀동물병원,"경기도 파주시 중앙로 255 (금촌동, 금남빌딩)",031-945-7297,472962.0897,180351.8089
1170,펫 파라다이스 동물병원,"경기도 파주시 청암로17번길 17, 2층 17호 (목동동)",031-942-7583,469706.9911,176725.2624
1171,파주365동물의료센터,"경기도 파주시 책향기로 573, 2층 206호 (목동동, 월드타워3)",031-945-5365,469512.6398,176514.1526
1172,파주24시동물병원,"경기도 파주시 교하로 87, 201호 (목동동, 삼성프라자)",,469496.9756,176475.0784
1173,운정한빛동물병원,"경기도 파주시 경의로 1068, 101.201,202호 (야당동, 삼융프라자)",031-944-7179,467820.8373,178739.8761
1174,로뎀동물병원,경기도 파주시 문산읍 방촌로 1692,031-952-7576,484633.41,180830.512
1175,행복한동물병원,"경기도 파주시 경의로 1813, 2층 201호 (아동동)",031-957-0075,474072.6144,180215.3095
1176,금릉동물의료센터,"경기도 파주시 금빛로 24-28, 우성메디피아 2층 201, 202호 (금촌동)",031-948-3375,472152.229,179509.28
1177,문산동물의료센터,"경기도 파주시 문산읍 문향로 52-1, 우리들빌딩 201호",031-953-7570,483816.5963,181065.7475
1178,라임동물병원,경기도 파주시 순못길 21 (다율동),,469399.542,174896.3383
1179,대한동물병원(산업동물 출장진료 전문 동물병원),"경기도 파주시 평화로 37, 대한가축약품 1층 (금촌동)",,473175.9735,179767.8056
1180,파주연천축협동물병원,경기도 파주시 적성면 어삼로 36,031-958-2343,499159.2072,199123.3114
1181,운정W동물병원,"경기도 파주시 미래로 620, 112호 (와동동, 해솔프라자)",,470021.9268,177988.2471
1182,다정동물병원,"경기도 파주시 와석순환로 78, 한강프라자 201호 (야당동)",031-944-5077,467653.3975,177957.3235
1183,금쪽금쪽금쪽반려동물병원,경기도 파주시 가재울로94번길 27 (목동동),031-944-9979,469752.5269,177600.854
1184,에덴동물병원,"경기도 파주시 와석순환로 125, 현대프라자 2층 204호 (동패동)",031-943-3710,467768.2851,177513.8303
1185,의왕동물병원,경기도 의왕시 경수대로 372 (오전동),,428475.5121,196965.1729
1186,중앙동물병원,경기도 의왕시 철도박물관로 71 (삼동),,424288.5081,195447.2031
1187,현대 동물병원,경기도 의왕시 모락로 16 (오전동),429-0975,428599.4768,197015.315
1188,하남동물병원,경기도 하남시 신평로 37 (덕풍동),793-7802,448341.8825,217964.5745
1189,신장동물병원,경기도 하남시 신장로 74 (천현동),791-5578,448221.4764,218436.9976
1190,미사마이펫,"경기도 하남시 미사강변한강로158번길 56, 1층 102호 (망월동)",031-795-7590,452561.7766,216676.6992
1191,미사늘봄동물병원,"경기도 하남시 미사강변북로30번길 104, 1층 (망월동)",031-793-8875,451825.5149,216178.3455
1192,햇살동물병원,경기도 하남시 신장로 176 (덕풍동),793-8275,448783.1839,217630.3228
1193,트레벨동물병원,경기도 하남시 하남대로 763 (신장동),795-7175,448540.9617,218667.7391
1194,페테리안동물병원,"경기도 하남시 미사강변대로226번길 48, A+구산프라자 202호 (망월동)",031-791-0306,451960.872,216349.8133
1195,하남플러스 동물병원,"경기도 하남시 하남대로 792-1, 소원빌딩 1층 (신장동)",031-792-8575,448736.2442,218443.4878
1196,미사서울동물병원,"경기도 하남시 미사강변남로 45, 골든브릿지 1동 211호 (망월동)",031-795-6060,450891.4004,216415.2684
1197,튼튼동물의료센터,"경기도 하남시 미사강변동로 82, 서건 미사 메트로타워 2,3층 201~211,311호 (망월동)",031-792-5277,451151.4664,217033.3048
1198,강남애니동물병원,경기도 하남시 신평로 168 (신장동),031-795-0903,449450.4768,218616.0437
1199,고려동물병원,"경기도 하남시 신평로168번길 56, K 빌딩 1층 103호 (신장동)",1577-9291,449383.5555,218899.0992
1200,사랑동물병원,"경기도 하남시 하남대로 809, 1층 (신장동, 경림빌딩)",795-7523,448764.5982,218276.4615
1201,누리동물병원,"경기도 하남시 대청로 50-1, 상가동 1층 101호 (신장동, 백송한신아파트)",792-4904,448605.7053,219175.755
1202,하남숲동물병원,"경기도 하남시 신장로 202, 1층 (덕풍동)",070-4624-0075,449011.414,217512.5659
1203,미사동물병원,"경기도 하남시 미사강변중앙로 223, 203호 (망월동)",031-796-7179,451607.6795,216570.7468
1204,미사숲동물의료센터,"경기도 하남시 미사강변대로 222, 2층 202호 (망월동, 미사중앙프라자)",031-791-7579,451928.7073,216205.0945
1205,금촌종합동물병원,경기도 파주시 아동로 11-1 (금촌동),031-941-7777,473572.2867,180177.5626
1206,파주유우진료소(산업동물에 대한 출장진료를 전문으로 함),경기도 파주시 조리읍 봉천로 11,031-941-3030,471117.8081,183182.0425
1207,푸른동물병원,"경기도 파주시 중앙로 280, 17호 (아동동, 장안초원아파트)",,473213.1561,180294.9086
1208,고려동물병원,"경기도 파주시 새꽃로 62, 베스트프라자 1층 112호 (금촌동)",031-941-2422,472580.2658,179569.7244
1209,한국동물병원(산업동물에 대한 출장진료를 전문으로 함),경기도 파주시 월롱면 엘지로 245,,478868.0802,179032.6272
1210,하은동물병원,"경기도 안양시 동안구 관악대로 257, 2층 (비산동)",031-388-7585,433370.55,195637.2706
1211,다사랑동물병원,"경기도 안양시 동안구 시민대로 266, 103호 (관양동, 평촌샤르망오피스텔)",031-385-7588,432416.1016,196414.1604
1212,쿨펫동물병원,"경기도 안양시 동안구 시민대로 300, 지하1층 (관양동, 평촌이마트)",031-382-0011,432521.0429,196752.3327
1213,중앙동물병원,경기도 안양시 만안구 안양로 258 (안양동),031-444-0275,,
1214,서울종합동물병원,"경기도 안양시 동안구 흥안대로 492 (관양동,1층)",031-422-7565,432855.6913,197940.4635
1215,수호천사동물병원,경기도 안양시 만안구 박달로 551 (안양동),031-451-7582,,
1216,정수동물병원,"경기도 안양시 동안구 흥안대로456번길 11, 102호 (평촌동,본프라자)","031-425-7588,7580",432525.7506,197848.0819
1217,의양동물병원,"경기도 양주시 은현면 은현로 40, 1층",,485542.7925,202002.1732
1218,양주축협동물병원,"경기도 양주시 고덕로355번길 28-37, 2층 (고읍동)",031-863-2223,478134.8631,207125.264
1219,현대가축병원,경기도 양주시 남면 화합로 583,031-868-5061,485476.8324,199432.2233
1220,덕정동물의료센터,"경기도 양주시 고암길 306-53, 덕정파크프라자 202, 203호 (덕정동)",031-857-7551,481572.8743,205917.2097
1221,양주동물병원,경기도 양주시 남면 화합로 629-6,,485468.2286,199932.7042
1222,사단법인 한국동물구조관리협회 동물병원,경기도 양주시 남면 감악산로 63-37,031-867-9119,485280.2452,198456.2309
1223,양주24시해든동물의료센터,"경기도 양주시 부흥로 1938, 201호 (광사동)",031-848-9111,476932.8752,206811.8919
1224,우리동물병원,"경기도 안양시 동안구 비산로 18, 자이아이파크 상가동 205호 (비산동)",031-465-3375,,
1225,도래동물병원,"경기도 오산시 청학로 250, 1층 104호 (수청동)",031-375-7590,407676.0977,205353.5784
1226,위더스동물의료센터,"경기도 오산시 수목원로 466, 성민리치프라자 201,202호 (금암동)",031-373-2975,408160.399,204370.1321
1227,장수동물의료원,"경기도 오산시 성호대로 26, 1층 (오산동)",031-373-0775,405268.7257,205617.2018
1228,일동동물병원,경기도 포천시 일동면 화동로 1044-1,,494919.4308,227824.8745
1229,백두산동물병원,경기도 포천시 소흘읍 솔모루로 110,542-1023,480925.0552,213075.731
1230,중앙동물병원,경기도 포천시 관인면 창동로 1841,,517144.5195,222020.471
1231,백석동물병원,경기도 양주시 백석읍 꿈나무로 163,031-879-7433,476930.5986,198979.5884
1232,김동물병원,경기도 양주시 광적면 광적로 119,031-879-4650,480710.7945,198136.4678
1233,로얄동물병원,경기도 양주시 고암길 58 (고암동),031-857-7570,481011.535,206032.185
1234,24시스마일동물의료센터동물병원,"경기도 이천시 구만리로 177, 다나빌딩 2, 3층 (진리동)",031-633-7582,419112.3929,240080.6173
1235,김세영 Poultry Clinic「산업동물 출장진료 전문」,경기도 이천시 신둔면 경충대로 3166,,423084.1232,235597.8649
1236,바우동물병원,경기도 안양시 만안구 박달로 512 (박달동),031-443-1280,,
1237,주현동물병원,경기도 안양시 만안구 병목안로 57 (안양동),031-443-9726,432692.949,192475.6936
1238,안민 동물병원,경기도 양주시 은현면 은현로 73-8,031-859-0087,485869.7955,202020.0033
1239,해맑은동물병원,"경기도 양주시 고읍남로 14, 더테라스 102호 (광사동)",031-865-5700,476963.4642,206945.2505
1240,포천대신동물병원,경기도 포천시 중앙로 170 (신읍동),031-536-7589,488694.2337,218112.3184
1241,우리동물병원,경기도 포천시 중앙로 50 (신읍동),031-536-0229,487686.0326,217416.1232
1242,해피올동물병원,"경기도 포천시 소흘읍 호국로 571, 정우빌딩",542-9482,480062.0609,212275.9601
1243,영중동물병원,경기도 포천시 영중면 양문로 82-1,,499726.4525,221257.1706
1244,신성동물병원,경기도 포천시 내촌면 내촌로 73-8,,476047.5512,220012.378
1245,반창꼬동물병원,"경기도 양주시 옥정로 151, 힐링프라자 3층 2호 (옥정동)",031-858-2918,479205.3731,207885.4485
1246,김인천동물병원,"경기도 안양시 동안구 경수대로 472 (호계동, 영풍주상복합아파트상가 114호)",031-477-7275,429212.5104,196318.0354
1247,경기중앙동물병원,"경기도 안양시 만안구 안양로 150 (안양동,신강빌딩 지상1층)","031-443-8875,7560",,
1248,해오름동물병원,"경기도 파주시 문산읍 당동2로 11, 104호",031-953-7587,485062.8301,180921.5858
1249,Dr.Mini 하늘다람쥐 전문병원,경기도 파주시 꽃창포길 16 (문발동),070-7796-0333,468542.955,174178.1314
1250,운정호수동물메디컬센터,"경기도 파주시 경의로 1114, 에펠타워 202,203호 (야당동)",031-937-8225,468269.5659,178804.2244
1251,이천동물병원「산업동물 출장진료 전문」,경기도 이천시 어재연로 24-0 (중리동),031-635-2371,419751.7879,239348.7485
1252,제일동물병원,"경기도 안양시 동안구 시민대로 187, 105호 (비산동, 안양건설타워)",031-388-1845,432187.9151,195651.6739
1253,이윤권양한방동물병원,"경기도 안양시 만안구 만안로 284, 111호 (안양동, 마인빌)",031-469-7581,433673.7081,192785.3363
1254,제일동물병원,경기도 이천시 영창로 181 (창전동),031-633-9883,420056.7701,239193.5631
1255,하나동물병원,경기도 이천시 중리천로 99 (창전동),637-2543,419671.3685,239667.6732
1256,나라동물병원,경기도 이천시 설봉로 46 (관고동),,419926.4332,238786.5583
1257,이천축산업협동조합동물병원,경기도 이천시 구만리로 107 (진리동),031-634-6611,418687.6338,239650.0232
1258,피그벳동물병원「산업동물 출장진료 전문」,경기도 이천시 이섭대천로 914(율현동),631-3865,416777.4588,239301.8788
1259,J&C 동물병원「산업동물 출장진료 전문」,경기도 이천시 설성면 신암로 91,031-643-5545,403900.899,248692.1373
1260,유수의과병원,경기도 이천시 모가면 대월로63번길 70,031-632-8853,407854.0792,242646.2916
1261,주영동물병원「산업동물 출장진료 전문」,경기도 이천시 장호원읍 서동대로8809번길 22-29,,401777.254,254639.8281
1262,관양동물병원,"경기도 안양시 동안구 관악대로 327-1, 1층 (관양동)",031-384-3920,433525.7175,196318.4454
1263,인방동물의료센터,"경기도 안양시 동안구 귀인로 194, 1,2층 (평촌동)",031-388-0075,431463.9569,196453.7108
1264,평촌동물병원,"경기도 안양시 동안구 평촌대로 142, 평촌트윈마트 106, 지하1층24호 (평촌동)",031-384-9505,431435.6886,196377.8815
1265,안양비산동물병원,"경기도 안양시 만안구 태평로52번길 37, 201호,202호 (안양동)",031-446-6575,,
1266,24시마음든든동물병원,"경기도 안양시 만안구 경수대로 1234, 3층 301호 (석수동, 관악센터)",031-474-2475,,
1267,비타민동물메디컬센터,"경기도 안양시 동안구 관악대로 267, 1,2층 (비산동)",031-465-7582,433399.9435,195733.8813
1268,광적동물병원,경기도 양주시 광적면 가래비길 39,031-836-3507,480010.4141,198735.13
1269,현대동물병원,경기도 포천시 소흘읍 송우로 87,541-9488,480861.781,212192.8191
1270,카우만 동물병원,경기도 포천시 왕방로 68 (신읍동),,487555.6226,216606.88
1271,대한동물병원,경기도 포천시 영북면 영북로203번길 30,,509960.3352,223680.0853
1272,포천동물병원,경기도 포천시 중앙로 170 (신읍동),031-535-2978,488694.2337,218112.3184
1273,라임동물병원,경기도 포천시 영중면 호국로 2558,031-533-5065,494022.6164,220819.7579
1274,푸른동물병원,"경기도 여주시 세종로 27-1, 푸른동물병원 (홍문동)",883-6363,421672.4022,256396.8825
1275,디아나동물병원,"경기도 안양시 동안구 관악대로 317-4, 1층 (관양동)",031-381-8275,433510.3306,196213.2
1276,평촌나무동물병원,"경기도 안양시 동안구 흥안대로 458, 1층 103호 (평촌동, 평촌메가타운)",031-425-3403,432540.0081,197819.9516
1277,인덕원동물의료센터,"경기도 안양시 동안구 흥안대로 495, 2층 (관양동)",031-426-0075,432909.5011,197845.3451
1278,테라리움동물병원,경기도 안양시 동안구 관평로 314 (관양동),031-388-7588,433594.7337,196179.5726
1279,씨엘동물병원,"경기도 안양시 동안구 동편로 6, 207호 (관양동, 스마트프라자)",031-425-7512,433738.6824,197405.2811
1280,쇼독동물병원,"경기도 안양시 동안구 경수대로 833, 2층 (비산동)",031-465-0907,,
1281,다온동물병원,"경기도 안양시 동안구 평촌대로 124, , 귀인로190번길 39 (평촌동)",031-689-5975,431270.1816,196449.7332
1282,한강동물병원,경기도 포천시 군내면 호국로 1628,031)536-8388,488426.9983,218159.4447
1283,바이웰동물병원,경기도 포천시 영중면 양문로 94,,499837.0376,221272.7256
1284,사랑종합동물병원,경기도 포천시 소흘읍 솔모루로 118,031-544-0275,480983.704,213098.1433
1285,여주동물병원,경기도 여주시 웅곡길 25 (점봉동),,418262.5731,255930.4631
1286,경기동물전문병원「산업동물 출장진료 전문」,경기도 이천시 남천로 65 (중리동),,419558.8643,239361.7601
1287,중부동물병원 「산업동물 출장진료 전문」,경기도 이천시 남천로 63-1 (중리동),031-634-3030,419559.6554,239348.3143
1288,태성동물병원「산업동물 출장진료 전문」,경기도 이천시 구만리로 325 (갈산동),,419992.8299,241311.6149
1289,헤세드동물병원,"경기도 이천시 마장면 마장로 16, 마장타워 1층 109호",031-642-7582~3,416862.8126,231332.1695
1290,우리동물병원,경기도 이천시 영창로 246 (창전동),634-0052,419924.4868,239827.2634
1291,홍익동물병원,경기도 이천시 단월로 17-13 (단월동),637-7762,413199.7226,239843.8378
1292,다산동물병원「산업동물 출장진료 전문」,경기도 이천시 장호원읍 서동대로8809번길 22-5,643-7582,401772.1456,254534.4645
1293,행복한 동물병원,경기도 이천시 경충대로 2486 (진리동),636-7582,418943.8765,240314.9422
1294,우리소동물병원 「산업동물 출장진료 전문」,경기도 이천시 모가면 진상미로 1324,031-632-3836,408160.3377,242570.6455
1295,강산동물병원,경기도 여주시 홍문동 세종로 68-17,,421294.2486,256175.3128
1296,PMC동물병원「산업동물 출장진료 전문」,경기도 이천시 대월면 대월로 940,031-635-7620,415302.0539,243991.8705
1297,고방동물병원,경기도 이천시 부발읍 경충대로 2260,031-632-7582,417767.7433,242143.5404
1298,이천동물의료센터,경기도 이천시 이섭대천로 1342 (증포동),031-632-7510,420767.8991,240059.1424
1299,장호원동물병원,경기도 이천시 장호원읍 장감로 23,031-643-0010,401777.8495,255504.528
1300,사랑동물병원,경기도 여주시 세종로237번길 1 (교동),,419692.4687,256506.9484
1301,석수동물병원,"경기도 안양시 만안구 연현로 109, 2동 104호 (석수동, 석수두산위브아파트 상가동)",031-473-1275,,
1302,동주동물병원,"경기도 안양시 동안구 경수대로 446, 이편한세상아파트 22동 C상가 202호, 203호 (호계동)",031-455-7588,429085.306,196600.3542
1303,위즈펫동물병원,"경기도 안양시 동안구 관악대로 104, 2층 (비산동, 리홈안양이마트)",031-381-7512,,
1304,이룸동물병원,"경기도 안양시 동안구 관악대로 167, 1층 (비산동, 비산 이편한세상 상가동)",031-381-0166,433091.8324,194842.3914
1305,동편동물병원,"경기도 안양시 동안구 동편로27번길 7, 1층 107,108호 (관양동)",031-426-8661,433843.4787,197461.7976
1306,중앙동물병원,"경기도 여주시 여흥로 97, 중앙동물병원 (창동)",885-3347,421725.0089,256160.5198
1307,태성진동물병원,"경기도 여주시 청심로 121-7, 태성진동물병원 (하동)",883-6615,422081.555,256120.6182
1308,동물진료법인 넬동물의료재단,"경기도 안양시 동안구 시민대로 312, 129,130,131호 (평촌동, 평촌칼라힐주차빌딩)",031-421-7579,432554.707,196822.12
1309,세종가축병원,"경기도 여주시 오학동 강변북로 42, 1동",883-2802,422395.6348,257193.1827
1310,그린축산동물병원,경기도 여주시 여흥로33번길 5 (하동),886-7582,422065.5946,255609.8919
1311,백산동물병원,경기도 여주시 청심로 99 (하동),031-883-3030,422138.4284,255921.8447
1312,토브동물병원,"부산광역시 북구 화명대로 20, 대성빌딩 101호 (화명동)",513619975,194677.2367,382914.8557
1313,비포유동물병원,경기도 이천시 마장면 중부대로 645,031-638-8803,416893.5678,236078.1082
1314,바라다동물병원,"경기도 의정부시 평화로 508, 1층 (의정부동)",031-876-7582,470551.79,204161.8562
1315,그랜드 동물병원,경상남도 김해시 율하1로 110 (율하동),,187465.5993,365333.6582
1316,24시 블레스동물메디컬센터,"경기도 용인시 기흥구 동백3로11번길 9, 201호 (중동)",031-546-0942,418649.685,213495.832
1317,테오종합동물병원,충청북도 음성군 금왕읍 음성로 1203,043-882-8975,388455.6002,253182.9698
1318,아이앤지동물병원,"부산광역시 해운대구 대천로 114, 1층 (좌동)",051-702-5575,188344.0893,398045.8303
1319,대심동물병원,"경기도 고양시 덕양구 통일로 753, 도광빌딩 1층 3호 (관산동)",031-962-1588,464969.0961,188178.6433
1320,라이프 동물병원,"서울특별시 영등포구 가마산로 442, 상가동 B207, 208호 (신길동, 래미안프레비뉴)",02-832-7975,444749.0508,191810.3157
1321,영등포아크로 동물병원,"서울특별시 영등포구 국회대로54길 10, 근린생활시설 6동 2호 (영등포동7가, 아크로타워 스퀘어)",02-2632-2307,446910.5408,191687.4929
1322,동천 동물병원,"대구광역시 북구 동천로24길 3, 1층 (동천동)",053-323-8875,272436.045,340773.8117
1323,멍멍냐옹동물병원,"인천광역시 남동구 구월남로 130, 105,106호 (구월동)",,439013.6938,173720.9861
1324,시드니종합동물병원,"인천광역시 미추홀구 미추홀대로 594, 동경프라자 1층 (주안동)",032-437-7588,438759.0482,171627.1412
1325,포시즌 동물병원,"인천광역시 연수구 아트센터대로 198, 주유소 3동 2층 (송도동)",032-858-7570,432714.3603,167258.9499
1326,한결산업동물병원「산업동물 출장진료 전문」,경기도 이천시 설성면 설성로 14-6,,403603.012,246078.8451
1327,헬릭스동물심장수술센터,"서울특별시 중구 을지로38길 20, 뉴천지관광호텔 2층 (을지로5가)",02-6965-7502,451511.2628,200225.9831
1328,헬릭스동물암센터,"서울특별시 중구 을지로38길 20, 뉴천지관광호텔 1층 (을지로5가)",02-6956-7502,451511.2628,200225.9831
1329,서울동물영상종양센터,"서울특별시 중구 을지로38길 20, 뉴천지관광호텔 1층 (을지로5가)",02-6956-7502,451511.2628,200225.9831
1330,대치동물메디컬센터,"서울특별시 강남구 도곡로 520, 무진빌딩 1층 (대치동)",02-501-8275,444135.76,205540.4659
1331,센트럴동물병원,"대구광역시 중구 달구벌대로 1943, 101동 2층 201호 (대신동, 대신e편한세상)",214-5577,263810.3615,342301.6228
1332,성신동물병원,"서울특별시 성북구 아리랑로 18, 1층 101호 (동선동5가)",02-927-7517,454689.0376,201372.3781
1333,베이지동물병원,"서울특별시 성동구 왕십리로 410, D동 106호 (하왕십리동, 센트라스)",02-2295-9888,451536.6809,202372.912
1334,예동물병원,"인천광역시 부평구 갈월동로 13, 1층 (갈산동)",032-362-8111,445161.254,175977.8102
1335,대전24시 센트럴동물병원,"대전광역시 중구 계룡로 789, 1층 (용두동)",042-719-7779,314325.5854,236296.039
1336,성수동물병원,"충청남도 홍성군 홍성읍 충서로 1318, 3층",,343643.8101,168983.1297
1337,엘동물의료센터,"부산광역시 연제구 중앙대로 1112, 2층 (연산동)",051-862-8275,189496.4875,389545.9461
1338,도담동물병원,경상북도 영주시 가흥로357번길 17(가흥동),,370966.1892,343658.3524
1339,기흥로움동물병원,"경기도 용인시 기흥구 기흥역로 9, 1층 상가 128호 (구갈동, 기흥역 롯데캐슬 레이시티/주상복합)",,419178.7083,210145.9123
1340,김미경 동물병원,"서울특별시 도봉구 마들로 664, 킴스타워 2층 (도봉동)",955-6530,463003.5445,204033.0295
1341,아이봄 동물병원,서울특별시 중랑구 신내로 66 (신내동),02-433-7515,455862.279,208374.5495
1342,에이비씨(ABC)동물병원,"서울특별시 서초구 사임당로 151, 대한무지개종합상가 1층 103호 (서초동)",02-3471-0075,443352.0246,202216.05
1343,킴스동물의료센터,충청남도 당진시 북문로 6 (읍내동),041-356-2821,377532.8788,166775.1637
1344,연수동물메디컬센터,인천광역시 연수구 샘말로7번길 5 (연수동),032-817-5182,434492.6908,171381.4224
1345,안동동물의료센터,경상북도 안동시 광명로 154-1 (옥동),054-854-0075,341394.2629,352187.8383
1346,롯데동물메디컬센터,"부산광역시 부산진구 거제대로 20-1, 2, 3층 (양정동)","051-851-6612,3",187645.5045,388296.7178
1347,장재영외과동물병원,"경기도 성남시 분당구 운중로 142, 판교메디칼타워 2층 (운중동)",031-8017-7511,432129.0103,206910.9986
1348,제천종합동물병원,충청북도 제천시 의림대로 182-1 (중앙로2가),043-652-0075,405329.1137,307762.4035
1349,아이동물병원,경기도 이천시 경충대로2481번길 7 (진리동),031-631-0045,418816.4238,240305.3702
1350,수동물메디컬센터,경상남도 진주시 진주대로 624 (가좌동),055-924-1000,185365.1443,300769.3838
1351,청담동물병원,"광주광역시 남구 봉선로 205, 플러스존 (봉선동)",062-710-1075,180427.4087,192427.177
1352,유동물병원,"경기도 안산시 단원구 선부광장로 71, 101호 (선부동)",507-7507,425668.7526,183184.3804
1353,한서동물병원,"경기도 양평군 양평읍 충신로 280, 104호",,440705.1234,244968.798
1354,첨단사랑동물병원,"광주광역시 광산구 월계로 217, 쌍암동 첨단프라자 122호 (쌍암동)",062-972-5996,190507.9868,186207.2391
1355,성신동물병원,"충청남도 당진시 신평면 상오로 130-24, 1동 1호",,373126.5973,177916.4765
1356,한솔동물병원,경상북도 의성군 봉양면 원지2길 53-9,,312066.7874,341220.9851
1357,러브펫 동물병원,"서울특별시 영등포구 영중로 15, 타임스퀘어 지하층 B104호 (영등포동4가)",02-2634-8275,446098.5559,191385.0574
1358,옥포태양동물병원,"대구광역시 달성군 옥포읍 돌미로 67, 옥포태양동물병원",053-617-0313,254401.7934,330218.9279
1359,윤동물병원,"경상북도 경주시 용황로7길 8, 102동 1107호 (용강동, 협성휴포레용황)",,267236.8339,401050.7754
1360,강남메디컬동물병원,경상북도 안동시 충효로 4465 (정하동),054-901-1100,340365.0094,355353.8149
1361,차오름 동물병원,경상남도 거창군 거창읍 수남로 2219,,242283.4053,282414.6126
1362,어강동물병원,"경기도 남양주시 경춘로 925-1, 1층 (금곡동)",031-595-7582,459007.3042,217974.2399
1363,웰니스 동물병원,"경기도 용인시 수지구 성복2로 10, 지하1층 (성복동, 성복역롯데캐슬골드타운)",031-898-1911,423410.2183,207273.4907
1364,우리들동물메디컬센터,서울특별시 양천구 신월로 355(신정동),02-2642-7588,446687.5437,187597.0628
1365,헬로우 동물병원,"서울특별시 서대문구 연희로 178, 1층 (연희동)",02-333-7750,452277.6752,194255.3419
1366,윤동물병원,"전라남도 장흥군 대덕읍 대대로 942, 1층 107호",061-867-8675,118388.6041,194269.0099
1367,스마일 동물병원,경기도 오산시 내삼미로 83 (수청동),313755975,407536.6381,205790.7488
1368,리버동물의료센터,"세종특별자치시 한누리대로 2264, 씨티오브드림 205호 (대평동)",044-865-7599,330259.8326,224735.0141
1369,서초 이태형 동물병원,"서울특별시 서초구 강남대로79길 32, 제이디 빌딩 1층 (반포동)",02-6949-3038,444731.4409,201907.1922
1370,함께하는 동물병원,"전라남도 영광군 영광읍 신남로 180, 1층 105호",613523353,197506.2928,154604.7941
1371,신규동물병원,경상북도 김천시 양금로 196-1(황금동),,290707.5997,301039.9744
1372,정산동물병원,"전북특별자치도 정읍시 이평면 황토현로 298, 2층 2호",,240487.3099,185270.3078
1373,샘골동물병원,"전북특별자치도 정읍시 이평면 황토현로 298, 2층 1호",,240487.3099,185270.3078
1374,제이에스 동물병원,전북특별자치도 정읍시 수성4로 3-17(수성동),,231877.2615,186962.1075
1375,청하산업동물병원,"전북특별자치도 정읍시 벚꽃로 35, 청하산업동물병원 (농소동)",,231562.7605,185669.4915
1376,대영동물병원,전북특별자치도 정읍시 정읍사로 512-2(시기동),,227705.31,187435.2109
1377,눈이튼튼 동물병원,"경기도 수원시 팔달구 권광로 208, 인송빌딩 2층 205호 (인계동)",031-526-7333,418217.1107,202938.7168
1378,숲속동물병원,"경기도 화성시 수노을중앙로 126, 202-203호 (새솔동)",,420379.4894,183748.5156
1379,김용태산업동물병원,전북특별자치도 정읍시 태인면 정읍북로 1250-1,533-9890,239069.622,194379.8667
1380,다나동물병원,"전북특별자치도 정읍시 충정로 199, 다나동물병원 (장명동)",063-537-1041,229752.903,187131.3074
1381,리브동물의료센터,"경상남도 양산시 웅상대로 825, 2층 201호 (덕계동)",557810028,210403.0688,395572
1382,녹십자산업동물병원,"전북특별자치도 정읍시 시기4길 30, 녹십자동물병원 (시기동)",,228306.0644,187383.4843
1383,청수동물병원,전북특별자치도 정읍시 충정로 319 (연지동),063-537-7588,230456.6475,186195.8691
1384,마이펫종합동물병원,"전북특별자치도 정읍시 중앙로 83-1, 마이펫종합동물병원 (수성동)",063-538-8575,229976.157,186284.2604
1385,서울동물병원,"전북특별자치도 정읍시 신태인읍 연정길 16, 1층",,243382.5757,189846.9684
1386,쿨펫동물병원,"전북특별자치도 정읍시 벚꽃로 85, 롯데마트2층 (농소동)",,231110.2635,185466.2125
1387,청십자산업동물병원,전북특별자치도 정읍시 충정로 348 (연지동),,230744.9856,186095.07
1388,순정축협 동물병원,전북특별자치도 정읍시 북면 정읍북로 710-1 (순정축산업협동조합TMF사료공장),063-533-6831,235425.0455,190562.8113
1389,안전성평가연구소 전북첨단바이오연구본부 부속 병원,전북특별자치도 정읍시 백학1길 30 (신정동),063-570-8757,,
1390,우성산업동물병원,전북특별자치도 정읍시 충정로 363 (연지동),,230830.6751,186004.5688
1391,수제산업동물병원,전북특별자치도 정읍시 충정로 349 (연지동),,230726.6673,186053.6179
1392,기린동물병원,"전북특별자치도 정읍시 충정로 92-1, 기린동물병원 (상동)",,229125.2552,187935.1685
1393,칠보동물병원,전북특별자치도 정읍시 칠보면 복호2길 19-1,,233109.8815,200208.4059
1394,최동물병원,전북특별자치도 정읍시 칠보면 검단1길 65-24,,234764.5179,199544.5073
1395,대한동물병원,"전북특별자치도 정읍시 관통로 14, 누나분식 (장명동)",535-4276,229524.99,187338.2457
1396,다산동물병원,"전북특별자치도 정읍시 서부산업도로 437, (유)동성건설 (농소동)",,231668.8734,186583.2788
1397,정주산업동물병원,"전북특별자치도 정읍시 태인면 석지로 1273, 정주산업동물병원",,240763.0605,193286.4013
1398,대성동물병원,전북특별자치도 정읍시 서부산업도로 178 (상평동),,229575.1171,185081.5114
1399,한국생명공학연구원 영장류자원지원센터 부속 동물병원,"전북특별자치도 정읍시 입암면 넝메길 351-33, 영장류자원지원센터",063-570-5314,224133.7594,183661.9452
1400,조은동물병원,"전북특별자치도 정읍시 수성택지2길 1, 대한빌딩 1층 102호 (수성동)",,230824.3718,186800.4759
1401,우리동물병원,"전북특별자치도 정읍시 학산로 97, 상가동 206호 (상동)",,228849.9273,188528.4784
1402,부산 리브동물의료센터,부산광역시 동래구 충렬대로125번길 6(온천동),051-552-5553,191635.4637,388853.6162
1403,서해동물병원(출장전문),전북특별자치도 김제시 금구면 콩쥐팥쥐로 622,546-8594,257247.9877,197091.2446
1404,한동물병원(출장진료동물병원),전북특별자치도 김제시 용지면 콩쥐팥쥐로 868,,257452.976,199512.2911
1405,유명동물병원(출장전문),"전북특별자치도 김제시 검산택지2길 8-3, 1층 (검산동)",,256020.9863,191269.606
1406,대영동물병원,전북특별자치도 김제시 콩쥐팥쥐로 53 (검산동),,256338.4091,191882.3149
1407,도원동물병원(출장전문),"전북특별자치도 김제시 금성로 86, 1동 1층 (신풍동)",,255457.0265,190845.8756
1408,전주김제완주축협 김제지점 부설 동물병원,전북특별자치도 김제시 콩쥐팥쥐로 35(검산동),063-542-6786,256323.7418,191694.4442
1409,한우리동물병원(출장전문),"전북특별자치도 김제시 금구면 서도길 14, 1동 2층",,252173.8531,199905.6181
1410,우리동물병원,전북특별자치도 김제시 남북로 213-1 (요촌동),063-547-2670,255901.3897,189458.1576
1411,제이동물병원,"전북특별자치도 김제시 검산택지2길 24, 1층 (검산동)",,256044.6073,191314.0945
1412,인성동물병원(출장전문),전북특별자치도 김제시 금산면 원평로 47,,245925.3933,199225.8158
1413,가온동물병원,전북특별자치도 김제시 중앙로 281 (신풍동),,254869.0052,191021.6438
1414,방주동물병원(출장전문),전북특별자치도 김제시 성산길 97(서암동),,255768.1918,189198.9318
1415,돈워리동물병원,전북특별자치도 김제시 용지면 황토로 754,,261558.7365,195946.0959
1416,소앤소동물병원(출장전문),전북특별자치도 김제시 봉남로 984 (황산동),063-542-9765,253810.2379,192229.0782
1417,원평동물병원,,,,
1418,진동물병원,전북특별자치도 김제시 서낭당길 6 (요촌동),,255665.4035,189529.5444
1419,동진동물병원,전북특별자치도 김제시 중앙로 78 (요촌동),,256102.5268,189487.6023
1420,행복을찾는동물병원,전북특별자치도 김제시 남북로 289 (서암동),,256604.1967,189536.4953
1421,성진동물병원,,,,
1422,힐링동물병원,전북특별자치도 전주시 덕진구 송천중앙로 177 (송천동1가),063-272-8575,262522.3384,210883.6781
1423,전주동물병원,전북특별자치도 전주시 완산구 세내로 509-1 (효자동3가),063-255-0630,259116.2644,209219.4518
1424,유앤아이동물병원,전북특별자치도 전주시 완산구 온고을로 102 (서신동),063-275-7553,259342.6056,210023.3457
1425,24시 코끼리동물병원,전북특별자치도 전주시 완산구 모악로 4769 (평화동1가),063-902-7975,255014.453,211871.3093
1426,데이지동물병원,전북특별자치도 전주시 완산구 거마평로 170 (효자동1가),063-225-7588,256411.0081,210452.0809
1427,하트동물병원,전북특별자치도 전주시 덕진구 두간1길 5 (송천동1가),063-276-7675,262745.8039,210879.734
1428,메이동물메디컬센터,전북특별자치도 전주시 완산구 백제대로 332(중화산동2가),063-285-7975,258078.5831,211065.735
1429,동물치유쉼터,"전북특별자치도 전주시 덕진구 소리로 68 (덕진동1가, 전주동물원)",063-281-6740,261749.8707,212994.2759
1430,이지동물병원,"전북특별자치도 전주시 덕진구 편운로 72, 105호 (여의동2가)",063-211-6677,263850.8092,207414.1446
1431,닥터펫동물병원,"전북특별자치도 전주시 완산구 백제대로 370, 2층 (서신동)",,258470.1034,211054.9615
1432,이엘 동물병원,전북특별자치도 전주시 완산구 장승배기로 321(서서학동),,255711.0543,213141.1168
1433,산책동물병원,전북특별자치도 전주시 덕진구 건산로 290 (우아동2가),063-244-7509,259545.5641,215174.5199
1434,마루 동물병원,전북특별자치도 전주시 완산구 감나무3길 4 (서신동),063-276-7500,258970.5596,210984.4892
1435,푸른하늘 동물병원,전북특별자치도 전주시 완산구 모악로 4704 (평화동2가),063-222-4119,254362.289,211814.354
1436,송 동물의료센터,전북특별자치도 전주시 덕진구 견훤로 247 (인후동1가),063-247-6677,259320.2353,214157.9638
1437,숲속동물병원,"전북특별자치도 전주시 완산구 공북로 64, 1층 (태평동)",,258410.7812,212476.3068
1438,패밀리 동물병원,"전북특별자치도 전주시 덕진구 동부대로 877, 남촌빌딩 A동 2층 (호성동1가)",,262698.8589,213343.6783
1439,다올동물병원,전북특별자치도 전주시 완산구 용머리로 132 (효자동1가),063-717-0102,256171.8995,211202.3499
1440,모래내동물병원,전북특별자치도 전주시 덕진구 안덕원로 165 (인후동2가),063-274-7500,259320.2864,213111.3749
1441,바우동물병원,전북특별자치도 전주시 덕진구 견훤로 491 (우아동3가),063-243-3200,261601.3153,213935.3866
1442,웰동물병원,전북특별자치도 전주시 완산구 서원로 72 (효자동2가),063-227-8275,257034.795,209180.1567
1443,대영동물병원,전북특별자치도 전주시 덕진구 동부대로 582 (산정동),063-246-7155,260267.3415,215026.6119
1444,펫동물병원,"전북특별자치도 전주시 완산구 거마평로 162, 101호 (효자동1가)",063-221-7582,256337.6969,210476.6245
1445,하누동물병원,"강원특별자치도 홍천군 홍천읍 설악로 1628-16, 2호",,464564.585,277678.4495
1446,한독동물병원,강원특별자치도 춘천시 후석로 401 (후평동),033-242-2925,487288.0377,265535.6933
1447,동삼동물병원,강원특별자치도 춘천시 동내면 영서로 1786,033-261-8175,481790.2988,266842.7248
1448,현대동물병원,강원특별자치도 춘천시 춘천로 267 (후평동),033-256-2744,486645.3695,265284.9695
1449,제일동물병원,강원특별자치도 춘천시 행촌로 43-1 (퇴계동),033-252-7582,484457.5885,263722.5262
1450,소망동물병원,강원특별자치도 춘천시 영서로 2293 (온의동),033-251-6577,485005.9554,263289.8536
1451,조 동물병원,강원특별자치도 춘천시 공지로 299-1 (효자동),033-251-0911,485220.7635,264343.518
1452,강남종합동물병원,강원특별자치도 춘천시 우석로 37 (석사동),033-263-0513,484746.6554,265926.691
1453,강원대학교 부속 동물병원,강원특별자치도 춘천시 강원대학길 1 (효자동),033-250-8606,485420.872,265481.558
1454,우리동물병원,강원특별자치도 춘천시 동내면 춘천순환로 70,033-263-7502,483901.9791,266079.3065
1455,춘천철원화천양구축산업협동조합,강원특별자치도 춘천시 후석로440번길 10 (후평동),033-252-3205,487577.8157,265400.3511
1456,도담동물병원,강원특별자치도 춘천시 신북읍 율문길 80,,491650.3732,265549.5372
1457,와일드 동물병원,강원특별자치도 춘천시 샘물단지길 22-26(사농동),,489852.7955,263377.4528
1458,품속동물병원,"강원특별자치도 춘천시 안마산로 97, 102호 (퇴계동)",033-242-7559,483867.606,263881.2811
1459,퇴계강남동물병원,"강원특별자치도 춘천시 남춘천새길 4, 1층 및 2층 (퇴계동)",033-263-7584,484474.685,264537.865
1460,리본동물의료센터,"강원특별자치도 춘천시 남춘천새길 4, 2층 (퇴계동)",033-263-7584,484474.685,264537.865
1461,춘천한우진료소,강원특별자치도 춘천시 샘물단지길 19 (사농동),,489704.004,263379.8074
1462,현대가축병원,강원특별자치도 홍천군 홍천읍 홍천로 360,033-434-3926,465542.9553,278023.5694
1463,신흥동물병원,강원특별자치도 홍천군 홍천읍 번영로 61-1,033-434-2206,465707.2056,278183.5071
1464,홍천축협동물병원,강원특별자치도 홍천군 홍천읍 꽃뫼로 82,033-439-3458,465755.9172,277775.9324
1465,윤성철동물병원,강원특별자치도 홍천군 홍천읍 홍천로 383,435-6995,465649.6899,278217.6892
1466,우리 동물병원,강원특별자치도 홍천군 홍천읍 홍천로 420,,465871.1119,278513.8112
1467,다나아 동물병원,강원특별자치도 홍천군 홍천읍 설악로 1475,033-435-7279,464623.7017,276251.0144
1468,봄 동물병원,"강원특별자치도 홍천군 홍천읍 무궁화로 44, 봄 동물병원 1동 1층",033-436-7582,464937.8427,277017.8934
1469,고려동물병원,강원특별자치도 춘천시 안마산로 189 (퇴계동),033-264-9975,483424.1237,264639.4986
1470,미래종합동물병원,"강원특별자치도 춘천시 공지로 159, 1층 (석사동)",033-257-7533,484406.5848,265448.3424
1471,수호동물병원,강원특별자치도 영월군 영월읍 하송안길 37,033-375-9275,409856.0077,330024.3859
1472,류인광동물병원(출장진료전문병원),강원특별자치도 영월군 한반도면 강원남로 134,,409469.2417,316227.8748
1473,봄내동물병원,강원특별자치도 춘천시 퇴계로 221 (석사동),033-262-9070,484018.3734,265328.0292
1474,강원대학교부설 야생동물구조센터,"강원특별자치도 춘천시 강원대학길 1, 강원대학교 (효자동)",033-250-7500,485420.872,265481.558
1475,육군 군견훈련소,강원특별자치도 춘천시 동내면 영서로 1733,033-264-0909,480971.7505,266882.6237
1476,AK동물병원,강원특별자치도 춘천시 중앙로 127 (중앙로3가),033-242-2112,486169.445,263369.5366
1477,광장동물병원,"강원특별자치도 춘천시 춘천로 188, 114호 (효자동)",033-242-8075,486195.4544,264625.0075
1478,하나동물병원,강원특별자치도 춘천시 춘천로 287-1 (후평동),033-243-7511,486750.4935,265474.317
1479,땡큐,강원특별자치도 춘천시 영서로 2755-1 (우두동),033-255-7582,488778.9504,263967.1085
1480,수존동물병원,강원특별자치도 춘천시 행촌로 44-1 (퇴계동),033-244-9975,484435.9732,263750.1579
1481,닥터각 동물병원,"강원특별자치도 춘천시 지석로 11, 하나로마트(퇴계점) 별관동 1층 106호 (퇴계동)",261-2524,483744.5427,264838.522
1482,축협동물병원,강원특별자치도 영월군 영월읍 단종로 5,033-372-2260,410135.2912,330292.3368
1483,성일동물병원,"강원특별자치도 철원군 동송읍 금학로 182, 1층",455-8943,522503.9509,219228.7462
1484,문혜동물병원,강원특별자치도 철원군 갈말읍 명성로 279,452-5894,517085.6407,227012.0186
1485,동주동물병원,강원특별자치도 철원군 동송읍 이평2로 17,,522672.7159,219302.5069
1486,철원동물병원,"강원특별자치도 철원군 김화읍 외골길 18-15, 철원낙농영농 조합법인",,527103.4975,235504.71
1487,튼튼동물병원,"강원특별자치도 철원군 동송읍 금학로 191, 휴대폰마트 2층",,522570.0731,219145.445
1488,춘천철원화천양구축산업협동조합 철원지점 동물병원,"강원특별자치도 철원군 갈말읍 명성로 209, 춘천철원축협",334523411,516445.5348,226822.1415
1489,아이즈동물병원,강원특별자치도 강릉시 옥가로 22 (옥천동),646-8841,474553.8386,367321.2006
1490,애견종합동물병원,강원특별자치도 강릉시 경강로 2130(옥천동),647-8575,474369.2684,367319.5685
1491,강릉동물병원,강원특별자치도 강릉시 옥가로 18 (옥천동),641-7584,474516.5059,367319.9392
1492,강릉축협동물병원,강원특별자치도 강릉시 용지로 20 (입암동),645-2101,474097.9874,368523.976
1493,도담도담동물병원,강원특별자치도 양구군 양구읍 관공서로43번길 4,,512262.2395,286684.8402
1494,강원양돈축산업협동조합동물병원,강원특별자치도 강릉시 솔올로 9 (교동),642-2212,475083.663,365354.0547
1495,행복한종합동물병원,강원특별자치도 강릉시 경강로 2142 (옥천동),648-7533,474453.042,367397.1806
1496,도그빌동물병원,강원특별자치도 강릉시 명륜로 23-1 (교동),645-2289,474981.6823,367000.7908
1497,나은동물병원,"강원특별자치도 강릉시 교동광장로100번길 8-12, 1층 (교동)",642-7587,475285.8489,365345.931
1498,강남가축병원,강원특별자치도 강릉시 남구길24번길 16 (포남동),033-645-8871,475425.3017,367924.0608
1499,하슬라동물병원,강원특별자치도 강릉시 하슬라로 131 (교동),033-645-7585,474905.5076,365007.8349
1500,베스트동물병원,강원특별자치도 강릉시 경강로 2129 (옥천동),033-922-7582,474414.4759,367297.0401
1501,주주동물병원,강원특별자치도 강릉시 성덕포남로 105 (입암동),033-652-0075,475112.7,368652.6923
1502,24시보듬동물병원,강원특별자치도 강릉시 경강로 2070 (임당동),033-655-7975,473988.604,366853.6027
1503,중앙동물병원,강원특별자치도 강릉시 주문진읍 연주로 308-1,,487938.7737,360650.4058
1504,위드동물병원,"강원특별자치도 강릉시 선수촌로63번길 18-7, 1층 (홍제동)",033-645-5575,474370.2274,364581.6705
1505,춘천철원화천양구축협 양구동물병원,강원특별자치도 양구군 국토정중앙면 창동길 3,033-481-8608,509065.6919,289133.5064
1506,양구동물병원,강원특별자치도 양구군 국토정중앙면 춘양로 3592,033-481-2618,514281.6794,291692.9301
1507,혜인종합동물병원,강원특별자치도 원주시 나비허리길 60 (단구동),033-766-1475,425014.9729,284908.8436
1508,늘푸른종합동물병원,강원특별자치도 원주시 만대로 15 (무실동),033-747-7585,427027.4028,281792.3052
1509,원주축협동물병원,강원특별자치도 원주시 문막읍 건등로 70,033-735-7359,424015.3258,272912.8921
1510,삼성종합동물병원,강원특별자치도 원주시 현충로 278 (태장동),033-732-1275,431115.7294,284023.9284
1511,마루종합동물병원,"강원특별자치도 원주시 무실로 182, 106호 (단계동)",033-742-7582,426975.4047,283125.9434
1512,그린종합동물병원,강원특별자치도 원주시 행구로 44 (개운동),033-762-9882,427018.5136,285065.5393
1513,열린동물병원,강원특별자치도 원주시 만대공원길 8-10 (무실동),033-743-6466,426532.0144,282244.4836
1514,우사랑 동물병원   *출장진료전문병원,강원특별자치도 원주시 문막읍 문막시장1길 82,,422728.3505,272182.3308
1515,조은 동물병원,"강원특별자치도 원주시 로아노크로 8, 1층 (단계동)",033-742-8475,427291.4996,282089.5892
1516,행복드림 동물병원,"강원특별자치도 원주시 천사로 23-17, 1층 (단계동)",033-744-7585,427931.7978,282127.207
1517,이명렬가축병원,강원특별자치도 횡성군 횡성읍 태기로 6,,443641.2687,286955.6229
1518,삼양가축병원,강원특별자치도 횡성군 횡성읍 문정로 12,343-2892,443556.9202,287019.5623
1519,예임양계병원,강원특별자치도 횡성군 횡성읍 읍하로61번길 11,343-8380,444079.0868,287476.9871
1520,하늘가축병원,강원특별자치도 횡성군 횡성읍 한우로 347,342-4488,443098.8631,287583.5765
1521,대한동물병원,강원특별자치도 횡성군 횡성읍 중앙로 12,343-8484,443430.7973,287011.2291
1522,횡성바엘가축병원,강원특별자치도 횡성군 횡성읍 한우로 277-4,343-8380,443503.9861,287050.1631
1523,횡성축협동물병원,강원특별자치도 횡성군 횡성읍 횡성로 337,343-9907,442866.4498,286738.5181
1524,횡성동물병원,강원특별자치도 횡성군 횡성읍 횡성로 390,342-7775,443269.5526,287101.8747
1525,김재문동물병원,"강원특별자치도 횡성군 횡성읍 중앙로 14, 1층",343-5450,443442.6082,286994.0762
1526,원주동물병원,강원특별자치도 원주시 천사로 79 (단계동),033-743-8882,427691.4944,282652.2502
1527,강원동물병원,강원특별자치도 원주시 평원로 67 (중앙동),033-766-7494,428142.8573,284112.2568
1528,현대종합동물병원,"강원특별자치도 원주시 지정면 신지정로 153-15, 1층",033-734-7581,430555.2663,277842.0657
1529,닥터윤 산업동물병원 (출장진료전문병원),"강원특별자치도 원주시 바우골길 24-4, 1층 (단계동)",033-742-8635,428805.0295,282859.5445
1530,문막동물병원,"강원특별자치도 원주시 문막읍 구암길 7, 1층",033-735-7582,424354.6048,273424.2866
1531,로얄종합동물병원,강원특별자치도 원주시 남원로 655 (명륜동),033-766-8230,427018.0775,284414.7903
1532,제일동물병원,"강원특별자치도 원주시 평원로 27, 1층 (중앙동)",033-745-5125,427862.0294,284325.8272
1533,김남수동물병원,강원특별자치도 화천군 사내면 사내로 14-1,441-3213,507650.4642,245817.2606
1534,춘천철원축협 화천지점 동물병원,"강원특별자치도 화천군 화천읍 상승로 41, 춘천축산농협 화천지점",033)442-4181,511561.711,261670.5455
1535,누리종합동물병원,"강원특별자치도 원주시 서원대로 408, 광장빌딩 107,109-113,205호 (단구동)",033-761-0167,425753.2032,284124.4236
1536,샘마루동물병원,"강원특별자치도 원주시 지정면 신지정로 153-46, 1층",033-747-5002,430674.8605,277960.04
1537,패밀리동물병원,강원특별자치도 원주시 봄마중길 2-4 (반곡동),033-743-8119,425286.7501,286899.4589
1538,원주24시스카이동물메디컬센터,"강원특별자치도 원주시 서원대로 502, 골드프라자 1,2층 (단구동)",033-813-9975,425194.8445,284863.7619
1539,해든동물병원,"강원특별자치도 원주시 천매봉길 21, 1층 (단구동)",033-762-9944,424863.3659,283585.1188
1540,두루동물병원,"강원특별자치도 원주시 만대로 166, 102호 (무실동)",033-744-6722,426139.3781,281669.2317
1541,반곡동 작은동물병원,강원특별자치도 원주시 오리현길 22(반곡동),033-747-0075,426770.3703,285744.5769
1542,아리 동물병원,강원특별자치도 화천군 화천읍 가손이길 36,,511046.7495,263621.9485
1543,명휘동물병원             *출장진료전문병원,"강원특별자치도 원주시 판부면 매봉길 2-10, 한숲빌 201호",,424739.5967,283366.6354
1544,동성가축병원,강원특별자치도 평창군 평창읍 노성로 24 (태장위너빌),,430501.165,323138.1478
1545,하나로가축병원,강원특별자치도 횡성군 횡성읍 읍하로59번길 6,345-8575,444067.9274,287456.0279
1546,선진동물병원,강원특별자치도 횡성군 횡성읍 한우로 283-5,,443474.9941,287082.7814
1547,중부동물병원약품,강원특별자치도 횡성군 서원면 금대길 50,,445313.3522,280296.3988
1548,평창축협동물병원,강원특별자치도 평창군 평창읍 노성로 67,033-334-2312,431234.166,323886.7246
1549,서울대학교 대동물병원,"강원특별자치도 평창군 대화면 평창대로 1597-1, 서울대학교그린바이오과학기술연구원",333396119,,
1550,국립축산과학원 한우연구소 동물병원,"강원특별자치도 평창군 대관령면 경강로 4937, 한우시험장",333300617,466490.5171,347837.6049
1551,국립축산과학원 가금연구소 동물병원,"강원특별자치도 평창군 대관령면 대관령마루길 321-11, 고령지 시험장",033-3309500,466274.6254,353142.5835
1552,쭈니동물병원,"서울특별시 관악구 관악로 260, 1층 101호 (봉천동, 에스클래스)",02-878-7588,442780.4708,196214.8578
1553,다산 마스터동물의료센터,"경기도 남양주시 다산중앙로 132, 214호 (다산동)",031-512-0075,458131.7687,213465.9869
1554,도그원동물의료센터,"서울특별시 은평구 연서로29길 24, 2층 (갈현동)",02-358-1591,457480.9901,192667.438
1555,아이콘 동물병원,"경기도 고양시 일산동구 호수로430번길 58-16, 1층 (백석동)",031-994-3200,460253.5022,180712.9665
1556,청담 장튼튼내과동물병원,"서울특별시 강남구 도산대로 537, RNF537 5층 (청담동)",02-549-7581,446996.5196,204559.8008
1557,나봄동물병원,충청북도 증평군 증평읍 삼보로 114-1,,364467.9843,251390.6679
1558,24시김승현외과동물메디컬센터,"광주광역시 남구 대남대로 388, 스타빌딩 1층 (월산동)",062-710-7119,182967.6425,189966.8656
1559,비비동물병원,"서울특별시 광진구 능동로 21, 1층 (자양동)",02-2039-7770,447919.2483,205877.2822
1560,해솔동물병원,"경기도 파주시 가온로 200, 근린생활시설동 120,121호 (와동동, 해솔마을8단지 운정 아이파크 더 테라스)",031-8088-8119,468724.2323,178266.1034
1561,깨비동물병원,"서울특별시 마포구 마포대로 53, 마포트라팰리스 C동 203호 (도화동)",02-711-7582,448799.6418,195266.0731
1562,온동물병원,"전북특별자치도 전주시 완산구 유연로 158, 1층 105호 (효자동3가)",063-909-8275,258311.0274,209231.7413
1563,동물병원 여기로,"경기도 과천시 과천대로2길 6, 과천 테라스 원 308,309,310호 (갈현동)",02-2088-3388,433997.5214,198130.0456
1564,민트동물병원,"경기도 광주시 초월읍 경충대로 1031, 102호",,429914.7718,226669.4075
1565,단주리 동물병원,"전라남도 영광군 영광읍 옥당로 172, 제1호",,197678.5239,154512.9934
1566,하음 동물병원,"충청남도 보령시 주공로 5, 명빌딩(서광정형외과) 2층 (동대동)",,316173.3193,164224.1184
1567,존스홉킨스 동물병원,경기도 평택시 팽성읍 안정로 89,031-615-4472,384639.7922,204573.9494
1568,다올동물병원,"인천광역시 서구 장고개로337번길 7, 104,105호 (가좌동)",713-8384,443445.6345,172147.462
1569,도곡 치유 동물병원,"서울특별시 강남구 도곡로 189, 정금빌딩 1층 (역삼동)",0507-1476-7679,443359.532,203469.1194
1570,홍금동물병원,"서울특별시 강서구 공항대로 449, 2층 (등촌동)",,450270.2197,187295.7035
1571,24시 고덕동물의료센터,"경기도 평택시 고덕중앙로 218, 우성메디컬센터 2층 (고덕동)",1833-3339,394024.0316,203929.1042
1572,키다리아저씨 동물병원,"강원특별자치도 원주시 양지뜰4길 17, 1층 (반곡동)",033-813-0212,425508.4906,287169.618
1573,청순동물병원,전라남도 영광군 영광읍 천년로 1405,,196956.5266,154221.6733
1574,스마트동물병원,"인천광역시 미추홀구 경인로 154, 하람엘스퀘어 2층 (숭의동)",032-716-5539,440484.3842,169816.4468
1575,수정동물병원,"충청북도 괴산군 사리면 방축길 4, 2호",,367924.6887,257796.3554
1576,선진동물병원,"경상북도 영주시 구성로349번길 53, 2층 (영주동)",,370090.9027,344580.6536
1577,TL 동물병원,"대구광역시 달서구 진천로 75-26, 201호 (진천동)",,258226.4007,337396.8006
1578,이퀴피스 말동물병원,제주특별자치도 제주시 조천읍 남조로 1785-12,,-7603.052078,169444.2527
1579,센트럴 동물병원,경기도 포천시 가산면 시우동길 58,,481223.1541,214612.5217
1580,나성 펫 동물병원,대전광역시 중구 평촌로 92 (유천동),,313557.3259,235576.1477
1581,람파스동물병원,"충청남도 천안시 서북구 충무로 136, 102호 (쌍용동)",041-575-8287,365712.9831,210880.0987
1582,SK동물병원(출장진료전문),"경상남도 함안군 군북면 월촌안길 119, 1층",,200819.0251,318078.2792
1583,제이디 동물병원(JD Equine clinic hospital),제주특별자치도 제주시 애월읍 유수암평화2길 35-16,,-8604.835603,145000.0004
1584,유니동물병원,"전북특별자치도 순창군 순창읍 장류로 300, 대신파크맨션",,208514.7243,212220.0972
1585,상무동물병원,"광주광역시 서구 치평로 76, 대한빌딩 1층 (치평동)",,183901.6591,186056.8063
1586,으뜸원동물병원,"경기도 용인시 수지구 수지로 475, 경성렌트카 1층 (동천동)",031-898-4750,426379.1419,208569.544
1587,이건동물병원,"전북특별자치도 남원시 네마실1길 22-7, 1층 (향교동)",,213200.5658,235065.2834
1588,멍냥 동물병원,"경기도 오산시 죽담3로 6, 201호 (궐동)",031-373-1110,,
1589,노창섭동물병원,전라남도 화순군 능주면 죽수길 78,,165693.9361,196163.1871
1590,처음동물병원,"충청남도 천안시 서북구 불당29길 18-2, 2동 101~102호 (불당동)",,367516.6284,209026.7029
1591,오즈동물병원,"서울특별시 강남구 논현로132길 37, 1층 (논현동)",02-6958-7515,445947.783,202885.0666
1592,ABC 동물의료센터,"경기도 과천시 별양상가3로 14, e편한세상 시티 과천 1층 112, 113, 114호 (별양동)",02-2138-0575,435964.7044,199159.2347
1593,초이스외과동물병원,"인천광역시 연수구 인천타워대로 365, B동 201,202호 (송도동, 힐스테이트 송도 더스카이)",032-713-9000,433287.0059,167026.1438
1594,닥터펫 동물의료센터,"경기도 용인시 기흥구 중부대로 375, 1층 1호 (신갈동, 기흥역 롯데캐슬스카이)",031-281-8275,418928.9608,209561.849
1595,제일말전문병원,"광주광역시 서구 매월2로 53, 12동 127호 (매월동, 광주산업용재유통센터)",,179652.0878,187425.3344
1596,바른동물병원,"광주광역시 서구 하남대로 704 (동천동, 지선빌딩)",062-523-5353,185810.4852,188052.7638
1597,화정힐동물병원,"광주광역시 서구 화정로 211 (화정동, 유니버시아드힐스테이트2단지)",062-382-8575,183033.511,188962.6623
1598,로하동물병원,광주광역시 서구 상무민주로76번길 8-1 (쌍촌동),062-371-7512,184225.3487,187198.4424
1599,광주 본 동물병원,광주광역시 서구 경열로 10(농성동),062-447-8575,183734.1576,189715.2976
1600,페츠온 동물병원,"광주광역시 서구 치평로 124, 케이원오피스타운 101호 (치평동)",062-381-8270,184361.9472,186056.7433
1601,현대웰동물병원,광주광역시 서구 상무대로 891 (쌍촌동),373-5293,183540.6293,187122.2566
1602,금호동물병원,광주광역시 서구 금화로 54 (금호동),383-7572,181403.1212,186666.2033
1603,하나로동물병원,광주광역시 서구 상무중앙로 101 (치평동),062-371-0750,184094.5214,186056.6947
1604,노아동물병원,광주광역시 남구 대남대로 407 (월산동),062-363-4860,183110.0836,189808.8932
1605,최광호동물병원,광주광역시 남구 방림로 10 (방림동),062-673-4047,181530.7247,192507.6893
1606,어울림동물병원,광주광역시 서구 회재로 888 (풍암동),062-362-2882,180338.1661,187325.7499
1607,펫케어 동물병원,"부산광역시 부산진구 가야공원로 6, B112호 (가야동, 가야센트레빌아파트)",051-896-7582,185631.7716,384824.6942
1608,미소동물치과병원,"부산광역시 부산진구 가야대로 754 (부전동, 한솔폴라리스)",051-894-5433,186148.6292,387076.9832
1609,정훈동물병원,"부산광역시 부산진구 부전로66번길 10, 4층 (부전동)",,185996.9296,387202.0426
1610,스타동물병원,"부산광역시 부산진구 전포대로 170, B1층 104호 (전포동)",051-819-7588,185582.6974,388183.0795
1611,그린동물병원,"부산광역시 부산진구 전포대로 274 (전포동, 서면대우디오빌2)",518174749,186593.5047,388153.839
1612,도담동물병원,부산광역시 부산진구 망양로 973 (범천동),818-0251,184486.5043,387270.4939
1613,가야종합동물병원,부산광역시 부산진구 가야대로 491 (개금동),894-7559,185689.6138,384527.589
1614,양·한방 전문 힘찬동물병원,"부산광역시 부산진구 대학로 1, 1,2층 (가야동)",,185846.0441,385657.4298
1615,닥터펫 동물의료센터,"부산광역시 부산진구 가야대로 451, 개금메디칼빌딩 1층 (개금동)",051-891-8575,185697.0672,384150.4617
1616,부산종합동물병원,부산광역시 부산진구 중앙대로 867 (양정동),817-4627,187441.3568,388229.658
1617,우진동물병원,"부산광역시 부산진구 동평로 115-1, 1층 (부암동)",865-1782,187138.7365,385983.0378
1618,부일동물병원,"부산광역시 부산진구 국악로 5 (연지동, 연지로얄아파트)",809-8008,187695.293,386989.5608
1619,화승종합동물병원,부산광역시 부산진구 동평로 107 (부암동),896-0075,187115.0068,385895.1157
1620,새부산종합동물병원,부산광역시 부산진구 전포대로298번길 1 (전포동),051-802-6637,186868.0294,388131.519
1621,애경동물병원,부산광역시 부산진구 새싹로 155 (연지동),808-0251,187580.1977,386687.952
1622,서면동물병원,부산광역시 부산진구 부전로 87 (부전동),051-809-8092,186246.3335,387137.7888
1623,위드동물병원,부산광역시 부산진구 동평로 54 (당감동),051-891-7597,186974.105,385375.7191
1624,리치동물병원,"부산광역시 부산진구 당감서로 84, 아시아드빌딩상가 (당감동)",,187289.0732,385544.1799
1625,초읍동물병원,부산광역시 부산진구 새싹로 243-1 (초읍동),051-805-0975,188439.7318,386485.2482
1626,신개금동물병원,부산광역시 부산진구 복지로 47 (개금동),,185190.6407,384075.6551
1627,웰니스크리닉,"부산광역시 부산진구 시민공원로 31, 이마트트레이더스서면점 (부암동)",518037511,186897.0537,386948.9542
1628,영주동물병원,경상북도 영주시 구성로 363-1 (영주동),,370386.1274,344642.789
1629,풍기동물병원,경상북도 영주시 원당로 111 (하망동),,370169.0739,345039.4116
1630,경동가축병원,경상북도 영주시 원당로 205 (하망동),,370891.2144,345632.4379
1631,김대진동물병원,경상북도 영주시 영주로 178 (영주동),,370608.7565,344395.1017
1632,영주축협동물병원,경상북도 영주시 대학로153번길 114-18 (가흥동),054-634-0224,368948.4962,342934.2674
1633,청아동물병원,경상북도 영주시 목민로 53-1 (휴천동),,368725.0498,344373.2239
1634,동은동물병원,경상북도 영주시 선비로 280 (영주동),,370926.7342,344049.2373
1635,하동물병원,경상북도 영주시 원당로 135 (하망동),,370364.6559,345190.7616
1636,준동물병원,경상북도 영주시 영주로86번길 47-15 (가흥동),,370048.4234,343551.1058
1637,봉화가축병원,,,,
1638,김서필동물병원,경상북도 봉화군 봉화읍 내성로1길 60-2,,378029.2293,355023.4461
1639,영광동물병원,경상북도 봉화군 봉화읍 내성로1길 59,,378020.1234,355001.9569
1640,내성동물병원,경상북도 봉화군 봉화읍 봉화로 1129-1,054-672-7585,378041.4794,354461.9264
1641,국립백두대간수목원 동물병원,경상북도 봉화군 춘양면 문수로 2160-53 (산림환경연구동),054-679-0977,390502.8643,360635.1037
1642,한성동물병원,경상북도 영주시 대학로164번길 8 (가흥동),,368913.343,343481.7838
1643,신세계동물병원,경상북도 영주시 시청로 20 (휴천동),,368629.7039,344891.4317
1644,공원옆 동물병원,경상북도 경주시 용담로 12 (황성동),054-771-0055,264568.5793,400430.5956
1645,기분좋은 동물병원,경상북도 경주시 양남면 동해안로 612,054-776-6005,246983.4334,423750.2841
1646,삼성동물병원,경상북도 경주시 안강읍 안현로 1559,054-763-0164,279383.914,400874.59
1647,다돈동물병원,경상북도 경주시 안강읍 안현로 546,,269762.4315,401327.7986
1648,이:은종합동물병원,경상북도 경주시 양정로 186 (동천동),070-7559-7588,263305.6417,400828.3344
1649,첨성대동물병원,"경상북도 경주시 안강읍 칠평북4길 20-17, 1층 3호",,278895.0869,401022.7272
1650,경주축협동물병원,경상북도 경주시 천북면 모아오야길 105,054-773-7381,,
1651,반석동물병원,경상북도 경주시 안강읍 화전길 46-1,,279049.2791,399567.5379
1652,다솜동물병원,경상북도 칠곡군 왜관읍 중앙로 136,977-8575,277175.6491,326143.3041
1653,미래동물병원,경상북도 칠곡군 왜관읍 평장4길 13,971-8987,277257.949,326920.748
1654,임프로동물병원,경상북도 칠곡군 가산면 경북대로 1775-5,976-3121,290233.0102,338768.7579
1655,석적동물병원,경상북도 칠곡군 석적읍 북중리3길 45,054-972-8275,287422.3476,327013.5848
1656,왜관동물병원,"경상북도 칠곡군 왜관읍 2번도로길 78, 1층",054-977-7365,278043.9273,325956.8547
1657,DK동물병원,경상북도 칠곡군 동명면 동명팔거천1길 44,,277594.636,339923.9549
1658,어울림 동물병원,경상북도 칠곡군 석적읍 장곡길 119,054-975-7579,287062.9499,326745.5338
1659,다보가축병원,"경상북도 경주시 불국장터길 23-2, 불국공설시장 (구정동)",746-3344,255322.3915,407995.5376
1660,한일가축병원,경상북도 경주시 외외안길 5 (효현동),772-6635,260658.3824,395876.0604
1661,최기섭동물병원,경상북도 경주시 금성로 339 (성건동),,263100.1646,399294.1249
1662,청림동물병원,경상북도 경주시 안강읍 안현로 1560-2,,279411.5278,400909.748
1663,대심동물병원,경상북도 예천군 예천읍 효자로 1,054-655-8290,350995.2699,329368.1745
1664,김윤곤 동물병원,경상북도 예천군 풍양면 낙상1길 52-1,,335234.6443,316404.8265
1665,건국동물병원,경상북도 경주시 외동읍 입실로3길 4,,248534.421,410248.7378
1666,영남가축병원,경상북도 경주시 양북면 어일3길 7-2,744-2024,257414.2213,420593.8344
1667,안강가축병원,경상북도 경주시 강동면 인좌안길 98-9,761-2227,279421.287,404021.9952
1668,가람동물병원,경상북도 경주시 외동읍 입실로3길 32,743-1947,248653.9387,410203.3622
1669,경북대동물병원,경상북도 경주시 안강읍 안현로 1553,762-0164,279347.5938,400857.2563
1670,대원가축병원,경상북도 경주시 화랑로 92 (동부동),054-772-4488,262722.671,399660.3085
1671,러브펫 동물병원,경상북도 경주시 황성로 32 (황성동),547711930,265101.6232,399977.3485
1672,현대동물병원,경상북도 경주시 안강읍 구부랑2길 10-8,054-763-8575,280027.2363,397915.0202
1673,예천축산농협 동물병원,경상북도 예천군 예천읍 구남골길 9,054-652-8515,350498.8206,330769.7759
1674,손진규동물병원,경상북도 경주시 화랑로 65 (서부동),743-0110,262768.1471,399402.9754
1675,경주동물병원,경상북도 경주시 알천남로 236(성동동),772-4712,262945.5969,400874.7878
1676,신라동물병원,경상북도 경주시 내남면 노곡2길 14,743-8888,250960.4422,399261.9368
1677,즐거운 동물병원,경상북도 경주시 금성로 310-1 (서부동),547747576,262816.6423,399344.7179
1678,최상범동물병원,경상북도 경주시 금성로 334 (서부동),547420964,263037.688,399331.4951
1679,신광동물병원,경상북도 경주시 건천읍 내서로 1110,751-7070,263097.2917,389899.3263
1680,성심동물병원,경상북도 경주시 서라벌대로 322-14 (탑동),,259666.3853,399043.3602
1681,양북동물병원,경상북도 경주시 양북면 경감로 2383,,258031.5928,420197.6129
1682,연성 동물병원,경상북도 경주시 안강읍 비화원로 46,054-761-0005,278969.2974,400803.7347
1683,김병규동물병원,경상북도 경주시 불국장터길 5 (시래동),,255225.1087,407991.7858
1684,제일가축병원,경상북도 칠곡군 왜관읍 2번도로길 121,,278472.1785,325895.9842
1685,무양반려동물병원,"경상북도 상주시 삼백로 105, 103호 (무양동)",,324811.77,303530.2589
1686,진보동물병원,경상북도 청송군 진보면 진보로 102-2,054-872-9020,338390.315,382852.153
1687,모서동물병원,경상북도 상주시 모서면 중화로 870,533-2123,315903.1801,286292.2304
1688,공검가축병원,경상북도 상주시 공검면 양정2길 5,541-1157,335135.8269,303874.0142
1689,경북종합동물병원,경상북도 상주시 함창읍 함창시장1길 63-7,541-0304,341283.6026,305526.431
1690,상주축협 동물병원,경상북도 상주시 문필로 110 (지천동),054-535-0221,319621.96,303718.9193
1691,가람동물병원,경상북도 상주시 중앙로 271 (복룡동),535-4123,324547.6158,304705.2012
1692,고려동물병원,경상북도 상주시 왕산로 152 (남성동),536-3675,324115.0628,304201.6234
1693,한빛동물병원,경상북도 상주시 영남제일로 1368 (외답동),,325002.5814,306711.2261
1694,백두동물병원,경상북도 상주시 공성면 공성중앙로 24,,309515.5663,298056.6521
1695,대성동물병원,경상북도 상주시 경상대로 3138(만산동),,325732.7333,303239.8209
1696,경북대학교 수의과대학 부속동물병원(분원),"경상북도 상주시 경상대로 2559 (가장동, 경북대학교상주캠퍼스)",054-530-1970,320319.533,302703.9291
1697,그린종합동물병원,경상북도 상주시 왕산로 92 (남성동),,323804.6688,304176.1809
1698,동산동물병원,경상북도 상주시 중앙로 223 (성하동),054-531-0788,324523.328,304233.8123
1699,상주가축진료소,경상북도 상주시 낙동면 낙동1길 95,,318940.0129,317311.2022
1700,계림동물병원,경상북도 상주시 삼백로 231 (복룡동),,324908.4371,304779.6664
1701,한사랑동물병원,경상북도 예천군 예천읍 시장로 31-1,546557579,351210.5335,329439.2716
1702,박영학동물병원,경상북도 상주시 복룡3길 48 (복룡동),545319930,324838.0917,305118.0389
1703,알파동물병원,경상북도 경주시 태종로 713 (노서동),743-2135,262124.6062,399261.4673
1704,서라벌동물병원,경상북도 경주시 석장남길 69-46 (석장동),745-8900,263844.2938,397636.4631
1705,서라벌동물병원약품,경상북도 경주시 원효로52번길 16 (노서동),743-7500,262332.8796,399274.3232
1706,조재환 동물병원,"경상북도 예천군 예천읍 중앙로 72, 202호",654-0607,351156.8207,330076.0859
1707,서울동물병원,"경상북도 예천군 예천읍 맛고을길 18, 서울동물병원",054-652-5522,351403.9215,329650.5176
1708,손 동물병원,경상북도 예천군 풍양면 낙상1길 82,,334996.0751,316229.1939
1709,대관령 가축병원,경상북도 예천군 예천읍 시장로 81,,351470.0806,329862.1105
1710,오태동물병원,경상북도 구미시 금오대로 296 (오태동),054-462-7050,286466.7461,321473.3183
1711,늘푸른 동물병원,"경상북도 구미시 야은로 308, 1층 (도량동)",,293906.3092,318421.1869
1712,봉곡동물병원,경상북도 구미시 봉곡로 70 (봉곡동),,294604.4038,317861.0978
1713,다온동물병원,"경상북도 구미시 인동23길 2, 1층 (인의동)",054-471-0089,289436.4818,328644.7718
1714,보드미동물병원,경상북도 구미시 옥계북로 66 (옥계동),,293985.6888,328170.8371
1715,구평동물병원,경상북도 구미시 인동남길 176-1 (구평동),,289093.8926,329041.6272
1716,구미 JM 동물 메디컬 센터,"경상북도 구미시 1공단로 197-3, 파라디아아파트 501동 201호 (공단동)",054-465-0220,290023.2525,324554.8462
1717,수현동물병원,경상북도 구미시 선산읍 성황6길 23,,304826.5263,315823.0908
1718,범방동물병원,"경상북도 구미시 선산읍 남문로5길 5, 102호",,305338.3823,316864.2322
1719,천호동물병원,경상북도 구미시 해평면 강동로 1676-1,,300837.1663,325044.0074
1720,대구가축병원,"경상북도 울진군 울진읍 울진중앙로 80, 스피드텔레콤",,390195.6146,413531.227
1721,동원동물병원,경상북도 문경시 중앙로 201 (흥덕동),,345262.6752,307624.0856
1722,행복한동물병원,경상북도 문경시 모전로 56 (모전동),,343482.7447,306631.8458
1723,강해철 동물병원,경상북도 문경시 당교로 205 (모전동),,343351.7055,306028.872
1724,현대동물병원,경상북도 문경시 신흥로 236-2 (흥덕동),054-554-8233,345115.8977,307877.4073
1725,문경축협 동물병원,경상북도 문경시 호계면 문경대로 1024,054-550-7433,350000.0252,302852.6317
1726,김수의과 동물병원,경상북도 의성군 안계면 용기12길 62,,321285.3631,329309.245
1727,중부,경상북도 의성군 의성읍 중앙길 16-1,054-834-8576,317461.2307,352383.2862
1728,의성축협동물병원,경상북도 의성군 봉양면 모선길 20,054-861-2666,311602.1539,341338.0035
1729,도리원 동물병원,"경상북도 의성군 봉양면 도리원1길 68, 1층",054-833-8838,312155.1829,341958.5017
1730,구미가축병원,경상북도 구미시 구미중앙로 133 (원평동),054-435-2107,292633.8136,320256.8628
1731,영남동물병원,경상북도 성주군 성주읍 성주읍4길 4,,269475.9013,315975.8949
1732,성주가축병원,경상북도 성주군 성주읍 시장길 47,,268993.2527,315920.9147
1733,현대동물병원,경상북도 성주군 성주읍 성주순환로 271-2,,269515.8933,316597.3355
1734,청솔동물병원,경상북도 성주군 성주읍 성주읍4길 42,,269818.8718,316156.8809
1735,화성동물병원,경상북도 성주군 성주읍 시장길 6,,269388.9843,316033.4151
1736,강주혁동물병원,"경상북도 성주군 성주읍 성주로 3294-26, 명작하이츠",,269242.3602,316612.0446
1737,한솔동물병원,경상북도 구미시 선산읍 선산중앙로 23,,305108.1305,316409.3057
1738,유은동물병원,"경상북도 성주군 성주읍 성주순환로1길 8-30, 미라벨A 1층",,269677.4942,315347.2222
1739,가나동물병원,경상북도 구미시 금오시장로1길 16 (원평동),,292558.8207,320468.0607
1740,우리동물병원,경상북도 구미시 선산읍 신기2길 58-9,,309687.7605,319691.9152
1741,금오동물병원,경상북도 구미시 금오산로 57 (원평동),,292682.8292,320322.1952
1742,파랑새동물병원,"경상북도 구미시 고아읍 들성로11길 6-43, 1층",,296577.4182,321332.3399
1743,신세계동물병원,경상북도 구미시 송정대로 8 (송정동),,291468.2403,320567.2658
1744,상모동물병원,경상북도 구미시 상사서로 68 (상모동),,288427.1155,322012.9481
1745,초원동물병원(출장진료전문병원),경상북도 구미시 해평면 강동로 2033,054-474-1768,303636.8351,323082.3859
1746,인동동물병원,경상북도 구미시 인동북길 9 (인의동),,290307.8157,327903.1258
1747,우리동물병원,인천광역시 서구 서곶로 349 (연희동),566-0075,449672.9463,171358.9916
1748,도희동물병원,"인천광역시 서구 승학로 245, 1층 (심곡동)",032-566-0038,449189.3206,170974.6669
1749,원당동물병원,"인천광역시 서구 원당대로 852, 창신프라자 204호 (당하동)",032-566-7588,454603.0577,173086.0896
1750,쿨펫동물병원,"인천광역시 서구 원당대로 581, 롯데마트 (마전동)",,454745.4826,170301.8904
1751,쿨펫동물병원,"인천광역시 서구 서곶로 754, 당하 이마트 (당하동)",565-7975,453724.3536,171367.1727
1752,검암동물병원,인천광역시 서구 승학로 512 (검암동),032-563-0775,451497.8363,171358.0866
1753,오리엔탈타이거동물병원,"인천광역시 서구 고산로 37, 101호 (원당동)",032-561-7592,454906.9113,173517.4978
1754,굿모닝동물병원,"인천광역시 서구 가정로 246, 203호 (석남동)",032-583-1119,445002.0622,170979.4807
1755,예 동물병원,"인천광역시 서구 완정로 70, 영남탑스빌아파트 상가 (마전동)",032-563-1575,455117.5975,170566.4699
1756,청라종합동물병원,"인천광역시 서구 청라커낼로 252, c동 118, 119호 (경서동)",583-0365,447687.558,168725.0449
1757,메이플동물병원,"인천광역시 서구 원당대로 853, 1층 102, 103호 (원당동, 삼정프라자)",561-7508,454675.7871,173121.9077
1758,온누리 동물병원,인천광역시 서구 완정로 182 (마전동),032-567-2575,455673.3846,169581.071
1759,정이룸 동물병원,"인천광역시 서구 원당대로 664, 102호 (당하동, 창신프라자)",,454606.237,171228.6677
1760,청라 루비 동물병원,인천광역시 서구 청라루비로134번길 6-4 (경서동),032-568-0922,448337.5639,168195.2675
1761,검단종합동물병원,"인천광역시 서구 완정로7번길 1, 1층 (마전동)",032-563-8579,454687.1301,171002.2407
1762,길동물병원,"인천광역시 서구 가정로 375, 2층 201호 (신현동, 금강아미움)",032-578-5119,446300.6631,170987.1264
1763,J동물병원,"인천광역시 서구 청라커낼로 270, 커낼힐스빌 107,204호 (청라동)",032-566-7582,447868.866,168550.2368
1764,동물에 반하다 동물병원,"인천광역시 서구 크리스탈로102번길 22, 101,102호 (청라동)",032-713-8275,448018.8392,168042.3092
1765,하얀기린 동물병원,"인천광역시 서구 청라라임로 40, 103호 (연희동, 청라골드클래스 커낼웨이)",032-564-3575,447703.85,169350
1766,청라공감동물병원,"인천광역시 서구 중봉대로586번길 22, 128~131호 (연희동, 청라 풍림 엑슬루타워)",325630094,447686.9706,169130.7707
1767,토닥토닥동물병원,"인천광역시 서구 여우재로 119, 202호 (가좌동, 인천가좌두산위브트레지움 2단지)",325745757,443001.0787,172098.0392
1768,삼성종합동물병원,인천광역시 서구 건지로 269 (석남동),325840075,444191.0195,170940.8401
1769,루원하이동물병원,"인천광역시 서구 염곡로 468, 드림타워 103호 (가정동)",,447190.2129,170735.6112
1770,보비동물병원,인천광역시 부평구 원적로 407 (산곡동),032-524-6959,444681.6483,174433.6937
1771,가정동물병원,인천광역시 서구 가정로 346 (가정동),032-575-0833,445988.1679,171023.6438
1772,세림동물병원,인천광역시 부평구 원적로 392 (산곡동),032-503-0075,444642.2839,174283.6547
1773,부개종합동물병원,인천광역시 부평구 부개로 61-6 (부개동),032-522-7585,444594.3425,176904.2571
1774,애나동물병원,인천광역시 부평구 마장로 383 (산곡동),032-529-9633,445614.9297,173724.7482
1775,백마동물병원,"인천광역시 부평구 부평대로 132, 1층 102호 (부평동, 헤리움노블레스)",032-528-1359,444595.4209,175351.6303
1776,동수동물병원,인천광역시 부평구 경원대로 1422 (부평동),032-511-5338,443224.2983,175792.4245
1777,아프리카 동물의료센터,"인천광역시 부평구 장제로340번길 5, 덕성빌딩 3층 (삼산동)",032-508-7582,446026.155,176287.3698
1778,조재진동물병원,인천광역시 부평구 원적로 419(산곡동),032-518-3800,444673.3409,174557.9601
1779,청천종합동물병원,인천광역시 부평구 마장로432번길 3 (청천동),032-517-0075,446087.724,173809.1913
1780,삼산종합동물병원,인천광역시 부평구 체육관로 40 (삼산동),032-330-0075,445146.3673,176600.1194
1781,사랑동물병원,"인천광역시 부평구 동수천로 124, 103~104호 (부개동)",032-203-8984,443851.5473,176683.745
1782,짱구네동물병원,"인천광역시 부평구 평천로 356 (갈산동, 민상빌딩)",032-511-5515,446186.519,176034.2041
1783,도그앤캣동물병원,인천광역시 부평구 경원대로 1355 (부평동),032-524-0075,443280.557,175119.9247
1784,서울종합동물병원,인천광역시 부평구 굴포로 42 (갈산동),032-508-7571,445522.5856,175684.4636
1785,튼튼동물병원,"인천광역시 부평구 마장로 489, 2층 2113~2114호 (청천동, 아이즈빌아울렛)",032-270-2727,446665.0644,173718.6048
1786,동수사랑동물병원,"인천광역시 부평구 경인로 887, 203호 (부평동, 롯데아이원)",344-5554,442663.2247,175049.6681
1787,쥬라기동물종합병원,인천광역시 부평구 부흥로 367 (부평동),032-504-7582,444033.8138,176312.6689
1788,늘푸른동물병원,"인천광역시 부평구 후정동로 60, 107호 (삼산동)",507-0075,446751.5892,176809.8946
1789,리치동물병원,"인천광역시 부평구 부평북로 446, 101호 (삼산동, 우리빌딩)",507-1110,446637.1338,177212.9852
1790,펫사랑동물병원,"인천광역시 부평구 마장로 256, 102호 (산곡동)",032-521-0003,444312.6985,173688.4679
1791,반디동물병원,"인천광역시 부평구 길주로647번길 4, 102~104호 (삼산동, 프리엘림)",032-724-8575,445031.7292,176476.0846
1792,현대동물병원,"인천광역시 부평구 경원대로 1286, 101,201호 (부평동, 부평메디아나센터)",032-521-6578,443175.2544,174450.8715
1793,주주종합동물병원,"인천광역시 부평구 경인로 1069, 1층 (부개동)",032-505-7262,442772.5118,176841.3746
1794,부평종합동물의료센터,"인천광역시 부평구 부평대로 138, 204-2, 205-2, 206-210호 (부평동)",032-511-6836,444655.6328,175349.4941
1795,부평프라임동물병원,"인천광역시 부평구 경원대로 1442, 호진빌딩 1, 2층 (부평동)",032-715-7587,443211.1004,175966.454
1796,부평24시 SKY 동물의료센터,"인천광역시 부평구 부흥로 351, 3층 (부평동)",032-710-7533,444072.471,176166.1839
1797,친친 동물병원,"경상남도 양산시 삽량로 193, 비젼플라자 102호 (중부동)",055-366-9777,205859.6048,384298.6394
1798,24시 올리몰스 동물메디컬센터,전북특별자치도 전주시 덕진구 송천중앙로 213 (송천동1가),063-275-7979,262878.7369,210872.3971
1799,미소 동물병원,전북특별자치도 군산시 대야면 만자로 28,,271672.6644,182624.8711
1800,코끼리 동물병원,전북특별자치도 전주시 완산구 중화산로 100 (중화산동2가),063-245-7975,257697.3556,210620.6591
1801,하루동물병원,"전북특별자치도 전주시 완산구 모악로 4691, 1층 (평화동2가)",063-232-5900,254264.3258,211709.6428
1802,사랑플러스 동물병원,"전북특별자치도 전주시 덕진구 쪽구름2길 8, 1층 (여의동2가)",,263707.8596,206799.963
1803,사라 양한방 동물병원,전북특별자치도 전주시 덕진구 벚꽃로 21 (진북동),063-901-7582,258762.4901,211862.8883
1804,바른 동물병원,"전북특별자치도 전주시 덕진구 동부대로 841, 1층 (호성동1가)",063-241-7275,262410.6163,213615.0798
1805,하나 동물병원,"전북특별자치도 전주시 덕진구 송천중앙로 17, 1층 (덕진동2가)",063-253-5677,260970.163,210636.0775
1806,에코동물병원,"전북특별자치도 전주시 덕진구 세병로 41, B104호 (송천동2가, 에코시티 데시앙 4블럭)",063-251-7975,263756.2476,211705.6602
1807,자스민 동물병원,"전북특별자치도 전주시 덕진구 백석로 18, 103호 (송천동2가)",063-276-3939,263435.9979,212237.5195
1808,24시 코끼리동물의료센터,"전북특별자치도 전주시 완산구 모악로 4769, 2층 1호 (평화동1가)",,255014.453,211871.3093
1809,아이들 동물병원,"전북특별자치도 전주시 덕진구 만성중앙로 25, 미네르바빌딩 1층 101,102,103호 (만성동)",063-273-5575,260430.2437,206671.9305
1810,금강동물병원,"전북특별자치도 군산시 미원로 132-3 (장재동, 금강종합동물병원)",063-446-4572,275535.7361,174591.3385
1811,스마일동물병원,전북특별자치도 군산시 공단대로 429 (나운동),063-466-8886,273601.3417,172384.9374
1812,가족동물병원,"전북특별자치도 군산시 월명로 211, 군산수송동우체국 1층 (수송동)",063-446-6688,273661.415,174236.04
1813,쿨펫동물병원(이마트군산점),전북특별자치도 군산시 구암3.1로 137 (경암동),063-442-7531,275855.7237,176003.9902
1814,더사랑 동물병원,전북특별자치도 군산시 문화로 121 (수송동),468-7975,274475.2718,174594.4537
1815,도담동물병원,"전북특별자치도 군산시 수송로 291, 2층 (미장동)",634526700,273819.675,175356.71
1816,해동가축병원,"전북특별자치도 군산시 중앙로 56 (장재동, 해동가축병원약품)",442-1593,275502.6329,174713.6283
1817,한일동물병원,"전북특별자치도 군산시 월명로 509-3, 103호 (월명동)",,276143.5834,173383.0482
1818,누리동물병원,"전북특별자치도 군산시 월명로 509-3, 102호 (월명동)",,276143.5834,173383.0482
1819,프렌즈동물병원,전북특별자치도 전주시 완산구 거마평로 86 (삼천동1가),063-227-4975,255554.5709,210509.9355
1820,연합동물병원,"전북특별자치도 군산시 중앙로 61 (장재동, 연합가축병원)",063-445-2544,275510.753,174651.5458
1821,군옥동물병원,전북특별자치도 군산시 대야면 대야시장로 9-1 (군옥동물병원),063451-2163,271648.5244,183343.8419
1822,푸른동물병원,전북특별자치도 군산시 팔마로 154-1 (동흥남동),063-466-8711,274840.2376,174521.8425
1823,오션동물병원,"전북특별자치도 군산시 백릉로 151, 더테라스 205호 (조촌동)",,275094.1054,176744.591
1824,동부 동물병원,전북특별자치도 전주시 완산구 기린대로 139 (경원동3가),063-231-2455,257885.4141,213671.9476
1825,전주김제완주축협 부속동물병원,전북특별자치도 전주시 덕진구 동부대로 769 (호성동1가),063-240-2888,261847.1047,214050.8122
1826,21세기 동물병원,전북특별자치도 전주시 덕진구 시천로 26 (송천동1가),063-251-1015,262378.0389,210309.5213
1827,행복한 동물병원,전북특별자치도 전주시 덕진구 건산로 243 (인후동1가),063-244-0090,259423.5897,214709.3765
1828,푸른 동물병원,전북특별자치도 전주시 덕진구 쪽구름로 71-2 (반월동),063-211-2662,263515.2143,206804.1572
1829,박영재 동물병원,전북특별자치도 전주시 완산구 전주천서로 111 (서서학동),063-284-7774,256682.4108,213414.5129
1830,나음동물메디컬센터,"전북특별자치도 전주시 완산구 서원로 294, 마리앤스튜디오 (중화산동2가)",063-228-5311,256841.2741,211358.9184
1831,효자 동물병원,전북특별자치도 전주시 완산구 백제대로 121 (효자동1가),063-224-6672,255972.1213,211110.2379
1832,혁신동물병원,전북특별자치도 전주시 덕진구 기지로 72 (중동),063-229-5333,259774.9404,205345.4503
1833,표선가축병원,"제주특별자치도 서귀포시 표선면 표선관정로 113-5, 표선가축병원",064-787-2345,-19133.8703,184296.2556
1834,서울동물병원,제주특별자치도 서귀포시 동문로 29 (서귀동),064-732-8762,-27119.19473,159301.5842
1835,동아동물병원,제주특별자치도 서귀포시 성산읍 서성일로 1241,064-782-1175,-5464.740514,191659.3349
1836,다산동물병원,제주특별자치도 서귀포시 표선면 일주동로6496번길 2,064-787-0582,-20898.84432,179245.0705
1837,영덕사랑동물병원,"경상북도 영덕군 영덕읍 덕곡2길 12, 1층",,326156.8872,412520.2064
1838,정든동물병원,제주특별자치도 서귀포시 일주동로 9117 (법환동),064-738-7975,-27554.20829,155079.7182
1839,서귀포시축협동물병원,제주특별자치도 서귀포시 일주동로 8532 (동홍동),064-733-1471,-26680.49169,160489.6509
1840,조은동물병원,"제주특별자치도 서귀포시 동문로 40, 태흥장식 (서귀동)",064-762-0243,-27212.98094,159377.9886
1841,현대동물병원,"제주특별자치도 서귀포시 동홍로90번길 2, 현대동물병원 (동홍동)",064-733-8250,-26542.16433,159706.6915
1842,현클리닉,제주특별자치도 서귀포시 하신상로 174-12 (신효동),,-24619.71778,163597.377
1843,케어팜동물병원,제주특별자치도 서귀포시 안덕면 사계북로 17-16,064-712-2215,-29048.4845,133793.0807
1844,캣츠앤독스 동물병원,제주특별자치도 서귀포시 일주동로 8621 (동홍동),064-733-0079,-26773.79019,159594.3104
1845,제주축산업협동조합 동물병원,제주특별자치도 제주시 동문로 41 (일도일동),756-4204,1967.479653,156346.9059
1846,교래 말 전문병원,제주특별자치도 제주시 구좌읍 세화경마루길 14-14,,551.8020322,185449.8389
1847,제일동물병원,제주특별자치도 제주시 한림읍 금악로 25,796-7111,-14983.10923,134462.2578
1848,가람동물병원,"제주특별자치도 서귀포시 대정읍 최남단해안로29번길 22, 가람동물병원",064-794-7571,-30484.01635,130265.2235
1849,전동물병원,"경기도 화성시 향남읍 상신하길로135번길 9-15, 101호",,400429.3115,190860.6686
1850,24시 봉담동물의료센터,"경기도 화성시 봉담읍 상리중심상가길 28-8, 망고타운 203, 204, 205호",031-227-3175,413818.0985,195145.7967
1851,서원동물병원,제주특별자치도 제주시 일주동로 38 (화북이동),,1876.707868,158242.7569
1852,웰빙동물병원,"제주특별자치도 제주시 애월읍 광령남4길 14, 2층",064-725-5106,-5097.25511,146722.5208
1853,우리동물병원(산업),"제주특별자치도 제주시 한림읍 산록남로 53, 성이시돌피정의집",743-7585,-16480.68649,136768.4356
1854,이의종동물병원,제주특별자치도 제주시 한림읍 한림로12길 19,799-3022,-8749.72527,131736.4074
1855,한라동물종합병원,제주특별자치도 제주시 고마로 37 (일도이동),753-0880,1699.518431,157097.0223
1856,동심동물병원,제주특별자치도 제주시 노연로 141 (연동),744-1030,-1052.04618,153013.4833
1857,푸른동물병원,"제주특별자치도 제주시 서광로 293, 태안빌딩 (이도일동)",758-2013,570.150958,156041.5635
1858,제주대학교 수의과대학 부설동물병원,"제주특별자치도 제주시 제주대학로 102, 제주대학교 (아라일동)",754-3381,-4535.170953,159225.9364
1859,신제주동물병원,제주특별자치도 제주시 과원북4길 7 (노형동),744-2992,-1549.165925,151845.8625
1860,제주자연동물병원,제주특별자치도 제주시 구좌읍 해맞이해안로 1076-1,,4847.42807,184620.7437
1861,한서동물병원,제주특별자치도 제주시 아봉로 759 (봉개동),721-0654,-489.6994269,161944.8983
1862,서사라동물병원,제주특별자치도 제주시 서사로 148-1 (삼도일동),702-1275,406.5713751,155285.6107
1863,이호동물병원,제주특별자치도 제주시 한림읍 금악북로 257,,-15609.88744,136239.3206
1864,유성동물병원,제주특별자치도 제주시 한림읍 금악로 41,796-4451,-14825.11255,134565.4338
1865,제주특별자치도 동물위생시험소 (동물보호센터) 동물병원,제주특별자치도 제주시 첨단동길 184-14 (용강동),064-710-4065,-4459.855161,161739.7356
1866,피그랑동물병원,"제주특별자치도 제주시 해안마을8길 1, 1층 (해안동)",,-4494.735638,149218.329
1867,중앙동물병원,제주특별자치도 제주시 성신로 15 (연동),749-7582,-463.3604584,152086.9563
1868,영인동물병원,,724-7582,166.9770335,156860.6167
1869,해맑은동물병원,제주특별자치도 제주시 한라대학로 75 (노형동),742-1868,-2083.754184,151440.4316
1870,이소영동물병원,제주특별자치도 제주시 연삼로 518 (일도이동),722-3375,598.7838238,157625.375
1871,KRA 렛츠런파크제주 동물병원,"제주특별자치도 제주시 애월읍 평화로 2144, 한국마사회제주경마본부",786-8341,-9698.166686,143984.5131
1872,다나동물병원,제주특별자치도 제주시 동광로 119 (일도이동),064)757-7577,1270.273992,157137.5236
1873,행복한동물병원,"제주특별자치도 제주시 정든로3길 12, 제이소소 지하층 102호 (이도이동)",742-7425,263.2114882,157352.1227
1874,태흥동물병원,제주특별자치도 제주시 연북로 681 (이도이동),722-3440,-187.6304047,158054.7385
1875,강남동물병원,제주특별자치도 제주시 중앙로 106 (삼도이동),723-2005,1482.748098,155647.099
1876,송동물병원,제주특별자치도 제주시 일주동로 185 (화북일동),064-759-8275,2594.865417,159537.787
1877,한국마사회 제주육성목장 동물병원,제주특별자치도 제주시 조천읍 남조로 1660 (한국마사회 제주육성목장),780-0141,-8634.987309,170292.4611
1878,해밀동물병원,제주특별자치도 제주시 연신로 85 (이도이동),744-7582,-144.2993207,158022.1902
1879,한수풀동물병원,"제주특별자치도 제주시 한림읍 한림로 655, 1층",064-796-4451,-8855.766697,131370.9431
1880,해맑은 동물병원,"전북특별자치도 군산시 나운2길 27, 1층 103호 (나운동)",063-464-7582,273927.9963,173136.8871
1881,군산24시 제일동물병원,전북특별자치도 군산시 진포로 73 (미장동),461-5079,274026.847,175529.8798
1882,KP 양계연구소,전북특별자치도 군산시 대야면 만자로 24,,271673.1618,182645.3881
1883,수송반려동물병원,"전북특별자치도 군산시 수송로 208 (수송동, 형진빌딩)",063-463-5575,273751.434,174514.3335
1884,위례 바른 동물의료센터,"경기도 성남시 수정구 위례광장로 310, 우성트램타워 A동 201호 (창곡동)",3180397753,441182.8135,212552.6041
1885,캣앤캣 고양이 병원,"서울특별시 영등포구 선유로 76, 동국메뜨리앙 206호 (문래동3가)",02-2677-2720,446496.8653,190199.2294
1886,브이아이피 동물의료센터,서울특별시 노원구 동일로 1333 (상계동),02-931-1333,460607.7241,205431.1635
1887,조은동물병원,"인천광역시 남동구 남동대로370번길 113, 101호 (논현동)",428-0275,434679.601,174438.2333
1888,이레외과동물병원,"경기도 성남시 분당구 백현로101번길 11, 동현프라자 205호 (수내동)",031-605-0190,430563.6717,209845.8328
1889,이오동물병원,"인천광역시 서구 승학로 551, 동곡프라자 108호 (검암동)",7107553,451641.2609,171726.9548
1890,아임동물병원,"경기도 평택시 고덕국제3길 122, 1층 (고덕동)",031-663-4987,394424.345,204174.3357
1891,서초이음동물병원,"서울특별시 서초구 효령로 347, 서광빌딩 1층 (서초동)",02-3474-7582,442741.652,201876.1475
1892,수동물병원,충청남도 부여군 부여읍 나성로 83,,309101.444,191592.87
1893,경남수의동물병원(출장진료전문병원),경상남도 진주시 남강로1239번길 11 (상평동),,186490.3678,302402.9486
1894,동물병원 다움,"광주광역시 북구 용봉로 18, 1층 (신안동)",062-419-2020,185810.9109,190701.4873
1895,마루한동물병원,"경기도 용인시 수지구 광교호수로378번길 4-6, 1층 (상현동)",031-216-0133,421768.8705,207036.9232
1896,행복한동물병원,경기도 안성시 중앙로419번길 6 (영동),,389517.697,224270.2149
1897,해맞이 동물병원,"서울특별시 양천구 지양로 7, 인산빌딩 1층 (신월동)",02-2690-7579,446145.0947,185585.9902
1898,우리들동물병원,경상남도 거제시 고현로 107 (고현동),055-635-7682,155515.3631,348417.0714
1899,베스트팜R동물병원(출장진료전문병원),경상남도 진주시 사봉면 모곡길 76-28,,189386.4668,317996.0204
1900,월드동물병원,"충청남도 금산군 금산읍 비단로 102, 103호",,288813.3694,244203.732
1901,청담리덴동물치과병원,"서울특별시 강남구 도산대로 540, 301호 (청담동)",02-544-2882,446919.6413,204594.0432
1902,엘동물병원,"경기도 의왕시 경수대로 262, 219호 (오전동, 서해그랑블)",,427590.7431,197590.09
1903,채움동물병원,"충청남도 예산군 예산읍 역전로 121, 닥터차동물병원 1층",041-3317582,354323.6335,184714.4531
1904,행복한고양이동물병원,"경기도 파주시 가람로21번길 7-5, 401호 (와동동)",031-946-0805,470212.4394,178080.7437
1905,더문 동물병원,"대구광역시 북구 내곡로 81, 부광빌딩 102호 (사수동)",053-322-1223,267900.5019,336497.1012
1906,감자동물병원,"대구광역시 수성구 달구벌대로 3179, 1층 (매호동)",,261520.0928,353953.0629
1907,하나동물병원,"충청북도 증평군 증평읍 증평로 100, 1층",838-4742,364705.776,253019.8669
1908,이루아동물병원,울산광역시 남구 대학로 27 (무거동),529251125,228871.0183,404499.6276
1909,하동축산농협동물병원,"경상남도 하동군 진교면 구고속도로 524-6, 하동축산종합방역소",,169441.6205,279934.2192
1910,양주 온 동물병원,"경기도 양주시 회천남로 76, 한덕타워 2층 01호 (옥정동)",031-868-0075,479559.8941,208211.5694
1911,이루다 동물병원,"제주특별자치도 제주시 건주로3길 19, 준영빌딩 1층 101호 (도련일동)",064-725-1545,2334.835814,161034.8956
1912,한솔동물병원,경기도 용인시 처인구 백암면 죽양대로 1427-33,,407805.6318,231373.6925
1913,김천축산농협 동물병원,"경상북도 김천시 자산로 192, 김천축협동물병원 (성내동)",433-2133,292462.2045,300621.3636
1914,해피트리 동물병원,"충청북도 진천군 덕산읍 시가로 24, 1층 109 , 110호",043-537-1722,378100.6307,247564.3401
1915,광주TNR동물병원(초월),경기도 광주시 초월읍 현산로385번길 74-12,031-798-7581,434901.1406,224382.1536
1916,프렌즈동물병원,"경기도 평택시 상서재로 80, 516동 132-133호 (동삭동, 평택센트럴자이 5단지)",031-692-5331,390957.1209,209166.1755
1917,온누리 동물병원(출장진료전문동물병원),충청남도 천안시 동남구 무남길 16 (삼룡동),,364733.8741,215249.9065
1918,센텀동물메디컬센터,"부산광역시 수영구 연수로 407-1, 2-3층 (수영동)",051-746-7582,187518.1056,392529.9299
1919,중앙동물병원,경기도 양평군 양평읍 시민로 84,031-772-1261,443269.481,244225.6712
1920,센트럴동물병원,"경기도 고양시 덕양구 은빛로 45, 화정꽃무리조합프라자 202호 (화정동)",031-967-8275,459542.2493,185182.792
1921,바론산업동물병원,"세종특별자치시 나성로 133-9, 세종엔에스타워 1 503호 (나성동)",,332204.7565,223061.5202
1922,백호동물병원,"경상남도 고성군 고성읍 중앙로15번길 62, 가동 1층 109호 (한솔메르빌)",055-673-7194,165045.0522,320677.2882
1923,광주TNR동물병원(송정),경기도 광주시 경안천로 142(송정동),031-798-7581,435059.1259,224274.6903
1924,진동물병원,"경상북도 포항시 북구 신광면 토성길 44, 가동",,294320.2693,403704.7109
1925,나로동물병원,"전라남도 고흥군 도양읍 번영1길 3, 103호 (세라빌라)",,114904.7059,212622.4555
1926,메디스동물병원,"경기도 화성시 동탄대로4길 39, 2층 204호 (장지동)",,406673.3809,209721.8744
1927,올리브 동물병원,"전북특별자치도 순창군 순창읍 장류로 289-2, 1층",063-652-9951,208532.5657,212133.6659
1928,규범동물병원,경상북도 경주시 건천읍 작원4길 7-6,,263138.6235,390142.1308
1929,화서동물병원,"경기도 수원시 장안구 대평로 27, 201동 205호 (정자동, 화서역 파크푸르지오)",031-271-5975,420871.7892,199460.3014
1930,순창 동물병원,"전북특별자치도 순창군 순창읍 유등로 12, LS 농업기계 순창대리점",,207973.134,213590.0487
1931,동계동물병원,"전북특별자치도 순창군 동계면 동계1길 6, 1층 3호",,215657.3748,222011.3998
1932,소망동물병원,"전북특별자치도 순창군 쌍치면 쌍계로 49, 1층 1호",,222351.2846,200255.4366
1933,시지W동물의료센터,"대구광역시 수성구 달구벌대로 3223, 1층 (신매동)",053-721-7879,261384.4021,354377.7444
1934,누리동물병원,"충청북도 음성군 대소면 대금로 820, 대왕하이텍공구타운B단지 가동 108호",,386288.3585,246752.6846
1935,삼화동물병원,"제주특별자치도 제주시 건주로4길 28, 1층 (도련일동)",064-757-7585,2343.780392,160806.1114
1936,뉴본동물의료센터,"경기도 평택시 동삭1로22번길 19-13, 2층 (동삭동)",031-647-6679,,
1937,수 동물병원,"충청남도 태안군 태안읍 중앙로 305, 1호",,361466.8246,139090.633
1938,헤아림동물병원,"경상남도 거제시 아주1로3길 52, 1층 (아주동)",681-7006,153156.267,354323.6092
1939,논산시 동물보호센터,충청남도 논산시 계백로665번길 100(등화동),041-746-8474,298202.3091,205152.1415
1940,어반동물병원,"경상남도 창원시 의창구 중동중앙로 47, 어반브릭스 제스튜디오몰동 1층 1027호 (중동)",,196470.3223,347814.7758
1941,담양군 반려유기동물 공공진료소,"전라남도 담양군 담양읍 지침5길 35, 1층",061-380-2738,202165.1392,198922.1514
1942,이기쁨동물병원,"인천광역시 서구 가정로 437, 301동 B119호 (가정동, 루원시티 SK Leaders' VIEW)",032-579-7778,,
1943,동물병원예지,"서울특별시 영등포구 신길로 29, 105동 116호 (대림동, e편한세상 영등포 아델포레)",02-2135-7228,443582.2035,191711.3192
1944,신비한 동물병원 인센텀,"부산광역시 해운대구 센텀중앙로 60, 106호 (우동)",051-744-7500,188144.7219,393868.6946
1945,청운동물병원,경상북도 문경시 신흥2길 37(흥덕동),,345103.4481,307940.3945
1946,과천우주동물병원,경기도 과천시 별양로 39(원문동),02-6949-0883,435651.9778,199091.901
1947,우성동물병원,충청남도 공주시 우성면 옥성길 439-71,,329942.0199,206442.4049
1948,하나동물의료센터,"충청남도 아산시 배방읍 월천6길 9, 101호",041-533-7572,363276.539,206713.4328
1949,바른동물의료센터,"전라남도 무안군 삼향읍 남악로 234, 트리폴리앙프라자  C동 2층 203호",,145250.2941,150902.0791
1950,올케어 동물의료센터,"부산광역시 부산진구 동평로 356, 1층 (양정동)",051-714-0011,188102.7142,387967.6819
1951,노원 바른 동물의료센터,"서울특별시 노원구 동일로 1598, 부흥빌딩 1, 2층 (상계동)",02-936-5500,463186.2717,204909.4643
1952,제마동물병원,"제주특별자치도 제주시 조천읍 비자림로 702-57, 1층",,-7177.127157,170002.2452
1953,라이언펫 수원광교동물병원,"경기도 수원시 영통구 센트럴파크로127번길 154, 1층 (이의동)",312117589,421342.6943,204885.1454
1954,화이트동물메디컬센터,"경상북도 포항시 북구 두호로 31-1, 1층 (두호동)",054-614-7578,286993.963,413917.2635
1955,이산동물의료센터,"경기도 시흥시 능곡번영길 22, 304,305호 (능곡동)",031-8042-6016,430097.8026,182922.6508
1956,문수의과병원,"경상남도 합천군 합천읍 남정길 34, 101호",,229984.2141,304786.9001
1957,박영우안과동물병원,"대구광역시 중구 달구벌대로 2208, 서정희피부과 5층 (대봉동)",254-7599,263678.8764,344855.3656
1958,녹십자동물병원,충청남도 부여군 부여읍 성왕로 177-1,,308938.8319,191671.6454
1959,로아동물병원,"경기도 군포시 고산로 707, 1,2층 (산본동)",031-399-8875,430093.5384,194286.5342
1960,청우 동물병원,전라남도 장흥군 장흥읍 칠거리예양로 65,,131041.9725,190955.329
1961,24시 인천동물병원 치료해주오,"인천광역시 남동구 논현로46번길 22, 코아루파크 B동 103,104,105호 (논현동)",432-1432,433299.5175,174288.7853
1962,시흥시동물누리보호센터 동물병원,경기도 시흥시 뒷방울길 218(정왕동),031-310-6943,,
1963,모아동물병원,"경기도 성남시 수정구 수정로 291, 산성역포레스티아아파트 서문상가동 1층 101호 (신흥동)",317332010,438781.8782,212949.4423
1964,리브동물의료센터,"인천광역시 서구 검단로 455, 105,201,202호 (왕길동, 검단KB빌딩)",032-567-2475,455504.6607,169467.1948
1965,24시 해든동물의료센터 민락점,"경기도 의정부시 천보로 68, 201호 (민락동)",031-851-7007,471445.8621,208228.5207
1966,썬 애니멀 클리닉(S.A.clinic),"충청남도 천안시 동남구 신부12길 19, 신부동오피스텔 6층 601호 (신부동)",,368563.8913,214231.248
1967,도천동물병원,"경상남도 통영시 중앙로 45, 101호 (도천동)",055-646-1525,149882.2672,329377.758
1968,내포조은동물병원,"충청남도 홍성군 홍북읍 청사로 36, 승우빌딩 2층 203-1호",041-631-2202,349705.8883,170839.7958
1969,나온동물병원,"경기도 용인시 기흥구 죽전로 29, 포레스트프라자 2층 3호 (보정동)",031-8019-7897,424312.0133,209865.4006
1970,루나동물병원,"광주광역시 남구 봉선2로 53, 101호 (봉선동)",626547500,180771.6438,191942.9696
1971,양지동물병원,"경상북도 경산시 삼성현로15길 44, 아름다운빌 (옥산동)",,259751.4459,355456.0084
1972,베를린 동물치과센터,"서울특별시 송파구 백제고분로 506, 4층 (방이동, 올림픽타워빌)",02-830-1494,445888.0447,210147.6494
1973,정 메디컬 동물병원,"경상남도 창원시 성산구 마디미서로 4, KT빌딩 201호 (상남동)",,192958.9448,353250.1716
1974,뉴케어동물병원,"경기도 용인시 기흥구 흥덕2로65번길 2-20, 1층층 (영덕동)",,419146.575,206485.835
1975,뉴하트동물병원,"경기도 의정부시 서광로 135, 센타프라자 2층 201-1호 (산곡동)",031-928-6356,469615.3921,209708.2592
1976,동해삼척태백축산업협동조합 동물병원,강원특별자치도 삼척시 중앙로 217 (남양동),"573-5031,3",440027.1551,391750.1725
1977,두타동물병원,강원특별자치도 삼척시 중앙로 245-2 (남양동),574-0775,440328.1322,391763.2055
1978,삼척동물병원,강원특별자치도 삼척시 오십천로 558-1 (정상동),574-0075,439104.5874,392633.2618
1979,강원동물병원,강원특별자치도 삼척시 근덕면 삼척로 3443-38,,431117.9207,397162.3746
1980,삼척시동물보호센터 동물병원,강원특별자치도 삼척시 미로면 동안로 86-45,033-571-2610,438368.6634,386717.9417
1981,라온동물병원,강원특별자치도 양양군 양양읍 성안길 27,033-943-9949,509562.1999,341943.122
1982,홍현관동물병원,강원특별자치도 태백시 황지로 80 (황지동),552-9117,408977.6888,376853.2498
1983,태백동물병원,강원특별자치도 태백시 번영로 212 (황지동),553-3622,408570.008,376264.2782
1984,현대가축병원,강원특별자치도 정선군 정선읍 정선로 1330,033-563-0739,432096.9794,347106.0757
1985,평창영월정선축협 정선지점 동물병원,강원특별자치도 정선군 정선읍 봉양5길 23,033-563-1805,432095.1297,347193.6261
1986,다나동물병원,강원특별자치도 정선군 정선읍 비봉로 46,033-563-6563,432286.1406,347229.2195
1987,인제축산업협동조합 동물병원,강원특별자치도 인제군 북면 원통로74번길 10-8,461-2801,513032.1349,305100.842
1988,국립공원공단 국립공원야생생물보전원 북부보전센터,강원특별자치도 인제군 북면 황태길 76-46,463-9120,522783.769,318488.5404
1989,인제종합동물병원,강원특별자치도 인제군 인제읍 비봉로44번길 70 (행복한집 102호),033-461-3960,507212.6568,302453.4119
1990,합강동물병원,강원특별자치도 인제군 인제읍 인제로 227,033-463-9713,508194.8034,303045.9469
1991,조광동물병원,강원특별자치도 속초시 수복로 61 (교동),,522884.3002,338044.0118
1992,설악동물병원,강원특별자치도 속초시 동해대로 4308 (교동),,523088.1199,337538.1022
1993,속초동물의료센터,강원특별자치도 속초시 수복로 69 (교동),033-638-0075,522950.0024,338097.7441
1994,속초삼성동물메디컬센터,"강원특별자치도 속초시 엑스포로2길 22, 속초삼성동물병원메디컬센터 (교동)",636-0305,522589.0288,338384.8417
1995,호박동물병원,강원특별자치도 속초시 설악금강대교로 20 (청호동),636-1114,522188.2623,339684.1557
1996,한국동물혈액은행 동물병원,강원특별자치도 속초시 번영로129번길 7-17 (동명동),,524178.8869,338959.7995
1997,나의 동물메디컬 센터,강원특별자치도 속초시 동해대로 4163 (조양동),033-636-7179,522062.0926,338297.6868
1998,고제용 동물병원,강원특별자치도 속초시 동해대로 4212 (교동),033-633-4212,522507.6653,338161.6398
1999,대명동물병원,강원특별자치도 양양군 양양읍 남문로 19,673-3185,509105.1832,342099.5388
2000,금강동물병원,"강원특별자치도 양양군 양양읍 관아길 20, 102호",033-673-8275,509557.2649,342692.1775
2001,고성동물병원,"강원특별자치도 고성군 간성읍 간성북로7번길 18, 나탈리아아트컬렉션",,542974.8241,328396.5806
2002,수성동물병원(일반동물병원),강원특별자치도 고성군 죽왕면 운봉산로 10,,534512.7276,334412.4499
2003,동해동물병원,강원특별자치도 동해시 중앙로 187 (천곡동),033-532-7886,448250.7788,387030.9706
2004,삼성동물병원,"강원특별자치도 동해시 중앙로 158 (천곡동, 영동상사)",033-533-7522,448044.9223,387233.5443
2005,쥬쥬동물병원,"강원특별자치도 동해시 지양길 6, 1층 (효가동)",033-522-3313,445507.4419,386381.7281
2006,필동물병원,"강원특별자치도 동해시 한섬로 61-1, 108호 (천곡동, 삼양타워1차)",033-534-7178,448573.8005,386543.4973
2007,더에스동물병원,"부산광역시 수영구 수영로464번길 6, 목원빌딩 3층 302호 (남천동)",051-913-7582,185152.2796,392264.1472
2008,김포 동물병원 치료해주오,"경기도 김포시 김포한강4로212번길 16, 1층 (장기동)",,460874.1842,169945.476
2009,한가람 동물병원(출장진료전문병원),"충청남도 천안시 동남구 통정7길 10, 101호 (신방동)",,363566.5141,211259.4016
2010,나은동물병원,"경기도 안양시 동안구 귀인로 108, 206호,207호 (호계동)",031-360-0750,431109.6764,195663.1073
2011,본 동물 건강검진영상센터,"대구광역시 달서구 월곡로 332, 2층 (상인동)",053-633-7585,259125.3959,338562.8191
2012,한국고양이혈액센터,"서울특별시 양천구 중앙로 349, 2층 (신월동)",02-544-7975,447197.7976,186583.8534
2013,가이드 동물의료센터,"경기도 군포시 금정로 47, 디 싸이트(D Site) (금정동)",031-360-7555,429272.4453,194643.1869
2014,훈동물병원,"부산광역시 해운대구 좌동순환로 174, 거성빌딩 3층 301호 (좌동)",051-702-0100,188659.0565,398071.7062
2015,대천동물병원,"전라남도 나주시 한빛로 21, 1층 106호 (빛가람동)",,169414.4681,179773.9288
2016,돌봄동물병원,"전라남도 나주시 공산면 공산로 120, 공산철물",,160464.3035,164209.5067
2017,두카메디컬센터,"경기도 안양시 동안구 벌말로 126, 평촌 오비즈타워 2층 217호 (관양동)",031-422-7534,433065.3427,197294.6536
2018,윤동물병원,"경기도 남양주시 다산중앙로82번안길 118, 111-1,112호 (다산동)",031-563-8875,456646.9465,214462.5937
2019,튼튼동물병원,"경기도 김포시 김포한강11로 300, 에비뉴파크 101호 (운양동)",,461501.5316,171899.5811
2020,아이튼튼동물병원,"서울특별시 성북구 길음로 11, 2층 241호 (길음동, 길음역롯데캐슬트윈골드아파트)",,455713.2446,201973.8868
2021,네오 동물병원,"충청북도 충주시 예성로 226, A동 2층 좌측호 (교현동)",,386518.7852,283231.4923
2022,수청포근동물병원,"충청남도 당진시 남부로 242, 능원빌딩 101호 (수청동)",041-430-7567,376073.9434,168141.8954
2023,정직 동물병원,"경기도 하남시 미사강변중앙로 180, 힐스테이트 미사역 그랑파사쥬(11-1BL) 2층 2017,2018호 (망월동)",,451214.59,216790.5046
2024,뉴로동물암센터,"부산광역시 연제구 중앙대로 1084, 진도사옥 1층 (연산동)",051-711-8251,189228.0611,389473.2815
2025,왕십리동물병원,"서울특별시 성동구 무학로6길 50, 101동 225호 (도선동, 성동삼성쉐르빌)",02-2138-1888,451346.2811,203017.0215
2026,가디언 동물의료센터,"서울특별시 서초구 방배로 110, 석교빌딩 2층 201호 (방배동)",02-442-8287,442434.7169,199608.7819
2027,탑벳 동물병원,"서울특별시 서초구 반포대로 89, 유민빌딩 1층 (서초동)",,442882.2,200734.9937
2028,덕계 원 동물병원,"경기도 양주시 덕계로 132-12, 제이타워 2층 2호 (덕계동)",031-928-4815,479562.8026,204818.1987
2029,필 동물병원,"광주광역시 서구 마륵복개로 157, 101동 B101-2호 (쌍촌동)",062-381-3733,183098.8163,186651.7274
2030,강동큰숲동물병원,"서울특별시 강동구 양재대로 1384, 미림빌딩 1층 7,8,9호 (둔촌동)",02)6958-7975,447496.7894,212071.0953
2031,우리동물병원,강원특별자치도 횡성군 횡성읍 앞들동2로 68,,442825.5638,286889.9474
2032,아이맘동물의료센터,"경기도 부천시 원미구 상동로 69, 새롬프라자(15차) 204호 (상동)",327106605,444644.7457,178022.8233
2033,체크업동물병원,"서울특별시 서초구 동작대로 190, 승정빌딩 2층 (방배동)",02-535-4005,443476.8031,198436.4254
2034,우리동물병원,"경상남도 의령군 의령읍 의병로22길 21-1, 101호",055-817-7582,202794.5676,314812.1438
2035,씽씽 동물의료센터,"경기도 양주시 회천중앙로 225, 2층 4,5호 (덕계동)",031-8088-7077,479521.655,204500.4875
2036,동진동물병원(출장진료전문),"경상남도 진주시 상대로 131, 1층 (하대동)",,187895.1734,302536.3605
2037,고산동물병원,"전라남도 완도군 고금면 농상도남48번길 6-1, 고산동물병원",,99527.85581,181908.9382
2038,미유펫 동물병원,"광주광역시 서구 마륵복개로 154, 4층 501호 (쌍촌동)",,183073.3651,186595.8769
2039,삼성펫클리닉,"서울특별시 강남구 봉은사로 640, 에스빌딩 1층 (삼성동)",,445848.8384,205706.7861
2040,김포시 반려동물 공공진료센터,"경기도 김포시 김포한강1로 242, 운양역 환승센터 공영주차장 A동 1층 (운양동)","031-5186-1941,2",461263.1183,172070.5798
2041,호수동물병원,"전라남도 해남군 황산면 시등로 111, 호수동물병원",,119863.5707,147824.4653
2042,펫가든동물병원,"경기도 의왕시 계원대학로 7, 롯데마트 2층 (내손동)",031-422-4475,430907.7699,197598.214
2043,파크동물의료센터,"인천광역시 서구 이음대로 479, 108호 (당하동)",032-719-7576,,
2044,펫가든동물병원,"경기도 의왕시 계원대학로 7, 롯데마트 2층 (내손동)",031-422-4475,430907.7699,197598.214
2045,자연동물병원,전북특별자치도 군산시 공단대로 252 (수송동),063-462-7733,273305.3725,174099.8906
2046,강덕훈 동물병원,강원특별자치도 정선군 정선읍 정선로 1311,,432076.1337,346912.8654
2047,문 동물병원,"울산광역시 울주군 언양읍 북문13길 12, 1동 1층",,232340.2854,392910.6066
2048,우리아이동물병원,"인천광역시 연수구 인천타워대로 365, B동 2층 219호 (송도동, 힐스테이트 송도 더스카이)",,433287.0059,167026.1438
2049,페이지동물병원,"경기도 하남시 미사강변대로 38, 위너스프라자 2층 203, 203-1호 (풍산동)",031-8027-0758,450178.1433,216347.6518
2050,로지동물의료센터,"서울특별시 송파구 거마로 56, 송파시그니처롯데캐슬 상가동 지하1층 1-3,1-4호 (거여동, 송파시그니처롯데캐슬)",02-6958-8575,443705.4731,213149.5228
2051,인천동물심장내과,"인천광역시 연수구 인천타워대로180번길 11, A동 210호 (송도동, 더샵송도센트럴파크Ⅲ)",032-710-6686,431957.7997,167928.2643
2052,민경현동물병원,강원특별자치도 횡성군 우천면 한우로 1203,,440708.3007,293849.6555
2053,뿌리동물병원,"경기도 수원시 팔달구 세지로 178, 1,2층 (인계동)",315460375,418363.5009,201902.4364
2054,유동물병원,"강원특별자치도 강릉시 강릉대로 337-5, 101동 106호 (포남동)",033-822-2020,475433.3768,367664.0064
2055,밀양대동물진료센터,경상남도 밀양시 부북면 사포로 86,,220603.6175,358314.2255
2056,평화동물병원,"전북특별자치도 정읍시 충정로 159, 평화동물병원 1층 (상동)",,229572.1494,187482.8029
2057,가남동물병원,"경기도 여주시 가남읍 대명산길 3, 103호",,411479.495,248198.9277
2058,서울든든동물병원,"인천광역시 미추홀구 소성로294번길 17-32, 로얄캐슬 상가 105-106호 (문학동)",032-432-8575,,
2059,24시청주다옴동물의료센터,"충청북도 청주시 흥덕구 송화로116번길 14, 2층 (송절동)",,351377.9538,239919.4829
2060,한국마사회 부산경남부속동물병원,부산광역시 강서구 가락대로 929 (범방동),051-901-7434,185672.9879,371094.2857
2061,명지종합동물병원,"부산광역시 강서구 명지오션시티11로 74 (명지동,명지오션타워 204)",051)271-8889,177767.8604,373576.0288
2062,명지오션시티동물병원,부산광역시 강서구 명지오션시티11로 66 (명지동),051-271-7582,177766.2244,373495.7945
2063,스마일동물병원,부산광역시 강서구 가락대로 929 (범방동),519017384,185672.9879,371094.2857
2064,해옴동물병원,"부산광역시 강서구 명지오션시티4로 69, 201호 (명지동)",051-271-8119,177628.0327,373568.7516
2065,네오메디컬동물병원,부산광역시 강서구 명지국제6로 234 (명지동),051-291-4545,179175.9659,375286.3802
2066,국제동물병원,"부산광역시 강서구 명지국제8로 243, 미주프라자 205호 (명지동)",051-204-7588,179392.3781,374957.7283
2067,이로운동물병원,"부산광역시 강서구 명지국제11로 35, 103동 105호 (명지동)",519167575,180094.1179,375206.5906
2068,마리동물병원,"부산광역시 강서구 가락대로 929, 부산경남경마공원 (범방동)",051-901-7482,185672.9879,371094.2857
2069,하단동물병원,부산광역시 사하구 하신중앙로 296 (하단동),291-4456,180039.9103,378926.782
2070,하단오거리Q동물병원,"부산광역시 사하구 하신중앙로 340, 1층 (하단동)",264-8275,180252.5913,379316.7171
2071,한솔동물병원,부산광역시 사하구 낙동대로 184 (괴정동),201-0475,179879.7156,381944.4684
2072,스마트동물병원,부산광역시 사하구 다대로 624 (다대동),261-1891,174201.2482,379691.4175
2073,다대동물병원,부산광역시 사하구 다대로 549 (다대동),266-7582,174910.8576,379768.0509
2074,괴정동물병원,"부산광역시 사하구 낙동대로 246-1, 1층 (괴정동)",207-3344,179633.5942,381387.2669
2075,지 동물병원,부산광역시 기장군 정관면 용수로 21,051-728-0557,205092.901,398018.5917
2076,아산동물의료센터,부산광역시 기장군 정관읍 정관로 583,727-7522,204592.4916,397967.1708
2077,정관착한동물의료센터,"부산광역시 기장군 정관읍 정관로 575-3, 정관제일타워Ⅱ 202, 203호",051-923-0119,204631.5309,397873.6817
2078,디알씨동물병원,부산광역시 기장군 기장읍 차성로 314,051-624-8275,196278.1034,401451.7659
2079,부산야생동물치료센터,부산광역시 사하구 낙동남로 1240 (하단동),209-2091,180185.0867,377006.9204
2080,고동물병원,부산광역시 중구 자갈치로47번길 5 (남포동5가),246-0473,179511.633,384955.1257
2081,희망종합동물병원,"부산광역시 중구 구덕로 51, 2층 (남포동5가)",241-0103,179539.724,385046.215
2082,피닉스동물병원,부산광역시 중구 구덕로 30-1 (남포동2가),246-7551,179559.2188,385264.539
2083,대신동물병원,부산광역시 서구 망양로 19-1 (서대신동3가),051-254-2304,181120.9181,383451.6379
2084,길경진동물병원,부산광역시 서구 구덕로 308 (동대신동2가),244-5504,181003.4035,383853.3386
2085,만박동물병원,"부산광역시 서구 까치고개로 257, 1층 (토성동1가)",512547744,179718.936,384481.3637
2086,가온동물병원,부산광역시 서구 대영로 36 (서대신동1가),,180751.3685,383666.9072
2087,중앙동물병원,부산광역시 서구 까치고개로 253-2 (토성동1가),,179719.3551,384448.8228
2088,대호동물병원,"부산광역시 서구 구덕로 130 (토성동5가, 해오름상가1층)",051-256-1188,179413.6862,384325.619
2089,삼성종합동물병원,부산광역시 사하구 감천로 32 (감천동),051-205-1017,178690.0983,381947.348
2090,라온동물병원,부산광역시 사하구 낙동대로 511 (하단동),291-7900,180733.465,379149.295
2091,김현태김동민 동물의료센터,부산광역시 사하구 다송로 42 (다대동),051-265-7582,175671.7842,380750.5311
2092,코끼리동물병원,부산광역시 사하구 하신번영로 201 (신평동),051-204-7576,179507.0594,378500.6006
2093,기장동물병원,부산광역시 기장군 기장읍 차성로288번길 61,721-8075,196019.2395,401742.193
2094,좌천동물병원,부산광역시 기장군 장안읍 해맞이로 17-1,727-0170,203878.7833,404115.2555
2095,영덕종합동물병원,경상북도 영덕군 영덕읍 중앙길 88-1,,325925.0136,412562.2913
2096,영덕울진축협 동물병원,경상북도 영덕군 영덕읍 영덕로 366,054-733-7120~3,327638.3401,413082.5805
2097,박동물병원,경상북도 청도군 풍각면 헐티로 198,372-5506,239197.9509,346615.6763
2098,고려동물병원,경상북도 청도군 청도읍 청화로 217,371-0563,239195.7527,358179.3956
2099,청도축협동물병원,경상북도 청도군 화양읍 청려로 1790,373-5205,240369.4985,355122.797
2100,우리동물병원,경상북도 청도군 화양읍 청화로 55,054-373-3366,240118.4325,356937.9967
2101,우성동물병원,경상북도 청도군 청도읍 중앙로 78,054-373-7115,239893.9094,358606.7645
2102,현 동물병원,경상북도 청도군 청도읍 고수산복길 13-1,,239859.408,357283.9425
2103,성산가축병원,경상북도 고령군 개진면 성산로 942-9,,250988.7279,323380.6018
2104,진흥동물병원,경상북도 고령군 고령읍 왕릉로 75,,248169.336,314398.5798
2105,정수의과병원,"경상북도 고령군 대가야읍 대가야로 1533, 107동 1층 103호 (해동디오팰리스)",,250033.909,315097.9493
2106,라파동물병원,경상북도 고령군 대가야읍 쾌빈3길 2,054-955-0058,248909.7918,315002.3487
2107,고령성주축협동물병원,경상북도 고령군 고령읍 벽화길 41-8,054-954-0723,247632.6043,314952.4807
2108,사랑동물병원,경상북도 고령군 고령읍 대가야로 1533,591-8140,250033.909,315097.9493
2109,유경동물병원,경상북도 고령군 성산면 성산로 1014,,251157.3077,324016.2765
2110,한우리 동물병원,경상북도 영주시 원당로 200 (하망동),,370827.3127,345638.511
2111,마리동물병원,경상북도 영주시 대학로284번길 4-18 (가흥동),,369856.9388,343140.4911
2112,안정현동물병원,경상북도 영주시 지천로 197 (휴천동),,369699.7385,344535.1196
2113,수동물병원,경상북도 영주시 원당로 36-1 (가흥동),,369740.2985,344465.0524
2114,국립공원야생생물보전원 중부보전센터,경상북도 영주시 순흥면 소백로2481번길 33,054-637-9120,380295.7041,338638.8677
2115,이솝동물병원,울산광역시 북구 당수골2길 3(매곡동),052-295-8875,239986.2095,413714.1594
2116,정철 동물병원,울산광역시 북구 진장17길 11 (진장동),052-287-0348,231692.1172,413478.9035
2117,배박사 동물병원,울산광역시 북구 신답로 40 (상안동),052-281-0906,239129.7878,412240.795
2118,쿨펫동물병원 홈플러스 북구점,"울산광역시 북구 신답로 26 (상안동, 홈플러스)",,239222.4501,412349.3005
2119,호계동물병원,울산광역시 북구 호계로 365-1 (신천동),052-265-8275,239802.4672,412610.6753
2120,서울한빛동물병원,"울산광역시 북구 신답로 48 (상안동, 프리지아)",052-297-7582,239113.3627,412186.1266
2121,울산착한동물병원,"울산광역시 북구 매곡산업로 177, 102호 (매곡동)",052-291-1190,240278.8712,413866.5754
2122,화봉GL동물병원,"울산광역시 북구 화동로 11, 124동 1층 113호 (화봉동, 화봉 쌍용예가)",052-288-9191,235091.8679,414529.3837
2123,울산동물병원,울산광역시 중구 학성공원13길 45 (학성동),297-0979,230949.0797,411839.8643
2124,라온 동물 메디컬센터,울산광역시 중구 번영로 524 (반구동),286-5050,232133.9937,412098.1465
2125,전영호동물병원,울산광역시 중구 구교로 163 (반구동),292-4112,231353.7915,412104.371
2126,이박사동물병원,울산광역시 중구 중앙길 75 (성남동),211-0023,230855.5064,410078.1411
2127,우정 동물병원,"울산광역시 중구 종가3길 24, 1층 (유곡동)",281-2294,231382.5846,408192.9166
2128,닥터강동물병원,울산광역시 중구 화진길 13-2 (태화동),246-3123,230795.413,409263.7899
2129,산타클라라동물병원,울산광역시 중구 다운로 1 (다운동),244-4296,230833.0814,406245.027
2130,태화동물병원,울산광역시 중구 태화로 160 (태화동),211-2399,230529.6116,407880.8398
2131,제갈견 동물병원,울산광역시 중구 명륜로 64-1 (우정동),212-2475,231081.5635,409475.2121
2132,리틀쥬동물의료원,울산광역시 남구 봉월로 104 (신정동),268-8884,229335.1443,409088.1383
2133,울산 이승진동물병원,울산광역시 남구 삼산로 94 (달동),258-2516,228556.745,410157.2089
2134,문수동물병원,"울산광역시 남구 대학로 164, 102호 (무거동, 웰츠타워)",052-223-5575,230008.7398,405168.7369
2135,메디펫우리동물병원,울산광역시 남구 번영로 147-1 (달동),257-7582,229008.7639,410982.9662
2136,도그앤피플 동물병원,"울산광역시 남구 대학로 39, 1층 (무거동)",247-6656,228969.9167,404567.0784
2137,남산동물병원,울산광역시 남구 북부순환도로 40 (무거동),224-8275,230386.8445,405588.4576
2138,강남동물병원,울산광역시 남구 돋질로 234 (달동),267-0025,229487.1199,411287.2817
2139,옥동종합 동물병원,울산광역시 남구 문수로 358 (옥동),266-0075,228500.5043,407853.3739
2140,울산광역시 야생동물구조관리센터,울산광역시 남구 대공원로 94 (옥동),,228067.9601,407967.949
2141,원헬스 동물의료센터,"울산광역시 남구 북부순환도로 23, 1층 (무거동)",247-7975,230398.6922,405433.6134
2142,울산 강일웅동물메디컬센터,울산광역시 남구 화합로 200(삼산동),,229492.6933,412126.241
2143,스마일동물병원,울산광역시 남구 대학로 112 (무거동),277-0075,229569.098,404963.1337
2144,쿨펫동물병원,"울산광역시 남구 수암로 148, 3층 (야음동, 홈플러스)",227-8275,227668.0416,410624.9593
2145,일산동물의료센터,울산광역시 동구 방어진순환도로 645 (일산동),052)252-5878,224904.3804,420250.4306
2146,방어진 행복한 동물병원,울산광역시 동구 방어진순환도로 548 (방어동),052)235-7585,223926.9659,420112.4351
2147,손대하 동물병원,"울산광역시 동구 일산진6길 22, 1층 (일산동)",052-234-7576,224749.8753,420448.6761
2148,쿨펫동물병원 동구점,"울산광역시 동구 방어진순환도로 637 (일산동, 홈플러스)",052-232-3567,224850.3237,420194.5062
2149,펫하우스 동물병원,"울산광역시 남구 남중로 48 (삼산동,이마트울산점 3층)",273-0975,229015.4301,412914.803
2150,숲동물병원,울산광역시 남구 돋질로 273 (삼산동),052-977-2405,229681.5898,411652.8987
2151,위즈펫동물병원(롯데마트 울산점),"울산광역시 남구 삼산로 74, 2층 (달동, 롯데마트울산점)",268-3567,228450.8647,409970.3908
2152,울산에스동물메디컬센터,울산광역시 남구 삼산로 160 (달동),707-2475,228788.4905,410788.7871
2153,주동물병원,울산광역시 남구 돋질로 385-1 (삼산동),529038275,229635.9396,412785.7908
2154,울산동물영상센터,울산광역시 남구 신정로 85-2 (달동),,229090.8909,410363.8465
2155,권오성동물병원,울산광역시 남구 중앙로 282 (신정동),,229802.1849,409428.3321
2156,울산 사랑동물병원,울산광역시 남구 중앙로 165-1 (신정동),273-0075,228695.3504,409752.1229
2157,현대동물병원,울산광역시 남구 수암로149번길 2 (야음동),257-3669,227762.7849,410680.3187
2158,대공원 동물병원,"울산광역시 남구 대공원로 241, 207호 (신정동, 대공원코오롱파크폴리스)",258-2520,228147.844,409204.4716
2159,미래펫 동물병원,울산광역시 남구 중앙로 218-1 (신정동),273-5911,229202.7551,409633.2012
2160,웰니스동물병원(롯데월드점),"서울특별시 송파구 올림픽로 240, 롯데월드 1층 S-911호 (잠실동)",0507-1330-1480,445455.9041,208589.3633
2161,분당다원동물병원,"경기도 성남시 분당구 정자일로 100, 116호 (정자동, 미켈란쉐르빌)",031-711-6775,428565.1512,209409.0211
2162,한마음,인천광역시 강화군 강화읍 강화대로 365-4,933-6858,471427.7905,154862.3117
2163,바울 동물병원,"인천광역시 강화군 강화읍 남문로 30, 2층",,471125.6013,154801.9922
2164,인천강화옹진축협 동물병원,인천광역시 강화군 강화읍 강화대로 376-1,032-933-9509,471570.176,154848.3159
2165,지누동물병원,경상북도 성주군 성주읍 성주순환로4길 33-6,,270239.3213,315951.031
2166,종합,인천광역시 강화군 강화읍 강화대로 378,934-2570,471572.7433,154819.9229
2167,베스트,인천광역시 강화군 강화읍 강화대로 217,934-9340,471024.5024,156285.1154
2168,서울동물,"인천광역시 강화군 강화읍 충렬사로 6, 2층 202호",933-2729,470779.6017,154725.7434
2169,강진동물약품병원,전라남도 강진군 강진읍 보은로 196,,126953.8599,179635.3935
2170,백제동물병원,전라남도 강진군 강진읍 탐진로 135,061-433-2700,127187.8038,178797.0288
2171,다산동물병원,"전라남도 강진군 강진읍 보은로2길 4, 1층",,126586.2843,179007.0385
2172,강진완도축협동물병원,전라남도 강진군 강진읍 보은로 40,,126039.2932,178344.4868
2173,현대동물병원,전라남도 강진군 강진읍 영랑로 22,,126638.2844,178760.7391
2174,포두동물병원,"전라남도 고흥군 포두면 우주로 607, 소매점",,119200.7582,231215.8102
2175,고흥 홍교 동물병원,"전라남도 고흥군 점암면 모룡길 22, 1층",,128582.4745,234676.7038
2176,중앙동물병원,전라남도 고흥군 과역면 고흥로 2979,,131206.2339,233038.2797
2177,현대동물병원,전라남도 고흥군 고흥읍 여산당촌길 32,,123300.6494,225578.6488
2178,순천만동물병원,전라남도 순천시 해룡면 향매로 142,061-727-9110,159381.0676,250587.7086
2179,순흥동물병원,전라남도 순천시 팔마로 26 (장천동),061-744-4956,160940.3163,244798.0753
2180,무안종합동물병원,전라남도 무안군 무안읍 성안길 22,061-454-2928,165768.8168,152200.3424
2181,축협동물병원,"전라남도 무안군 무안읍 면성1길 54, 2층",,166167.2333,152084.5758
2182,이레동물병원,전라남도 순천시 황전면 괴목길 11-1,061-745-7577,178248.9661,238896.8242
2183,전남야생동물구조관리센터,"전라남도 순천시 순천만길 922-15, 야생동물구조관리센터 (인월동)",749-3898,154696.2218,244168.5143
2184,산들동물병원,전라남도 순천시 서면 죽평아랫돔길 8,,167025.1286,244914.9834
2185,휴 동물병원,전라남도 순천시 조례연동길 18 (조례동),617430075,162368.7784,248225.3307
2186,호수동물병원,전라남도 순천시 왕지2길 19-5 (왕지동),,163380.0674,247723.8886
2187,시온동물병원,전라남도 무안군 일로읍 월평길 9,,150618.2565,154144.986
2188,진성동물병원,전라남도 순천시 팔마로 6-1 (장천동),061-742-0202,160953.915,244600.0364
2189,신대동물병원,전라남도 순천시 해룡면 신대2길 15,,159688.7758,249933.5479
2190,정원동물병원,"전라남도 순천시 순천만정원로 78, 1층 104호 (풍덕동)",061-745-1777,159849.4238,245224.8194
2191,디딤동물병원,"전라남도 순천시 순광로 18, 장난감백화점 (조례동)",,161885.8256,247713.3245
2192,남악동물병원,전라남도 무안군 삼향읍 남악4로 50 (골든스위트 114호),287-0275,145882.887,151101.0448
2193,아빠손동물병원,전라남도 무안군 삼향읍 남악3로 74 (유풍프라자),282-7553,146076.8425,150578.6663
2194,오룡 동물병원,전라남도 무안군 삼향읍 남악5로48번길 21,061-282-2398,145789.365,151772.095
2195,e-동물 메디컬 센터,전라남도 무안군 삼향읍 남악2로74번가길 4-11,,146217.6987,150443.2625
2196,마루 동물병원(출장진료 전문병원),"전라남도 무안군 무안읍 만창길 3, 전남유통 1층",,164813.0151,151630.7248
2197,한사랑동물의료센타 동물병원,전라남도 목포시 통일대로 83 (옥암동),276-8046,144854.755,148045.8371
2198,21세기동물병원,전라남도 목포시 영산로 503 (상동),061-279-0006,145935.7595,146606.77
2199,한빛 동물병원,전라남도 목포시 부흥로 49 (상동),612830139,144997.8651,147479.4085
2200,PET119동물병원,전라남도 목포시 옥암로 129 (상동),284-6994,145850.9423,147273.0679
2201,현대가축병원,전라남도 목포시 영산로 687 (석현동),,147663.7788,147005.2092
2202,서울,전라남도 목포시 원산중앙로 10 (산정동),061-279-1175,145556.2991,142676.456
2203,우리동물병원,"전라남도 목포시 영산로 607, 우진아트빌 상가동 101호 (석현동)",061-281-7520,146859.2609,146898.4444
2204,도야동물병원,전라남도 목포시 산정로150번길 35 (용당동),278-4100,144677.8135,144531.9625
2205,선닥터동물병원,전라남도 보성군 보성읍 송재로 151,,141235.6514,207179.8427
2206,전남낙농농협 보성공장 동물병원,전라남도 보성군 벌교읍 남하로 158,061-858-6330,147813.0677,232672.8171
2207,연향동물병원,전라남도 순천시 충효로 81 (연향동),061-745-0075,160944.8401,246888.415
2208,전남낙농농협 동물병원,"전라남도 순천시 우석로 108, 전남낙농농협 (남정동)",740-8520,160056.3063,244571.6075
2209,김동물병원,전라남도 순천시 장평로 49 (인제동),061-745-8778,160711.8213,245036.5782
2210,온누리동물병원,"전라남도 순천시 남신월길 21 (조례동, 온누리 동물병원)",061-723-7582,161927.5083,247462.9805
2211,한일동물병원,전라남도 무안군 무안읍 면성2길 40,061-452-0877,165822.7365,152114.179
2212,대영동물병원,전라남도 완도군 완도읍 중앙길 8,,90754.10807,177505.5337
2213,완도동물병원,"전라남도 완도군 완도읍 장보고대로 233, 1층",,90985.11489,176997.2362
2214,중마동물병원,전라남도 광양시 중마중앙로 106 (중동),793-0075,160330.5361,263732.6013
2215,한강동물병원,전라남도 광양시 광영로 61 (광영동),792-0081,162792.5969,265884.5465
2216,요셉동물병원,전라남도 광양시 광양읍 칠성로 76,061-763-7582,164576.2388,253500.0838
2217,광양동물메디컬센터,"전라남도 광양시 사동로 70, 1층, 2층 (중동)",061-792-7501,160958.7645,262710.2383
2218,대덕 동물병원,전라남도 장흥군 대덕읍 대대로 926,061-867-3235,111172.7015,189613.6169
2219,보성동물병원,전라남도 보성군 보성읍 현충로 45,,140826.7259,206991.247
2220,벌교동물병원,전라남도 보성군 벌교읍 채동선로 333,,150116.7517,230911.1165
2221,현대동물병원,전라남도 보성군 보성읍 중앙로 80-1,,141204.2138,207461.5113
2222,홍교동물병원,전라남도 보성군 벌교읍 계두길 17-2,,149860.4124,231229.4124
2223,제일동물병원,전라남도 보성군 보성읍 현충로 74,,140921.9533,207245.5155
2224,정동물병원,"전라남도 구례군 구례읍 봉성로 90, 정가축병원",,190219.2235,242247.5433
2225,호남동물병원,전라남도 구례군 구례읍 봉성로 58,783-0028,189903.8935,242232.2871
2226,소통동물병원,전라남도 나주시 청동길 7 (삼도동),,170863.4476,174664.6901
2227,산수유동물병원,전라남도 구례군 산동면 둔기길 7-32,,198310.0245,236987.1708
2228,나주종합동물병원,"전라남도 나주시 중앙로 3 (성북동, 나주종합동물병원)",336-8275,170115.1159,174361.6254
2229,이영기수의과병원,,,170429.1836,174025.0652
2230,최동물병원,전라남도 나주시 왕곡면 고분로 1576,061-337-9974,163596.1369,173091.4239
2231,선경동물병원,전라남도 나주시 예향로 3778-1 (이창동),,,
2232,무등동물병원,전라남도 나주시 예향로 3798 (이창동),,166131.877,173662.651
2233,정동물병원,전라남도 나주시 공산면 공산로 123-1,,160469.6665,164155.1157
2234,전남낙협동물병원,전라남도 나주시 산포면 송림산제길 170,613368166,168779.4014,183750.953
2235,효진동물병원,전라남도 나주시 왕곡면 나주서부로 4,332-4008,165227.466,172855.8138
2236,코리아동물병원,전라남도 나주시 풍물시장2길 35-8 (이창동),334-9595,166216.7887,173324.0845
2237,부자동물병원,전라남도 나주시 금영로 21 (이창동),,166296.9823,174037.1051
2238,나주축협동물병원,전라남도 나주시 왕곡면 영산포로 4,334-7588,164923.756,172997.7771
2239,박인석 동물병원,전라남도 나주시 남평읍 교원교촌길 100,061-335-8275,171306.0591,185615.4776
2240,신안동물병원,"전라남도 신안군 압해읍 천사로 901, 3동 302호",061-271-6014,148152.7208,140569.1446
2241,가람동물병원,"전라남도 나주시 배멧1길 40 (빛가람동, 창우빌딩 101호)",613327975,169016.1989,180883.2227
2242,형동물병원(출장전문),전라남도 나주시 봉황면 금봉로 443,,164152.2901,180469.2132
2243,옐로우동물병원,전라남도 장성군 삼계면 부연수남길 121-19,,194514.9614,169593.4093
2244,한일동물병원(출장진료전문동물병원),전라남도 담양군 담양읍 천변1길 22,061-382-6100,202043.8355,198168.8231
2245,중앙동물병원,전라남도 담양군 담양읍 추성로 1327,,202302.6746,198402.2239
2246,담양축협동물병원,전라남도 담양군 담양읍 삼거리길 8-6,061-380-5588,201257.7193,198286.4952
2247,장미동물병원(출장진료전문동물병원),"전라남도 담양군 담양읍 죽향대로 1169, 남도한우 3층",382-8215,201186.1971,198158.9677
2248,고려동물병원(출장진료전문동물병원),전라남도 담양군 담양읍 지침4길 7-7,382-9646,202266.7716,198638.3079
2249,한마음동물약품병원,"전라남도 담양군 담양읍 삼거리길 45, 1층 103호",,201073.0718,198592.1021
2250,장성동물병원,전라남도 장성군 장성읍 영천로 83,,199338.1242,179946.3493
2251,우남동물병원,전라남도 장성군 장성읍 청운길 19-1,,200253.5503,180012.2627
2252,서광동물병원,전라남도 장성군 장성읍 영천로 96-1,,199454.1667,179994.3585
2253,현대동물병원,전라남도 장성군 장성읍 영천로 137,,199876.6701,180022.5329
2254,우리동물병원,전라남도 장성군 장성읍 영천로 117-1,,199675.2674,179996.8072
2255,매일동물병원,전라남도 광양시 광양읍 순광로 695,761-0355,163661.9692,253733.7284
2256,온누리 동물병원,전라남도 광양시 중마중앙로 83 (중동),794-7582,160096.5984,263668.8561
2257,대우동물병원,전라남도 함평군 함평읍 중앙길 71-1,,173881.7742,156357.8008
2258,반석동물병원(출장전문병원),전라남도 함평군 함평읍 서부길 53-11,324-5544,173635.6286,156084.3557
2259,천지동물병원,전라남도 함평군 함평읍 내바람길 53,,173869.7979,156283.8729
2260,미래동물병원,전라남도 함평군 월야면 월야장교길 12,323-8274,189056.5371,164469.3122
2261,제일가축병원,전라남도 영암군 영암읍 갈무정1길 12,,144987.116,172419.9814
2262,서광동물병원,전라남도 영암군 영암읍 중앙로 88,,145057.901,172459.7092
2263,청수동물병원,전라남도 영광군 영광읍 천년로 1405,,196956.5266,154221.6733
2264,김동물병원,전라남도 영광군 영광읍 신남로3길 23,061-351-3366,197404.2544,154811.3573
2265,심동물병원,전라남도 곡성군 옥과면 리문5길 15,,197294.0194,212330.6212
2266,돌산동물병원,전라남도 여수시 돌산읍 망월대길 13,,124360.5298,266225.3693
2267,여수동물병원,전라남도 여수시 좌수영로 32 (서교동),641-4542,138543.0376,266627.8676
2268,함평축협동물병원,전라남도 함평군 학교면 함장로 1202-118,324-0045,172598.5079,157032.1456
2269,금강동물병원(출장진료전문병원),전라남도 함평군 학교면 고막천로 601-16,,170339.4384,162331.4834
2270,초원동물병원,전라남도 영암군 영암읍 중앙로 97,,145154.8497,172433.2997
2271,시종동물병원,전라남도 영암군 영암읍 동문로 39,,144532.7373,172570.687
2272,두리동물병원,전라남도 영암군 영암읍 동문로 84,,144969.6259,172463.0235
2273,정동물병원,전라남도 영광군 영광읍 중앙로5길 2,,197511.6441,155549.9392
2274,제일동물병원,전라남도 영광군 법성면 굴비로 88-1,061-356-2486,206405.2033,149842.7757
2275,전남동물병원,전라남도 영광군 영광읍 천년로 1502,,197564.8938,154896.4782
2276,신일환동물병원,전라남도 여수시 쌍봉로 43 (학동),682-1010,141109.4118,260414.8074
2277,문수동물병원,전라남도 여수시 율촌면 봉전길 3,651-6514,147141.3843,250740.5833
2278,여서동물병원,전라남도 여수시 여문문화길 57 (여서동),,139489.6934,264193.2928
2279,박동물병원,전라남도 영광군 영광읍 물무로 174,061-351-2737,197398.9359,155925.3624
2280,영광축협동물병원,전라남도 영광군 영광읍 천년로 1452,353-8555,197130.2874,154679.5412
2281,여천종합동물병원,전라남도 여수시 돌산읍 망월대길 7,644-5250,124354.0634,266162.3252
2282,제일동물병원,전라남도 여수시 도원로 261 (학동),061-686-2244,140501.8396,260331.7664
2283,천관동물병원,"전라남도 장흥군 장흥읍 건산동부로 113, 천관동물병원 1층",,131938.1034,191706.3703
2284,현대동물병원,전라남도 장흥군 장흥읍 동교1길 47,061-864-6888,131123.2733,191700.5531
2285,희망동물병원,전라남도 장흥군 장흥읍 중앙로 38-1,061-863-1149,131222.746,191487.0897
2286,명성동물병원,전라남도 장흥군 관산읍 정남진로 16-1,061-867-3444,118226.0328,194443.0293
2287,영생동물병원,전라남도 함평군 함평읍 중앙길 67,322-2302,173971.0967,156277.0677
2288,에덴동물병원,전라남도 진도군 진도읍 교동3길 2,061-542-2785,109561.0464,131826.0401
2289,진도개메디컬센터,전라남도 진도군 진도읍 성죽골길 30,061-540-6313,109613.7105,133623.3033
2290,우수영동물병원,전라남도 해남군 문내면 동영길 22-1,533-7373,122317.7348,136894.1121
2291,다도해동물병원,전라남도 해남군 북평면 달량진길 48,,100854.0875,165699.2205
2292,가나다동물병원,전라남도 해남군 해남읍 중앙2로 155,,118703.9519,162718.3497
2293,청산동물병원,전라남도 해남군 해남읍 안동길 38-18,,117088.4335,161859.3802
2294,해남진도축협동물병원,"전라남도 해남군 해남읍 홍교로 64, 해남축산농협",534-9601,118981.0262,163252.135
2295,대한동물병원,"전라남도 해남군 해남읍 남부순환로 122, 2층",061-533-7582,118613.1602,163085.1654
2296,청다리동물병원,전라남도 해남군 문내면 동영길 43,,122479.7036,136771.7238
2297,해남동물병원,전라남도 해남군 해남읍 남부순환로 180,061-537-7119,118851.0265,162581.7361
2298,하나동물병원,전라남도 해남군 해남읍 남부순환로 78,061-532-7582,118668.6069,163491.9734
2299,에덴동물병원,전라남도 함평군 함평읍 영수길 216,,174104.4793,156292.7306
2300,주영동물약품병원,전라남도 함평군 학교면 사거리길 63,,169543.0072,157276.5139
2301,서종철동물병원,전라남도 화순군 이양면 이양로 30,061-372-3114,153740.1948,198822.2131
2302,백남수동물병원,전라남도 화순군 화순읍 화동로 7,061-373-7406,172924.1712,199345.7151
2303,능주동물병원,전라남도 화순군 능주면 관동길 3,,165742.7795,196171.7715
2304,아리랑동물병원,전라남도 화순군 화순읍 진각로 16-1,,172677.9168,198669.4436
2305,닥터수동물병원,전라남도 여수시 문수로 46 (문수동),061-653-7585,139493.4001,264102.5775
2306,애니피아동물병원,"전라남도 여수시 신월로 688, 국동대주상가동 206호 (국동)",061-644-2729,137279.4728,265776.5402
2307,웅천동물병원,전라남도 여수시 웅천2길 5-70 (웅천동),,139039.0368,262338.5432
2308,늘사랑 양한방 동물병원,전라남도 여수시 무선로 179 (선원동),061-686-0275,142159.779,259663.0966
2309,친절한 동물병원,전라남도 함평군 함평읍 광남길 32,,173965.3413,155904.2891
2310,나은동물병원,전라남도 영암군 도포면 원산로 395,,151667.6326,171355.1426
2311,김수의과병원,경상북도 포항시 북구 용당로 55 (용흥동),054-283-1626,283956.6881,412564.6434
2312,홍경태동물병원,경상북도 포항시 북구 새천년대로 587 (용흥동),,283238.5269,412089.4583
2313,최영준동물병원,경상북도 포항시 북구 용당로 56 (용흥동),054-284-0123,283944.7712,412600.3482
2314,기계동물병원,경상북도 포항시 북구 기계면 기계로 92-8 (삼오빌라),054-248-1858,287830.4552,398741.2824
2315,미르동물병원,경상북도 포항시 남구 오천읍 해병로269번길 3,054-292-3112,277213.3466,417472.8781
2316,초원동물병원,경상북도 포항시 북구 선착로 7 (대신동),542771188,287562.7911,414102.7058
2317,포항축협동물병원,경상북도 포항시 북구 기계면 새마을로 1481,054-255-6123,287307.171,400150.216
2318,장기가축병원,경상북도 포항시 남구 장기면 읍내길 62-9,,268743.5082,425116.2433
2319,양덕동물병원,경상북도 포항시 북구 장량로 199 (양덕동),255-0099,289521.6357,416335.0395
2320,문덕동물병원,경상북도 포항시 남구 오천읍 원동로 59,,276884.2463,416643.8215
2321,청운동물병원,경상북도 포항시 북구 새천년대로 570 (용흥동),054-242-7896,283053.9793,412043.7928
2322,가나종합동물병원,경상북도 포항시 북구 해동로 159 (죽도동),,284025.8047,413600.1039
2323,포항중앙동물병원,경상북도 포항시 북구 신덕로 254 (양덕동),232-0075,290132.4971,415073.4141
2324,대흥동물병원,경상북도 포항시 북구 새천년대로1249번길 48-6 (장성동),054-249-2100,288976.4592,414398.4135
2325,닥터 노아 동물병원,경상북도 포항시 남구 대이로1번길 20-1 (대잠동),054-284-0775,281911.9988,411141.3569
2326,견우동물병원,경상북도 포항시 북구 두호로 29 (두호동),542527577,286987.7323,413944.7575
2327,윤동물병원,경상북도 포항시 북구 흥해읍 신흥로 723,,292726.5352,409015.8594
2328,이선동물병원,경상북도 포항시 북구 새천년대로1076번길 2 (두호동),542411003,287493.3414,413619.5463
2329,조은동물병원,경상북도 포항시 남구 중흥로 124 (상도동),542777535,282031.7746,412033.215
2330,손수의과병원,경상북도 포항시 북구 중앙로 340 (덕수동),,285100.3392,413149.1914
2331,포항동물병원,경상북도 포항시 북구 용당로 19-1 (용흥동),054-246-0080,283679.1807,412378.5658
2332,대호동물병원,경상북도 포항시 남구 오천읍 남원로 77,054-247-7582,277094.5718,416536.9364
2333,풍지동물병원,경상북도 포항시 남구 중앙로 148 (해도동),,283241.8302,413387.7734
2334,장성동물병원,경상북도 포항시 북구 용두산길 23 (장성동),249-7582,287661.1005,414462.5043
2335,신세계동물병원,경상북도 포항시 남구 중앙로 20-1 (해도동),273-9636,282016.4119,413678.2297
2336,중문동물병원,제주특별자치도 서귀포시 천제연로 265 (중문동),647393111,-27039.51723,147085.6622
2337,유기화동물의료센터,"부산광역시 동래구 아시아드대로 131-1, 2층 (사직동)","051-506-8492,8493",190505.5547,388055.2241
2338,시소동물병원,"전라남도 화순군 화순읍 진각로 131-3, 1층",371-1129,173790.8776,198669.7854
2339,현동물병원,광주광역시 동구 남문로 730 (학동),622227585,181820.2784,193258.306
2340,광주24시스카이동물메디컬센터,"광주광역시 서구 상무대로 879, 두왕빌딩 3,4,5층 (쌍촌동)",062-719-4275,183521.0617,186996.8724
2341,베스트고양이병원,"광주광역시 서구 화운로 111, 2층 (화정동)",062-384-7582,183353.2705,188891.3376
2342,더편한동물병원,"서울특별시 성북구 숭인로 50, 상가동 2203호 (길음동, 래미안길음센터피스)",02-982-7975,456539.1907,202337.783
2343,김포동물병원,"경기도 김포시 월곶면 군하로 107-1, 2호",,466904.1614,161148.3833
2344,은계동물병원,"경기도 시흥시 은계번영길 19, 은계 디스퀘어큐브 2층 202호 (은행동)",,437254.4917,182499.1606
2345,마곡M동물의료센터,"서울특별시 강서구 방화대로33길 3, 1~2층 (방화동)",226627515,451825.4919,183698.0984
2346,펫트리동물의료센터,"서울특별시 강동구 양재대로 1453, 베스트올 1층 (길동)",02-6949-5775,448170.0962,212205.3242
2347,해밀동물병원,"부산광역시 해운대구 송정광어골로 22, 1층 (송정동)",051-710-1766,188900.8272,400139.14
2348,천풍동물병원,"경기도 김포시 통진읍 김포대로 2248, 1층 101호",031-987-0411,465427.2745,164362.6844
2349,미래동물병원,"세종특별자치시 조치원읍 섭골길 51-41, 101호",,345924.3269,225269.3415
2350,한국양봉농협 동물병원,경기도 안성시 미양면 안성맞춤대로 586,031-677-9323,385643.5311,222403.8771
2351,소담동물병원,전라남도 구례군 구례읍 중앙로 11,,189818.9289,242511.2018
2352,에스동물암센터,"경상남도 양산시 동면 석산3길 8, 1층",,203274.6447,384465.4061
2353,연합에이엠씨,"경기도 안양시 동안구 시민대로 312, 평촌칼라힐주차빌딩 2층 234~237호 (평촌동)",031-422-7579,432554.707,196822.12
2354,아이튼튼 동물병원,"경기도 광명시 신기로 7, 골드스타빌딩 205호 (일직동)",02-899-7580,435394.6372,189527.6415
2355,제주 현 동물병원,제주특별자치도 제주시 조천읍 신촌3길 15-4,,4286.177675,164449.0689
2356,한라동물의료센터,"제주특별자치도 제주시 남광로 20, 1층 (이도이동)",064-725-7577,-298.4625321,157009.7946
2357,에이치동물메디컬센터,"부산광역시 금정구 부곡로 3, 1~2층 (부곡동)",051-583-7575,192926.6937,389902.9114
2358,NS대흥동물병원,충청남도 논산시 부적면 백일헌로 19,,301531.5796,212865.6251
2359,아인스동물병원,"서울특별시 동대문구 장한로 44, 1층 (장안동)",02-2213-0075,451422.9783,205883.9948
2360,든든동물병원「산업동물 출장진료 전문」,경기도 이천시 모가면 진상미로 1253,,407468.666,242527.413
2361,삼성동물병원,대구광역시 서구 서대구로 37 (내당동),556-8575,263470.6495,340499.011
2362,마리동물의료센터 경기남부 분원(출장진료 전문),"경기도 평택시 청북읍 청원로 45, 중앙빌딩",,393248.4543,194476.3296
2363,안양본동물의료센터,경기도 안양시 동안구 시민대로 370 (관양동),031-396-8275,432617.7275,197413.825
2364,헬리오동물병원,"서울특별시 송파구 송파대로 345, 3B동 28,29호 (가락동, 헬리오시티)",02-2135-6575,443928.7833,209412.1978
2365,오월의 동물병원,"경상북도 경산시 성동로 11, 1층 (정평동)",,260861.8255,355812.998
2366,또바기,"경기도 파주시 동패로7번길 66, 401호 (동패동)",,467507.0115,176547.4968
2367,이병훈동물병원,"세종특별자치시 조치원읍 장안로 27, 2층",,344266.9609,226926.4557
2368,표선동물병원,제주특별자치도 서귀포시 표선면 번영로 3510,064-787-7582,-17822.82507,183927.4557
2369,우린동물병원,"충청남도 아산시 배방읍 광장로 181, 빅토리아빌 104호",041-558-8875,366215.6561,209316.5947
2370,남원동물병원,"제주특별자치도 서귀포시 남원읍 태위로 687, 민생약국",064-764-1050,-24023.77123,173830.6076
2371,대전본동물병원,"대전광역시 서구 관저로 27, 101-1호 (관저동)",042-546-7588,310717.0019,229222.6689
2372,튼튼동물병원,"경기도 오산시 궐리사로 69, 구마빌딩 101호 (궐동)",031-372-8333,406347.1941,205273.6372
2373,수지성복SL동물병원,"경기도 용인시 수지구 성복1로 62, 1층 111, 112호 (성복동, KCC스위첸)",031-272-8575,423687.2205,206405.9809
2374,밀양동물메디컬센터,"경상남도 밀양시 미리벌중앙로8길 2, 2층 (삼문동)",055-355-7582,221983.3121,358561.5033
2375,목포동물병원,전라남도 목포시 용당로 223 (용당동),612737582,145518.8299,144855.3922
2376,보듬 동물병원,"부산광역시 부산진구 가야대로 517, 윤정빌딩 (가야동)",051-894-1202,185717.1296,384774.7988
2377,내친구동물병원,"경기도 시흥시 서울대학로278번길 19-14, 배곧프라자 1층 115호 (정왕동)",031-497-4479,429822.5527,175894.0792
2378,휴동물의료센터,"경기도 성남시 수정구 산성대로 309, 2층,3층 (신흥동)",,437832.9866,213290.3278
2379,365동물병원위례점,"경기도 성남시 수정구 위례동로 153, 에이플타워 205호 (창곡동)",,441267.846,213196.788
2380,북부동물병원,전라남도 보성군 복내면 개기로 1666-6,,154965.2128,211903.0604
2381,골드퍼피동물병원 공릉점,"서울특별시 노원구 동일로 1014, 1층, 2층 (공릉동)",02-971-5955,457584.8358,206546.7347
2382,24시 품 동물의료센터,"서울특별시 동작구 양녕로 277-1, 지층, 1층, 2층, 3층 (상도1동)",02-812-7585,444687.3629,195455.8205
2383,우리아이동물메디컬센터,"세종특별자치시 한누리대로 287, 세종포레뷰1 202~204호 (나성동)",044-867-2727,332117.5623,222878.2585
2384,24시 라인동물의료센터,"경기도 고양시 덕양구 동송로 70, 힐스테이트 삼송역 221,227~231호 (삼송동)",02-381-2475,461119.3423,190815.458
2385,리봄동물의료센터,"경상북도 포항시 북구 신덕로 281, 1층 (장성동)",054-251-8275,290171.6157,414783.3482
2386,아이힐 동물병원,"서울특별시 강남구 도곡로 115, 거암빌딩 2층 (역삼동)",02-561-3375,443115.1296,202847.7975
2387,서울앤탑 동물병원,"경기도 용인시 수지구 현암로 135, 베스트프라자 2층 (죽전동)",031-897-7577,425555.734,210956.3322
2388,젠틀펫동물병원,대구광역시 서구 와룡로66길 64 (중리동),783-1717,263518.4297,339446.6655
2389,봉천현대동물병원,"서울특별시 관악구 봉천로 520, 3층 (봉천동)",02-878-9978,441917.1873,196011.0037
2390,남산동물병원,전라남도 화순군 화순읍 중앙로 43-1,374-0325,173509.7509,198682.2038
2391,수민동물병원,"경기도 파주시 경의로 1813, 2층 203호 (아동동)",,474072.6144,180215.3095
2392,모란동물병원,경기도 광주시 파발로 161-1 (경안동),031-767-7588,434716.9932,222305.7379
2393,온누리동물병원(천안점),"충청남도 천안시 동남구 쌍용대로 163, 2층 (봉명동)",041-414-7582,367871.2182,211848.1321
2394,건국가축병원,경상북도 상주시 상산로 110 (신봉동),,322808.4444,303978.9603
2395,편안한 동물병원,"대전광역시 유성구 반석로 32, 양지타워 1층 101호 (반석동)",042-822-8217,321225.4936,227835.4297
2396,모모동물병원,"서울특별시 강서구 마곡중앙1로 20, 205호 (마곡동)",226627975,450710.1779,184443.1214
2397,배곧도담동물병원,"경기도 시흥시 배곧1로 27-16, 제상가4동 1층 105호 (정왕동, 한라비발디캠퍼스2차)",,428974.1061,174692.0091
2398,우리동물병원,경상북도 상주시 청리면 청리중앙로 105,,315810.5587,301191.8966
2399,해오름동물병원,"경기도 성남시 중원구 희망로 402, 지하1층 (금광동)",031-747-0406,437692.8186,214105.0505
2400,동물병원 산책,경기도 양평군 양평읍 중앙로 49,031-773-8275,443879.1751,243689.171
2401,동물진료법인 쥬박스동물메디컬센터,"경기도 고양시 일산서구 중앙로 1425, 주엽역 삼부르네상스 (주엽동)",031-913-0649,462986.5479,178921.7556
2402,쥬만지동물의료센터,"경기도 화성시 동탄치동천로3길 42, 1층 (영천동)",031-374-0275,411212.7521,210913.6214
2403,뉴로동물의료센터24시,"부산광역시 연제구 중앙대로 1084, 진도사옥 2~3층 (연산동)",051-711-8253,189228.0611,389473.2815
2404,영양동물병원(출장진료전문병원),"경상북도 영양군 영양읍 옥골1길 1, 대동빌딩 3층",,353548.8767,388896.8622
2405,대야축산컨설팅,경상남도 합천군 대양면 동부로 7,,230488.9875,304900.9864
2406,영종H동물의료센터,"인천광역시 중구 자연대로 47, 스타타워2 101호 (중산동)",327527515,443038.2785,160923.7217
2407,힐링페츠동물병원,"부산광역시 기장군 기장읍 대청로 8, 1층",,195404.0672,401207.2277
2408,위브동물의료센터,"경기도 김포시 고촌읍 태리로 293, 베스트프라자 202호",319871191,,
2409,바하 고양이 병원,"경기도 의왕시 내손로 82, 내손신성프라자 404호 (내손동)",031-425-8875,431681.7163,198150.345
2410,겨울나는나비 동물병원,"경상남도 사천시 용현면 진삼로 953-6, 2동",055-853-9101,171932.1793,297182.2896
2411,이완섭동물병원,전북특별자치도 순창군 순창읍 경천1로 114,063-653-9007,207662.8531,212902.7088
2412,사랑동물병원,"제주특별자치도 제주시 애월읍 일주서로 6254-3, 1층",,-3721.700948,136958.2001
2413,박동물병원,,652-4007,208512.889,213023.4373
2414,바른길동물병원,"경상북도 성주군 성주읍 성주읍1길 24-1, 노블레스 1층",,269600.2628,316400.8447
2415,맑은눈 동물병원,"대전광역시 유성구 도안대로 591, 명동프라자 205호 (봉명동)",,316979.3954,230517.5634
2416,수 동물병원,충청남도 논산시 부적면 백일헌로 19,,301531.5796,212865.6251
2417,웰니스동물병원,"경기도 안산시 상록구 항가울로 422, 롯데마트 2층 (성포동)",031-414-1275,423947.2364,186396.0677
2418,아너스 동물병원,"울산광역시 남구 화합로 197, 1층 (삼산동)",052-281-3567,229485.2464,412066.5328
2419,경주동물메디컬센터,경상북도 경주시 알천남로 130(성동동),054-727-2475,263627.1233,400089.9385
2420,숲속의 동물병원,전라남도 장흥군 장흥읍 우드랜드길 175-8,,130272.9199,193908.2156
2421,24시도안동물메디컬센터,"대전광역시 서구 계백로 1159, 1층 (도안동)",042-710-1502,311666.1388,231527.1997
2422,시민동물병원,"경기도 광주시 순암로 54, 1층 2호 (장지동)",,432556.4944,221469.0146
2423,클린피부전문동물병원,"경상남도 김해시 전하로246번길 11, 102호 (전하동)",,193446.3877,370526.752
2424,우일축산 AH,대구광역시 북구 유통단지로8길 120-13(산격동),533810044,268599.5265,345993.7509
2425,동물병원 이음,"경기도 용인시 기흥구 흥덕2로75번길 25-3, 1층 (영덕동)",031-213-7572,419126.9994,206262.2975
2426,대구동물심장내과,"대구광역시 중구 명덕로 315, 1층 (대봉동)",423-8275,262881.845,344888.7939
2427,한솔동물병원,"전라남도 영광군 영광읍 중앙로5길 2, 1층",,197511.6441,155549.9392
2428,마음편한동물메디컬센터,"경상북도 성주군 성주읍 성주순환로2길 41, 1층",054-931-7582,270054.1556,315648.5052
2429,나리울동물병원,"서울특별시 강남구 영동대로 22, 5동 2층 518~519호 (일원동, 디에이치 자이 개포)",02-423-5755,443195.1892,206573.6482
2430,송파 마리동물병원,"서울특별시 송파구 오금로 185, 금천빌딩 1층 (방이동)",02-415-7555,445214.1799,210092.7364
2431,라온펫동물병원,"서울특별시 송파구 가락로 169, 1층 102호 (송파동)",,444657.9255,209999.1178
2432,원 동물병원,전북특별자치도 순창군 순창읍 금산로 28,063-653-2002,208797.4803,212134.2808
2433,몽마르뜨 동물병원,"서울특별시 서초구 방배중앙로 198, 오릭스오피스텔 202호 (방배동)",02-595-7588,443855.5734,198660.6163
2434,정동물병원,"경기도 성남시 중원구 금상로 72, 1층 (상대원동)",749-7557,437683.265,214414.7308
2435,리온동물병원,"대구광역시 수성구 동대구로 62, 1,2층 (지산동)",053-768-7975,260750.5076,346698.3034
2436,24시 딜라이트 동물의료센터,"서울특별시 도봉구 도봉로 578, 2층 2호 (창동)",02-904-1004,461539.5527,203439.4475
2437,스텔라동물의료센터,"경기도 남양주시 다산중앙로123번길 22-8, 리더스퀘어 303,304호 (다산동)",031-522-6675,458003.0849,213261.0276
2438,원 ANIMAL CNC,"경상북도 영천시 금호읍 금호로 360-22, 2층",,272594.4548,371192.0231
2439,청당동물의료센터,"충청남도 천안시 동남구 청당5로 36, 2층 201-202호 (청당동)",041-552-7599,364338.0884,213560.506
2440,보경동물병원,"경상남도 거창군 거창읍 소만1길 15-19, 1층",055-943-3998,244020.8852,283208.496
2441,메이동물병원,"충청북도 청주시 서원구 성봉로 174, 2층 (개신동)",,346729.1228,240283.6414
2442,로얄동물메디컬센터 본원,"서울특별시 중랑구 동일로 640, 2층, 3층 (면목동)",070-8660-0904,453914.6398,207017.8153
2443,힘찬동물병원,경상남도 하동군 진교면 강변길 27-1,,170655.4061,282292.3859
2444,더엘동물의료센터,"광주광역시 북구 서하로 319-1, 1층 (오치동)",062-224-7582,187547.25,192235.32
2445,발편한동물병원,전라남도 장성군 장성읍 역전로 142,,200636.2827,180038.3462
2446,춘양동물병원(출장진료전문),경상북도 봉화군 춘양면 춘양로 1472-110,,391726.2326,362848.5609
2447,한울산업동물병원,충청남도 홍성군 홍성읍 온천1길 30,,343422.0535,168307.7867
2448,율동물의료센터,"서울특별시 강서구 공항대로 228, 2층 201,202,203,211,212호 (마곡동)",02-2135-5611,450719.3803,185148.9003
2449,24시 로운동물의료센터,"서울특별시 양천구 등촌로 10, 1~2층 (목동)",02)6953-7576,447620.2662,187932.7309
2450,테디펫닥터동물병원,"부산광역시 강서구 명지국제6로232번길 14-8, 1층 (명지동)",,179093.4064,375325.1871
2451,한강동물메디컬센터,"경기도 김포시 모담공원로 131, 1층 (운양동)",,460905.5399,172832.706
2452,강우동물병원,"경상남도 거창군 거창읍 거함대로4길 59, 2층",,242928.6304,282677.9443
2453,대성동물병원,"전라남도 장흥군 장흥읍 북부로 39, 1층 101호 (수창아트빌아파트)",,131920.9539,191418.8758
2454,한국동물병원,경상북도 영천시 금호읍 금호로 360-22,054-335-0896,272594.4548,371192.0231
2455,24시 공감365동물의료센터,"경기도 남양주시 진접읍 해밀예당1로 220, 엠타워 201~203호",031-575-8275,468642.3266,217778.3586
2456,김앤정동물병원,"서울특별시 영등포구 선유로 52, 1층 우측호 (문래동3가)",,446256.2132,190148.3741
2457,조은동물병원,"경상남도 거창군 거창읍 강변로 191, 201호",,243363.8458,282986.2199
2458,상동물병원,"경상남도 거창군 거창읍 송정2길 33, 3층 303호 (거창푸르지오)",,242763.5257,281414.7225
2459,주동물병원,"충청남도 계룡시 계룡대로 245, 반석빌딩 1층 (금암동)",,307571.225,223241.2983
2460,권앤정 동물외과병원,"경기도 수원시 영통구 덕영대로 1509, 2(일부)층 (영통동)",312020119,416027.5874,204893.0891
2461,메이플동물병원,"충청북도 옥천군 옥천읍 삼양로 40, 메이플 동물병원",043-732-7579,311888.3859,250771.4079
2462,블루축산동물병원,"경기도 여주시 청심로 50, 2층 201호 (하동)",,422274.7239,255437.0213
2463,제일동물병원,충청남도 금산군 금산읍 비단로 59,,288869.8634,243792.8902
2464,아림동물병원,경상남도 거창군 거창읍 수남로 2287,,,
2465,동물병원 감동,"경기도 용인시 기흥구 구성로 88, (주)시간과공간 1층 102~103호 (언남동)",031-275-8080,421360.4989,210477.0316
2466,이루동물병원,"경기도 화성시 동탄대로 181, 판매시설A동 214~216호 (송동, 동탄린스트라우스더레이크)",031-378-7575,407725.1146,209253.3874
2467,여울동물병원,"경기도 화성시 동탄광역환승로 73, 207동 1층 E025호 (오산동, 동탄역 반도유보라 아이비파크 8.0)",031-373-0575,411169.46,207987.2685
2468,모던동물병원,"광주광역시 동구 중앙로290번길 2, 1층 (계림동)",062-226-0075,184264.4313,192716.9285
2469,내안에 동물병원,"충청남도 천안시 동남구 서부대로 285, 1층 106호 (신방동)",041-572-7577,365788.0388,211366.1886
2470,수현동물병원,"경상북도 상주시 화서면 화령로 13, 1층 3호",,327428.3556,284962.9897
2471,어썸펫동물병원,"충청남도 당진시 시청2로 6-11, 1층 102호 (수청동)",041-355-2008,376610.177,168146.5547
2472,베리굿동물병원,"서울특별시 노원구 동일로203가길 29, 263,264,265호 (중계동, 브라운스톤중계)",,459732.1286,205601.926
2473,이영수 고양이 병원,"인천광역시 서구 봉오재3로 120, 301,302호 (가정동)",032-205-0279,447258.8879,171036.847
2474,힘찬동물메디컬센터,"제주특별자치도 제주시 연북로 556, 1층 (아라일동)",064-805-7585,-1014.548577,157085.5284
2475,위드동물병원,"경상북도 구미시 선산읍 선주로 16-7, 1층",,305112.8354,316171.0833
2476,아라i동물병원,"제주특별자치도 제주시 인다6길 45, 1층 101호 (아라일동)",064-753-7575,-2262.963947,157912.2629
2477,루원 센트럴 동물의료센터,"인천광역시 서구 봉오대로 270, 302동 B121호 (가정동, 루원시티2차 SK Leaders' VIEW)",032-579-7582,,
2478,W 인천심장동물병원,"인천광역시 서구 청라커낼로260번길 27, 청라한신더휴커낼웨이 2층 212,213호 (청라동)",032-565-8270,447843.9148,168769.9608
2479,샤인아이안과동물병원,"서울특별시 송파구 오금로 147, 1층 (방이동)",,445412.463,209787.9477
2480,하늘동물병원,"경기도 수원시 권선구 곡반정로 155-1, 2층 (곡반정동)",3180677570,415540.426,202855.4085
2481,한림동물병원,경기도 포천시 가산면 가산로 230,,481989.7711,215579.9588
2482,펫사랑동물병원,"서울특별시 양천구 목동동로 309, 중소기업유통센터(행복한백화점) 지하2층 (목동)",02)2062-7982,447466.355,188977.1711
2483,24시 송도 온 동물의료센터,"인천광역시 연수구 인천타워대로180번길 11, B동 213-215호 (송도동, 더샵송도센트럴파크Ⅲ)",032-831-7580,431957.7997,167928.2643
2484,덕은하이동물병원,"경기도 고양시 덕양구 으뜸로 130, 위프라임트윈타워 214,215호 (덕은동)",02-3158-0275,,
2485,에프엠(FM)동물메디컬센터 김포점,"경기도 김포시 김포한강1로 77-5, 2층 (장기동)",031-982-7587,460386.3309,170690.6798
2486,아틀라스동물의료센터,"대구광역시 군위군 군위읍 군청로 49-18, 2층",,304231.3679,340861.4753
2487,다정동물병원,"울산광역시 동구 서부로 50, 1동 지하층 202호 (서부동)",522337222,,
2488,마음 동물병원,"경기도 수원시 장안구 이목로 17, 105(일부),106호 (이목동)",031-8067-7559,423178.3121,198459.6595
2489,메리트원 동물의료센터,"서울특별시 구로구 고척로 156, 2,3층 (고척동)",02-2611-1925,444563.5422,186772.5469
2490,늘봄동물병원,"경기도 용인시 수지구 수풍로 112, 1층 (풍덕천동)",031-265-7579,425741.5364,208241.8564
2491,우리집앞동물병원,"경기도 용인시 수지구 현암로 157, 한솔프라자 1층 2호 (죽전동)",312727582,425550.732,211180.6136
2492,더봄동물병원,"경상남도 창원시 성산구 원이대로473번길 9, 노블파크아파트 2층 217호 (반림동)",055-266-7975,194111.813,351896.0174
2493,바른 정 동물병원,"강원특별자치도 원주시 치악로 1639, 1,2층 (단구동)",033-813-0004,425669.407,284953.3889
2494,드림동물의료센터,"세종특별자치시 도움3로 105-7, 메디케어빌딩 1층 107,108호 (종촌동)",,333750.7029,222293.5019
2495,우리동물메디컬센터,"경기도 광주시 경안로41번길 6, D동 209호 (경안동, 경기광주역 금호리첸시아)",,434045.2666,222618.1889
2496,오송 봄봄 동물병원,"충청북도 청주시 흥덕구 오송읍 오송생명8로 175, 오송 다니엘플라자 2층 204-2, 205호",031-715-7560,346465.1703,228384.5704
2497,라온 동물 메디컬센터,경상북도 구미시 송정대로 35 (송정동),054-510-8100,291666.0494,320776.4775
2498,샤베트동물의료센터,"경기도 광주시 태봉로 181-2, B1층 (태전동)",,,
2499,바른동물병원,"강원특별자치도 강릉시 경강로2223번길 2, 1층 (포남동)",033-643-0750,475102.6148,367916.9437
2500,황금누리동물병원,"대구광역시 수성구 청호로 297, 골든게이트 1층 (황금동)",053-763-7599,261675.4038,347961.846
2501,바른동물메디컬센터,"서울특별시 서대문구 거북골로 100, 상가동 19,20호 (남가좌동, 래미안 루센티아)",02-6956-3383,452652.0599,192641.1459
2502,홍예동물병원,충청남도 홍성군 홍북읍 용봉산3길 20-13,,348994.8089,169626.1817
2503,동물병원 비헤이브,"대전광역시 서구 계룡로 639, 에이스침대 대전사옥 1층 6호 (탄방동)",,315429.2334,235256.4686
2504,본바른 동물의료센터,"경기도 남양주시 별내중앙로 24, 201호 (별내동)",031-522-5778,460349.6078,211072.0986
2505,광주첨단YB동물병원,"광주광역시 북구 첨단연신로 100, 첨단2지구 대성베르힐 A동 206~7호 (신용동)",062-574-1888,189734.6122,187648.3028
2506,호호동물병원,"제주특별자치도 제주시 과원로 36, 지하2층 1호 (연동)",064-748-7555,-2153.936444,152239.7253
2507,참좋은동물병원,충청남도 부여군 부여읍 석탑로 지하62-1,,308987.7625,192100.3546
2508,더블리스동물의료센터,"전라남도 여수시 시청로 15, 1층 101호 (학동)",686-0200,140722.7388,260577.8511
2509,이지웰 동물병원(산업동물 출장진료전문동물병원),충청남도 천안시 동남구 목천읍 동평1길 21-8,,363366.1656,220702.3692
2510,탕정동물의료센터,"충청남도 아산시 탕정면 매곡한들1길 11, 202호",041-533-7581,364573.2624,208084.9185
2511,드림동물병원,전라남도 고흥군 동강면 고흥로 4263,,123316.5545,225494.021
2512,성수 숲속 피부과 동물병원,"서울특별시 성동구 서울숲2길 32-14, 지하1층 B114호 (성수동1가, 갤러리아 포레)",222052975,449280.9752,203684.2812
2513,포레스트(4rest) 동물메디컬센터,"전북특별자치도 전주시 덕진구 동부대로 1139, 2층 (송천동2가)",063-247-8875,263260.9216,210974.5948
2514,로고스 동물병원,"경기도 용인시 처인구 낙은로 32, 1층 (역북동)",031-323-5511,415377.1553,217562.6686
2515,프라임 동물의료센터,"서울특별시 강동구 올림픽로 820, 서연빌딩 1층 (암사동)",02-426-8875,450207.0182,211349.7254
2516,그레이스 고양이 심장&치과병원,"서울특별시 강남구 선릉로152길 17, 아시아청담부띠끄 3층 301호 (청담동)",,446912.2934,203559.8001
2517,웰케어 동물건강검진센터·동물한방재활센터,"부산광역시 남구 수영로 364, 3층 (대연동)",051-711-7514,184281.9547,391808.9157
2518,미소동물병원(출장진료전문동물병원),전라남도 함평군 함평읍 광남길 14,,173969.3726,155815.8597
2519,다은동물병원,"부산광역시 북구 금곡대로 180, 해창빌딩 1층 102호 (화명동)",051-363-7942,193588.3372,382941.5657
2520,다봄 동물병원,"서울특별시 광진구 자양로 163, 우남빌딩 (구의동)",02-456-7775,448890.471,207334.3524
2521,돌봄동물병원,"경기도 안양시 동안구 관평로 183, 평촌자이엘라 107,108호 (관양동)",031-687-8749,432336.5227,196348.6236
2522,내곁에 동물병원,"서울특별시 노원구 덕릉로 753, 노원 롯데캐슬 시그니처 상가 101동 1-1호 (상계동, 노원 롯데캐슬 시그니처)",02-952-7599,462509.6384,206799.0201
2523,기장i동물의료센터,"부산광역시 기장군 일광읍 해빛1로 74, 2층 202호",,197940.5803,402219.6269
2524,루리동물병원,"서울특별시 강동구 고덕로 353, 고덕그라시움(제1상가) 1층 제비104호 (고덕동)",02-2088-1010,450637.9548,214299.6443
2525,펫웨이브 동물의료센터,서울특별시 송파구 송파대로 450 (송파동),02-423-1233,444964.2896,209317.0122
2526,아침동물병원,"경기도 용인시 수지구 성복2로 238, 1층 (성복동)",031-8019-5575,424193.1548,205373.4195
2527,아크로벳 내과동물병원,"서울특별시 광진구 광나루로 582, 세종빌딩 1층 (구의동)",02-2088-7119,448984.8483,208181.5174
2528,예송동물병원,"충청남도 예산군 예산읍 예산로212번길 17, 1층",,353166.9694,186341.176
2529,동물병원 더 메이,"대전광역시 유성구 대덕대로 594, 108호 (도룡동, 타워코리아나 주상복합)",042-861-7588,320627.3737,233935.6203
2530,24시 해든동물의료센터 의정부점,경기도 의정부시 평화로 448 (의정부동),031-951-9499,469943.775,204186.385
2531,동물병원 누리에뜰,"서울특별시 마포구 신촌로 248, 1~4층 (아현동)",02-364-3517,450529.1465,195806.5336
2532,산들동물병원,"서울특별시 중랑구 용마산로 670, C동 129,130호 (망우동, 신내역 프라디움 더 테라스)",02-435-7582,456501.7351,208947.0723
2533,치즈동물병원,"경기도 부천시 소사구 범안로 227, 서영아너시티1차 3층 8,9호 (옥길동)",261807575,440015.3656,183359.3353
2534,라온펫동물병원,대전광역시 동구 계족로 405 (홍도동),6278875,316417.3388,238665.7568
2535,24시 바덴동물메디컬,"광주광역시 광산구 임방울대로 790, 1층 (월계동)",627102475,190898.29,185782.5225
2536,별담동물병원,"충청북도 청주시 흥덕구 오송읍 오송생명7로 151, 상가 227동 401, 402호 (오송역 파라곤 센트럴시티)",043-715-3255,346824.282,228014.8173
2537,동물병원 The 개치동,"부산광역시 수영구 광안해변로284번길 38, 해링턴타워광안 디오션오피스텔 101동 114호 (민락동)",051-757-0590,185974.2765,393553.2295
2538,큰별동물의료원,"부산광역시 동래구 금강로8번가길 9, 아크원빌딩 1층 (온천동)",051-903-7588,192241.6794,388615.6919
2539,미르동물의료센터,"서울특별시 강남구 선릉로 48, 1층 101,102호 (개포동)",05-577-7533,442383.585,205216.255
2540,아담동물병원,경상북도 예천군 예천읍 시장로 118,,351607.0715,330209.4907
2541,아빠 동물병원,"인천광역시 연수구 아카데미로 442, 106호 (송도동, 힐스테이트 레이크 송도3차)",032-833-4642,432444.0386,166087.4456
2542,한결동물병원,"경상남도 양산시 물금읍 화합10길 19, 1층",055-388-7975,205227.0316,382933.0066
2543,리틀버드서울 버드앤주클리닉,"서울특별시 송파구 오금로 332, 다윤빌딩 2층 (가락동)",02-403-7588,444364.0731,211290.3066
2544,다원축산동물병원,대전광역시 유성구 원내로51번길 22 (원내동),,311169.7843,228790.2269
2545,수사랑 동물병원,"대전광역시 유성구 노은서로108번길 47, 102호 (노은동)",477-0882,318807.823,228413.9173
2546,이솜동물병원,"대전광역시 유성구 노은로 166, 계룡프라자 2층 204호 (지족동)",042-719-8275,319337.4078,228502.245
2547,신성동물병원,대전광역시 유성구 신성로62번길 30 (신성동),042-863-0700,320846.015,231208.0911
2548,대전야생동물구조관리센터 동물병원,"대전광역시 유성구 대학로 99, 충남대학교 (궁동)",428217930,318805.3745,230825.0037
2549,숲 동물의료센터,대전광역시 유성구 한밭대로492번길 16-8 (봉명동),428267584,317650.4972,231585.4717
2550,베스트 동물병원,"대전광역시 유성구 월드컵대로 300, 102호 (상대동)",042-822-7515,316431.3746,229865.3991
2551,행복드림 동물병원,"대전광역시 유성구 지족로 292, 101호 (지족동)",822-8675,320780.9702,227659.2497
2552,예담동물병원,"대전광역시 유성구 원신흥로55번길 6-4, 1층 (원신흥동)",,315361.9293,230657.8143
2553,쿨펫 양한방 동물병원,"대전광역시 유성구 한밭대로 502, 홈플러스 3층 (봉명동)",,317572.6174,231731.9519
2554,행복한 동물병원,대전광역시 유성구 송강로 4 (송강동),936-1075,325784.5733,234642.1211
2555,송강동물병원,대전광역시 유성구 구즉로52번길 46 (송강동),934-7588,325828.8357,234675.421
2556,테크노 웰 동물병원,대전광역시 유성구 관들1길 53 (관평동),042-931-0963,325023.3574,234837.0986
2557,쿠쿠펫길동물병원,"대전광역시 유성구 봉명로 27-7, 2층 (원신흥동)",042-825-7587,315784.5132,230695.8219
2558,충남대학교 수의과대학 부속동물병원,"대전광역시 유성구 대학로 99, 충남대학교 (궁동)",821-6704,318805.3745,230825.0037
2559,유성동물병원,대전광역시 유성구 유성대로822번길 36-20 (장대동),822-1952,318250.7043,230344.4037
2560,노은동물병원,대전광역시 유성구 은구비로 46 (지족동),477-1175,319476.9469,228655.3612
2561,늘푸른 동물병원,대전광역시 유성구 지족로349번길 40-12(지족동),826-7509,320780.8643,228319.017
2562,조은동물병원,대전광역시 유성구 엑스포로 459 (전민동),867-7588,321900.3146,236222.9696
2563,국군의학연구소 동물병원,,042-878-4878,,
2564,늘 동물병원,"대전광역시 중구 중교로 83-2, 1층 (은행동)",,314128.0105,238414.938
2565,닥터펫 플러스 동물병원,대전광역시 중구 산성로 3 (산성동),042-585-7533,311737.256,234899.4959
2566,꿀벌 동물병원,"대전광역시 중구 보문로 235, 1층 (대흥동)",,313730.494,237820.3746
2567,올리브 동물병원,"대전광역시 중구 목동로56번길 5, 1층 (목동)",042-222-3700,315052.4304,236496.3268
2568,마이펫 동물병원,대전광역시 중구 계백로 1608 (유천동),042-581-7555,313150.7728,235741.2906
2569,제일동물병원,"대전광역시 중구 충무로 155, 제일동물병원 (문창동)",042-252-7575,313368.8992,238861.3634
2570,푸우동물병원,대전광역시 중구 동서대로 1433-1 (중촌동),042-223-5775,315099.5618,237164.5499
2571,청운동물병원,대전광역시 중구 태평로 36 (유천동),042-522-0005,313317.2566,235207.0889
2572,서울동물병원,대전광역시 중구 보문산로64번길 4 (산성동),042-585-6767,311620.8916,234735.3173
2573,투투 동물병원,"대전광역시 중구 대흥로165번길 48, 2층 (대흥동)",042-252-7522,314114.9225,238462.4908
2574,다사랑동물병원,대전광역시 동구 비래서로 54 (가양동),042-628-0075,317112.78,240342.925
2575,웰니스 동물병원,"대전광역시 동구 동서대로 1689, 대전복합터미널(서관) 3층 (용전동)",042-624-6275,316705.6937,239122.6384
2576,닥터리동물병원,"대전광역시 동구 동구청로 89-2, 201-1호 (가오동, 제이타워)",,311819.6024,240970.3722
2577,레인보우동물병원,대전광역시 동구 우암로171번길 72 (성남동),,316073.1659,238929.6691
2578,금비동물병원,대전광역시 중구 계백로 1697-1 (오류동),042-526-4672,313478.2817,236563.4678
2579,굿모닝동물병원,대전광역시 중구 대종로 309 (부사동),042-636-9645,312599.7665,238940.3607
2580,라온동물병원,대전광역시 동구 대전로 446 (가오동),,311767.1022,240588.0755
2581,솔펫 동물병원,"대전광역시 동구 동대전로 141 (자양동, 우송 제2교육원)",042-622-7525,314977.7082,239963.5543
2582,미래동물병원,대전광역시 동구 용운로 117 (용운동),,314245.5354,240817.5745
2583,하나로동물병원,대전광역시 동구 동대전로 115 (대동),,314740.5854,239854.4667
2584,지동범 동물 안과 치과병원,"부산광역시 금정구 부곡로 184, 행복한빌딩 1,2층 (부곡동)",515-7450,194559.5706,390375.2841
2585,부곡동물병원,부산광역시 금정구 부곡로 86 (부곡동),,193585.2349,390329.9188
2586,금빛동물수술센터,"부산광역시 금정구 식물원로 38, 주현빌딩 2층 (장전동)",515-5179,193741.7614,389697.6318
2587,한독동물병원,부산광역시 금정구 서동로 200 (서동),531-2852,192564.799,391881.9503
2588,수종합동물병원,부산광역시 금정구 금강로 340 (장전동),582-9335,195239.2125,389869.602
2589,남산동물병원,부산광역시 금정구 금강로 703-3 (남산동),517-8275,198773.9895,390000.7229
2590,구서동물병원,부산광역시 금정구 금강로 454 (구서동),512-1661,196306.4151,390042.8788
2591,동물병원 산책,부산광역시 금정구 수림로 25 (부곡동),714-0209,195312.2119,390130.9936
2592,드림동물병원,부산광역시 금정구 금강로 539 (구서동),,197132.4076,389916.8462
2593,서동 동물메디컬센터,"부산광역시 금정구 서동로175번길 11, 2층 (서동)",525-7810,192660.6626,391719.8534
2594,제일2차동물메디컬센터,부산광역시 금정구 중앙대로 1754 (부곡동),516-1175,195515.8363,390473.3881
2595,제일동물진단영상센터,부산광역시 금정구 중앙대로 1754 (부곡동),516-1175,195515.8363,390473.3881
2596,쿨펫동물병원 이마트금정점,"부산광역시 금정구 중앙대로1841번길 24 (구서동, E마트금정점)",518-1360,196690.2227,390161.6934
2597,참조은 동물병원,부산광역시 사하구 낙동대로 295-1 (괴정동),292-0141,179597.7326,380902.6085
2598,장 동물병원,부산광역시 사하구 윤공단로56번길 55 (다대동),262-7582,175088.2304,379663.3476
2599,사하동물병원,부산광역시 사하구 낙동대로 356 (당리동),051-206-1891,179842.5875,380363.7722
2600,박 동물병원,부산광역시 사하구 낙동대로 407 (당리동),202-7002,180029.7204,379877.2213
2601,덕천동물의료센터,부산광역시 북구 만덕대로 119 (덕천동),332-8060,192327.6662,383674.2857
2602,사상동물병원,부산광역시 사상구 사상로 153 (괘법동),322-3026,186277.2017,380983.7697
2603,부산동물병원 제넷,"부산광역시 사상구 가야대로 283, 아이스테이트2 4층 (주례동)",313-2559,185354.9561,382521.4591
2604,신병헌동물병원,부산광역시 사상구 사상로 261 (덕포동),304-6455,187240.8032,380490.0777
2605,모라동물병원,부산광역시 사상구 백양대로 957 (모라동),325-1638,189866.9462,381359.1447
2606,대성동물병원,부산광역시 사상구 주례로10번길 125 (주례동),317-7558,185187.337,382603.9317
2607,개금동물병원,부산광역시 사상구 가야대로 367 (주례동),324-9954,185460.5855,383345.2004
2608,엄궁종합동물병원,부산광역시 사상구 대동로 18(엄궁동),051-316-7597,183277.9206,379809.7725
2609,고은동물병원,부산광역시 사상구 모라로 107 (모라동),311-7578,189290.726,381307.1941
2610,쿨펫동물병원,"부산광역시 사상구 낙동대로 733, 롯데마트엄궁점 2층 (엄궁동)",051-314-7582,182712.0791,379352.8056
2611,학장동물병원,부산광역시 사상구 대동로 129 (학장동),051-312-7555,184123.0521,380507.1169
2612,서부산동물메디컬센터,"부산광역시 사상구 낙동대로 786, 애진빌딩 201호 (엄궁동)",,183065.344,379687.7552
2613,동구종합동물병원,부산광역시 동구 망양로 835-1 (수정동),,183797.3733,386376.9507
2614,시민동물병원,부산광역시 동구 초량상로 84-1 (초량동),464-5975,181909.9164,385778.9416
2615,하나동물병원,"부산광역시 동구 수정동로 11, 1층 (수정동)",,183082.7421,386326.2362
2616,백양동물병원,부산광역시 북구 덕천로 280 (만덕동),332-7588,191889.103,385250.1351
2617,노아동물병원,"부산광역시 북구 금곡대로 175 (화명동, 화명2차동원로얄듀크비스타)",343-7588,193563.9531,382841.0071
2618,21세기종합동물병원,부산광역시 북구 만덕대로 34 (덕천동),365-0075,192011.4705,382847.4897
2619,장원동물병원,"부산광역시 북구 시랑로 1, 장원동물병원 (구포동)",342-3739,191404.0266,382479.7046
2620,차동물병원,부산광역시 북구 금곡대로 304 (화명동),,194763.9,383277.6521
2621,해든동물병원,부산광역시 북구 백양대로 1053 (구포동),051)343-3834,190742.6321,381760.255
2622,행복한동물병원,"부산광역시 북구 금곡대로 344 (화명동,화명빌딩202호)",363-7593,195174.3782,383303.8909
2623,만덕24시동물병원,부산광역시 북구 덕천로 227 (만덕동),513380075,192061.9041,384684.1348
2624,카이저 동물병원,"부산광역시 북구 금곡대로 182, 새마을금고 (화명동)",051361-7582,193602.7466,382940.7371
2625,그랜드 동물병원,"부산광역시 북구 학사로 299, 해림빌딩 (금곡동)",365-7588,196111.9007,383111.1017
2626,유동물의료센터,부산광역시 북구 만덕대로 41 (덕천동),343-7566,192089.3221,382906.3354
2627,더힐동물병원,"부산광역시 북구 만덕대로 147, 삼정그린코아아파트 3동 105호 (덕천동)",051-341-3344,192378.5329,383934.8365
2628,영도동물병원,부산광역시 영도구 태종로 111 (영선동1가),051-415-2566,178803.0597,386238.8453
2629,태종동물병원,부산광역시 영도구 동삼로 80 (동삼동),051-405-9493,177680.767,388779.0746
2630,센트럴종합동물병원,부산광역시 영도구 태종로 78 (대교동1가),415-2468,178909.5597,385893.7103
2631,천동물병원,"부산광역시 영도구 태종로 430, 한라청학아파트 2층 (청학동)",414-7588,178645.3397,388500.1629
2632,반여착한동물병원,"부산광역시 해운대구 선수촌로 65-19, 농협반여동지점 2층 (반여동)",051-927-7575,190989.3748,392797.4651
2633,해운대 24시 동물의료원,"부산광역시 해운대구 양운로 45, 해운대베르나움 101, 111호 (좌동)",,187524.3185,398251.7811
2634,큰마음동물메디컬센터,"부산광역시 해운대구 해운대해변로357번길 17, 4~8층 (중동)",051-710-2004,187207.142,397433.6619
2635,힐 동물병원,"부산광역시 해운대구 좌동순환로433번길 30-1, 해운대힐스테이트위브 224~227호 (중동)",,186991.922,398546.5723
2636,닥터주 동물병원,"부산광역시 해운대구 좌동순환로402번길 8, 204호 (좌동, 피렌체오피스텔)",731-7530,187037.6461,398351.677
2637,사랑의동물병원,"부산광역시 해운대구 좌동순환로 173, 영풍프라자 302호 (좌동)",051-702-1626,188716.5782,398088.8767
2638,마리동물병원,"부산광역시 해운대구 해운대로 794, 엘리움 306호 (좌동)",051-702-5750,187681.5736,398155.6608
2639,누리동물병원,부산광역시 해운대구 송정2로13번길 46 (송정동),051-701-7599,190630.1977,400877.3254
2640,해운대 플러스동물병원,"부산광역시 해운대구 세실로 48, 상가동 1-2, 2-2호 (좌동, 해운대삼정코아주상복합)",915-8275,187784.8439,398407.0433
2641,아이센텀 동물메디컬센터,"부산광역시 해운대구 센텀동로 25, B동 204호 (우동, 대우월드마크센텀아파트)",746-0075,187887.9317,394112.5249
2642,화목종합동물병원,"부산광역시 해운대구 세실로 48, 206호 (좌동)",704-4376,187784.8439,398407.0433
2643,킴스동물병원,부산광역시 기장군 정관읍 정관로 565,728-2236,204661.7615,397801.2386
2644,해운대조은동물병원,부산광역시 해운대구 해운대로 624 (우동),746-7775,187066.9015,396661.6112
2645,센텀동물종합병원,"부산광역시 해운대구 센텀중앙로 145, 205호 (재송동)",744-6336,188619.1496,393239.2379
2646,토마스동물병원,부산광역시 해운대구 반송로 922 (반송동),544-0775,194703.1301,396052.8154
2647,조앤박동물병원,"부산광역시 해운대구 양운로 108, 2층 (좌동)",051-702-7511,188084.8798,397990.4695
2648,갑을동물병원,"부산광역시 해운대구 재반로 148, 32호 (재송동)",784-7844,189314.4738,393214.9667
2649,마린시티 종합동물병원,"부산광역시 해운대구 마린시티3로 23, 벽산이오렌지프라자 333~336호 (우동)",747-7407,186273.7691,395560.2205
2650,BS조은동물병원,부산광역시 해운대구 윗반송로 73 (반송동),544-7588,194496.4019,396298.3028
2651,온누리동물병원,"부산광역시 해운대구 좌동순환로 309, 303호 (좌동)",051-701-7555,187648.429,398833.568
2652,장산동물병원,"부산광역시 해운대구 반여로 96, 1층 (반여동, 영풍빌딩)",529-5388,191056.546,393310.0757
2653,스펀지동물병원,부산광역시 해운대구 해운대로 658-1 (우동),051-746-1075,187259.8968,396927.881
2654,로이종합동물병원,"부산광역시 해운대구 센텀중앙로 145, 202호 (재송동, 센텀파크상가2동)",051-742-7975,188619.1496,393239.2379
2655,거제동물병원,부산광역시 연제구 거제대로 146 (거제동),862-8668,188882.0699,388481.6072
2656,문현동물병원,부산광역시 남구 수영로 38 (문현동),634-4017,183880.0007,388762.2663
2657,용호동물병원,"부산광역시 남구 용호로123번길 5 (용호동, 목련아파트)",628-0855,182296.1227,392505.2154
2658,청조동물병원,부산광역시 연제구 온천천남로 4 (연산동),503-0688,190192.3725,390401.3859
2659,헬로동물병원,"부산광역시 남구 분포로 115, 힐탑탑플레이스 A동 403호 (용호동)",051-627-1275,183481.9411,392515.6897
2660,망미동물병원,부산광역시 연제구 과정로 84 (연산동),753-7580,188657.6668,391900.6472
2661,우암동물병원,"부산광역시 남구 석포로 7, 상가동 109호 (감만동, 우암 자유 4차 아파트)",636-5242,182339.0175,389680.6778
2662,25시 동물병원,부산광역시 남구 수영로 34 (문현동),635-0402,183893.2178,388721.0053
2663,튼튼동물병원,"부산광역시 남구 수영로334번길 3, 2층 (대연동)",516217555,184145.7671,391546.8499
2664,메트로동물병원,"부산광역시 남구 분포로 61, 빌리브센트로 B동 B227,B228호 (용호동)",051-623-7588,183403.4999,392463.2213
2665,조양래 동물의료센터,"부산광역시 남구 수영로 224-1, 호수약국 (대연동)",627-2885,183746.2824,390524.5493
2666,우암동물병원,,636-5242,,
2667,조양래동물병원,,621-8880,,
2668,해온동물병원,부산광역시 남구 용호로 233 (용호동),051)612-7552,181186.1114,392414.0191
2669,다온 동물병원,"부산광역시 남구 수영로 345, 115동 124,125호 (대연동, 대연힐스테이트푸르지오)",051-622-2171,184553.6728,391411.4502
2670,UN동물의료센터,부산광역시 남구 수영로 221 (대연동),051-624-2475,183799.2048,390487.343
2671,현대동물병원,부산광역시 연제구 과정로 171-1 (연산동),755-4765,189546.3727,391842.9893
2672,양지동물병원,부산광역시 연제구 월드컵대로114번길 1 (연산동),051-867-5595,189253.9436,389639.4196
2673,피정현 동물병원,"부산광역시 연제구 거제천로 258 (연산동, 월드빌스포츠센터)",864-7582,190029.7107,389856.5724
2674,부산동물메디컬센터,부산광역시 연제구 거제대로 278 (거제동),868-7591,189929.6,389195.6262
2675,다솜고양이메디컬센터,"부산광역시 남구 수영로13번길 3, 다솜 동물 병원 (문현동)",051)636-7582,183992.3288,388526.2039
2676,지경희동물병원,부산광역시 남구 용호로 199 (용호동),051)704-0220,181526.932,392400.4891
2677,다솜동물메디컬센터,"부산광역시 남구 수영로13번길 3, 다솜 동물 병원 (문현동)",051-632-7580,183992.3288,388526.2039
2678,온천천동물병원,부산광역시 연제구 세병로 84 (거제동),051-868-7579,190495.9021,389618.6578
2679,토곡동물병원,부산광역시 연제구 과정로 234-1 (연산동),051-759-8669,189652.149,391356.083
2680,MS동물병원,"부산광역시 연제구 과정로348번길 2, 1층 (연산동)",868-6631,189976.7107,390326.6529
2681,이룸동물병원,부산광역시 연제구 연수로 140 (연산동),051-868-0075,188130.6562,389968.7895
2682,해비치동물병원,"부산광역시 연제구 안연로 28, 1층 (연산동, 그린주택)",051-753-9875,189893.1211,391228.4176
2683,진석범동물병원,부산광역시 연제구 과정로237번길 115 (연산동),051-997-8275,189316.067,391835.1053
2684,Jpet동물병원,부산광역시 연제구 연수로 98 (연산동),051-853-7579,188196.9353,389553.2447
2685,서울동물병원,부산광역시 수영구 광안로 19 (광안동),051-514-5404,186207.1302,392645.3072
2686,나비동물병원,부산광역시 수영구 광남로 184 (민락동),,186269.8253,393099.6739
2687,차이 동물병원,"부산광역시 수영구 수영로 525, 위어뮤즈디광안 203, 204호 (광안동)",051-627-7542,185775.434,392334.9712
2688,알로하 동물병원,"부산광역시 수영구 수영로 602, 1층 (광안동)",051-757-7845,186505.3719,392534.7146
2689,남천동물병원,"부산광역시 수영구 황령대로 505, 1층 (남천동)",,184089.0357,392147.4103
2690,박종현동물병원,"부산광역시 수영구 광남로 258, 1층 (민락동)",517444179,186557.2603,393723.5924
2691,이랑동물병원,"부산광역시 수영구 과정로 37, 1층 (망미동)",051-752-8883,188188.477,391916.3754
2692,더프라임동물의료원,"부산광역시 수영구 수영로 405-1, 2-4층 (남천동)",516252345,184646.2066,392056.8066
2693,광안동물병원,"부산광역시 수영구 수영로 567, 2층 (광안동)",,186192.5508,392434.2976
2694,이상동물병원,"부산광역시 수영구 수영로 757, 2층 (수영동)",051-759-0225,187424.4945,393259.403
2695,소망애견종합병원,"부산광역시 수영구 수영로 485, 화목타운 6동 2호 (남천동)",051-628-8211,185358.9658,392232.2151
2696,세진동물병원,"부산광역시 수영구 과정로15번길 7 (망미동, 국화)",,187965.9436,392014.2573
2697,사랑동물병원,부산광역시 수영구 수영로 733 (수영동),,187552.7454,393045.4707
2698,연제종합동물병원,부산광역시 수영구 연수로 241 (망미동),753-8875,188044.1321,390998.5338
2699,삼성동물병원,부산광역시 수영구 연수로 235 (망미동),051-754-3270,188050.5082,390929.9312
2700,ABC동물병원,부산광역시 수영구 수영로 618-1 (광안동),051-761-2502,186685.2639,392549.0995
2701,민락동물병원,부산광역시 수영구 광남로 207 (광안동),517578529,186475.2907,393248.5105
2702,온유동물병원,"경기도 수원시 영통구 센트럴타운로 15, 142호 (이의동, 아이플렉스)",031-211-1313,420685.357,205021.862
2703,남문동물병원,"경기도 수원시 팔달구 정조로 727, 1층 (중동)",031-248-0075,419011.6732,201369.3011
2704,두리동물병원,경기도 수원시 권선구 정조로 596 (세류동),031-225-7533,417777.8009,201187.1874
2705,펫콤동물병원,경기도 수원시 팔달구 월드컵로 363 (우만동),031-252-2501,420853.2858,202662.7747
2706,에덴동물병원,경기도 수원시 팔달구 정조로 685 (매교동),031-224-2470,418629.3066,201461.0526
2707,연두 동물병원,"경기도 수원시 권선구 서수원로577번길 341, 상가동 1층 B127호 (금곡동, 수원모아미래도센트럴타운1단지)",031-294-8277,419297.2635,194444.5492
2708,고병기동물병원,"경기도 수원시 권선구 덕영대로1201번길 16, 세일프라자 101호 (권선동)",031-236-7582,416431.2252,201946.762
2709,한빛 동물병원,경기도 수원시 장안구 만석로19번길 29 (천천동),031-252-2119,421626.5005,198430.3074
2710,새봄동물병원,"경기도 수원시 영통구 봉영로 1569, NEW WORLD PLAZA 1층 121호 (영통동)",031-205-9975,416684.3892,206229.4459
2711,본 동물의료센터,"경기도 수원시 장안구 송정로 114, 본 동물의료센터 1,2(일부)층 (조원동)",031-248-8275,421488.6783,200796.3814
2712,청려원동물병원,"경기도 수원시 팔달구 정조로 751-7, 1(일부),2(일부층 (중동)",031-242-2078,419240.4916,201349.5555
2713,베스트동물병원,"경기도 수원시 장안구 덕영대로535번길 38, 로얄프라자 101호 (천천동)",031-268-7582,421688.9861,198369.1329
2714,연희동물병원,"경기도 수원시 권선구 금호로 236, 삼호빌딩 101호 (탑동)",031-296-7875,419269.3741,197796.9428
2715,참사랑동물병원,경기도 수원시 영통구 영통로 118 (망포동),031-273-8875,415167.7106,204995.0326
2716,수원펫 동물병원,경기도 수원시 권선구 세권로166번길 26 (권선동),031-234-8275,417006.139,201855.9661
2717,신영통동물병원,경기도 수원시 영통구 영통로 103 (망포동),031-204-9006,415047.7256,205097.5554
2718,레오동물병원,"경기도 수원시 장안구 정자천로 187 (정자동, 롯데프라자)",031-253-4313,421688.4851,199375.3262
2719,하이펫동물병원,"경기도 수원시 영통구 덕영대로1556번길 16, 디지털엠파이어빌딩 E동 134호 (영통동)",031-205-0075,415913.2738,205249.4958
2720,가야동물병원,경기도 수원시 팔달구 효원로 49 (매산로3가),031-234-8318,418585.0263,200760.3364
2721,두리동물클리닉,경기도 수원시 팔달구 효원로 53 (매산로3가),031-221-2410,418540.9971,200753.7264
2722,현대동물병원,경기도 수원시 권선구 매송고색로 661-1 (고색동),031-293-0285,416449.5627,197881.3586
2723,노아동물병원,경기도 수원시 장안구 장안로 67 (영화동),031-246-1254,420935.386,200216.0119
2724,장안동물병원,경기도 수원시 장안구 송원로 83 (조원동),031-245-8961,422274.7343,200773.8415
2725,원 동물병원,"경기도 수원시 영통구 덕영대로 1535, 현대프라자 111호 (영통동)",031-205-7900,416040.8823,205137.1392
2726,위즈펫동물병원,"경기도 수원시 팔달구 효원로 257, 홈플러스동수원점 4층 (인계동)",031-223-7589,417869.7239,202602.63
2727,고려동물병원,경기도 수원시 장안구 정조로 987 (정자동),031-256-3369,421448.2783,200751.843
2728,광교 우리들동물병원,"경기도 수원시 영통구 에듀타운로 101, 102동 2층 210,211,212호 (이의동, 에듀하임1309오피스텔)",031-256-0075,420852.6758,203903.941
2729,티움동물병원,"경기도 수원시 권선구 서수원로523번길 30-23, 1층 (금곡동)",031-292-7504,418823.5054,196128.6987
2730,수원 오즈동물병원,"경기도 수원시 권선구 동수원로177번길 40, 1층 153호154호 (권선동, 수원아이파크시티8단지)",031-232-2727,416089.1258,202599.7944
2731,라온동물병원,경기도 수원시 영통구 동탄원천로1109번길 100 (매탄동),031-215-8588,418768.7869,204672.8199
2732,영통동물병원,"경기도 수원시 영통구 청명남로4번길 6, 1층 (영통동)",031-204-0075,416475.4959,206463.9338
2733,정동물병원,경기도 수원시 팔달구 권광로 120 (인계동),031-239-7585,417385.0216,202666.0867
2734,북문다솜동물병원,경기도 수원시 장안구 정조로921번길 3 (영화동),031-251-0082,420872.3477,201096.7847
2735,순풍동물병원,"경기도 수원시 권선구 정조로514번길 1, 1층 (세류동)",031-239-3303,417035.7672,200952.5813
2736,동수원동물종합병원(권선점),"경기도 수원시 권선구 동수원로242번길 6, 114호,206호 (권선동)",031-237-1212,416561.3163,203024.1335
2737,김성록동물병원,경기도 수원시 장안구 서부로 2132 (율전동),031-297-2975,421848.6429,197462.4204
2738,효원동물병원,"경기도 수원시 영통구 권선로 805, 1층 (매탄동, 김정문알로에)",031-238-0075,417083.1668,203394.1993
2739,나은동물병원,경기도 수원시 장안구 월드컵로 425-2 (연무동),031-241-8575,421270.4689,202198.016
2740,이든동물병원,"경기도 수원시 팔달구 수성로244번길 25, 101호 (화서동, 화서위브하늘채)",031-242-7501,420715.2447,199979.6464
2741,쿨펫동물병원,경기도 수원시 권선구 동수원로 232 (권선동),031-237-1175,416482.0218,203008.6315
2742,이지훈동물병원,경기도 수원시 권선구 금호로 261 (구운동),031-295-5975,419360.2236,198029.4646
2743,율전동물병원,"경기도 수원시 장안구 율전로 98, 1층 (율전동)",031-291-2830,421788.3695,197175.6588
2744,타임즈 동물의료센터,"경기도 수원시 팔달구 경수대로 486, 1,2,3층 (인계동)",031-232-3500,418593.7817,202420.1108
2745,웰빙동물병원,"경기도 수원시 영통구 웰빙타운로 47, 2층 202호 (이의동)",031-212-5567,422569.2433,204026.7911
2746,수원종합동물병원,"경기도 수원시 영통구 중부대로 263, 2층 (원천동)",031-214-5527,419199.2484,203902.6986
2747,쿨펫동물병원 광교이마트점,"경기도 수원시 영통구 광교로 191, 3층 (이의동)",031-211-7782,421622.5758,204159.79
2748,24시 숨 동물병원,"경기도 수원시 권선구 권선로 715, 1,2(일부)층 (권선동)",031-548-2475,417421.9359,202556.9374
2749,닥터에이스 동물병원,"경기도 수원시 영통구 영통로154번길 60, 101호 (망포동)",031-203-7501,415483.0328,205172.4155
2750,광교산동물병원,경기도 수원시 장안구 팔달로 298 (영화동),031-241-2668,420974.3434,201429.6141
2751,소담동물병원,경기도 수원시 장안구 하률로 9 (천천동),031-269-1121,422354.2149,197651.7748
2752,튼튼동물병원,"경기도 수원시 권선구 동수원로82번길 7-3, 1층 (곡반정동)",031-267-8100,415141.7409,202397.0912
2753,스타동물병원,경기도 수원시 권선구 금곡로102번길 30(금곡동),031-294-0082,418983.7749,194708.5662
2754,매탄동물병원,"경기도 수원시 영통구 효원로 374, 주공플라자 101호102호 (매탄동)",031-211-0075,417432.5688,203681.8395
2755,마음반려 동물의료원,경기도 수원시 팔달구 경수대로 461 (인계동),031-211-0975,418390.5643,202272.7864
2756,퀸즈동물병원,"경기도 수원시 권선구 금곡로118번길 50, 1층 (금곡동)",031-292-1682,418895.1821,194878.735
2757,봄나래동물병원,경기도 수원시 영통구 센트럴파크로127번길 166(이의동),031-217-9559,421404.4683,204899.3747
2758,아름드리동물병원,"경기도 수원시 영통구 법조로149번길 104, 1층 (하동)",031-213-7514,421307.4388,206014.1841
2759,서울경기양돈농협동물병원,경기도 수원시 팔달구 화산로 62 (화서동),031-295-7611,420902.7886,198571.6828
2760,닥터김 동물병원,"경기도 수원시 영통구 봉영로 1623, 124호 (영통동, 드림피아빌딩)",031-203-8277,417113.7666,206556.3518
2761,조은동물병원,"경기도 수원시 팔달구 화양로 21-2, 1층 (화서동)",031-242-7585,419798.2539,199712.324
2762,한마음 동물의료센터,"경기도 수원시 장안구 수성로 300, 1층 (영화동, 동광빌딩)",031-244-0117,421006.4104,200383.6733
2763,동물사랑동물병원,경기도 수원시 팔달구 일월로22번길 15 (화서동),031-298-7502,420434.24,198208.255
2764,전병준동물병원,"경기도 수원시 팔달구 인계로 126, 수원미디어시티 109호110호호 (인계동)",031-212-7582,418367.4453,202706.3559
2765,애니존동물병원,경기도 수원시 팔달구 인계로108번길 4 (인계동),031-267-0975,418412.2201,202517.5715
2766,WE 동물병원,경기도 수원시 장안구 파장로 109 (정자동),031-269-9975,422912.9597,199015.1773
2767,자연앤동물병원,"경기도 수원시 영통구 에듀타운로 17, 국제프라자 108호 (이의동)",031-215-7582,420288.9734,204571.5442
2768,카페거리 동물병원 동행,"경기도 수원시 영통구 센트럴파크로127번길 32, 지하,1층 (이의동)",031-211-7550,421448.1406,204767.3518
2769,한성동물병원,"경기도 수원시 팔달구 세지로 279-1, 101호 (지동, 포레스트)",031-232-5831,419337.5849,201991.5941
2770,귀족동물병원,경기도 수원시 장안구 수성로350번길 4 (영화동),031-254-7518,421200.1409,200838.5395
2771,뷰티펫동물병원,"경기도 수원시 권선구 호매실로104번길 90, 제이디타워1 206호 (호매실동)",031-278-3593,417517.6144,196620.6117
2772,방실웃는 동물병원,경기도 수원시 영통구 인계로220번길 20 (매탄동),031-212-1999,418027.997,203572.4725
2773,아이러브 동물병원,"경기도 수원시 장안구 송원로 69, 4층 (송죽동)",031-241-7551,422135.7362,200703.2632
2774,하하 동물병원,"경기도 수원시 권선구 구운로85번길 12, 105층 (구운동)",031-292-1275,419955.2153,197489.4946
2775,맘동물병원,"경기도 수원시 영통구 센트럴타운로 85, cb12호 (이의동, Summit place 광교)",031-548-1175,420967.6178,204409.226
2776,이리온동물병원광교롯데마트점,"경기도 수원시 영통구 센트럴타운로 85 (이의동, Summit place 광교)",031-213-0053,420967.6178,204409.226
2777,공감＋동물의료센터,"경기도 수원시 영통구 중부대로 293-3, 2층 (원천동)",031-214-0025,419123.029,204155.9256
2778,메리 동물병원,"경기도 수원시 권선구 칠보로 138, 103-2호 (호매실동)",031-296-7582,418184.3976,195837.2106
2779,조원 동물병원,"경기도 수원시 장안구 조원로 78, 1층 (조원동)",031-244-7975,422034.8584,201423.5724
2780,행복사랑동물병원,"경기도 수원시 장안구 송원로86번길 4, 1,2층 (조원동)",031-255-7975,422235.1495,200828.9929
2781,수원 스카이 동물메디컬센터,"경기도 수원시 팔달구 인계로 91, 2,3층 (인계동)",031-895-5775,418513.7064,202393.1681
2782,수원24시 바른동물의료센터,"경기도 수원시 권선구 금곡로 213, 203,204,309호 (금곡동)",031-291-2475,419211.743,195818.5252
2783,안녕동물병원,"경기도 수원시 영통구 광교호수공원로 80, 154호,155호,156(일부)호 (원천동, 광교아이파크)",031-8007-3103,419119.0197,205357.8071
2784,다나 동물병원,"경기도 수원시 영통구 동수원로 400-1, 1층 (매탄동)",031-211-7525,418087.1587,203520.2013
2785,에스 클래스 동물병원,"경기도 수원시 영통구 광교호수공원로 277, B1층 9,10호 (원천동, 중흥 S-클래스)",031-217-7801,420062.8782,205026.0796
2786,sun동물병원,경기도 수원시 권선구 곡선로 37 (곡반정동),031-234-5550,415275.8755,202489.2237
2787,새싹 동물병원,"경기도 수원시 영통구 권선로908번길 31, 103,104호 (신동)",031-202-7501,416153.6983,203925.9432
2788,수원시동물보호센터 동물병원,"경기도 수원시 영통구 광교호수로 234, 수원시 동물보호센터 (하동)",031-228-3561,420340.3514,206906.4684
2789,유동물병원,"경기도 수원시 장안구 장안로 29, 103호 (영화동)",070-4647-2999,420627.3774,200412.9971
2790,쿨펫 동물병원,"경기도 수원시 영통구 영통로 120, 효성빌딩 1층 (망포동)",031-206-7503,415193.8663,204977.016
2791,라임동물병원,"서울특별시 송파구 가락로 258, 세림빌딩 1층 (방이동)",02-6227-7582,445418.5016,210444.4877
2792,쪼꼬동물메디컬센터,"인천광역시 서구 청중로478번안길 4, 2층 (가정동)",325652943,447511.2305,170321.0232
2793,청주시 반려동물보호센터,충청북도 청주시 흥덕구 강내면 서부로 411-55,231-0047,343314.6376,232645.5077
2794,현대종합동물병원,"서울특별시 동대문구 답십리로 293, 1층 (장안동)",02-2212-7596,452248.6846,206384.1763
2795,로잔동물의료센터,"서울특별시 관악구 관악로29길 3, 1층 (봉천동)",02-872-7588,442691.1381,196078.029
2796,서울종합동물병원,"서울특별시 관악구 신림로 233, 1층 (신림동)",02-888-8807,441673.9224,194203.9151
2797,시지동물병원,대구광역시 수성구 달구벌대로 3014 (시지동),537915945,261497.3385,352351.8979
2798,스마트피그클리닉,충청남도 천안시 서북구 성환읍 송덕1길 1,,379377.0793,210013.1955
2799,바로동물병원(출장진료전문병원),"충청북도 제천시 용두대로11길 22-4, 1층 101호 (하소동)",,404600.9098,306340.3331
2800,현대동물병원,충청북도 옥천군 옥천읍 신기5길 9,,311030.6946,251303.5515
2801,백산동물병원,경상북도 의성군 안계면 용기12길 23,,321103.6925,328936.7231
2802,하누동물병원,경상북도 의성군 의성읍 구봉길 220,,317400.7678,352336.4681
2803,오케이 동물병원,"경상북도 경산시 용성면 원효로 1421, 2층",,256393.8105,369490.387
2804,원진동물병원,전북특별자치도 임실군 임실읍 운수로 7,,235189.4661,225537.9349
2805,이 가축병원,전북특별자치도 임실군 임실읍 봉황로 190,,235242.858,225503.9455
2806,토마스동물병원,"경기도 양평군 양평읍 중앙로 93, 101,102호",031-771-7599,443704.25,244102.628
2807,로뎀나무 동물의료센터,"경기도 양주시 고읍로 166, 1,2층 전부호 (만송동)",031-847-7720,476536.2523,207639.6058
2808,하나동물병원,전라남도 무안군 일로읍 일로로 43,,150150.5637,153438.6773
2809,병구동물병원,전북특별자치도 무주군 안성면 안성로 286-1,,263153.8028,259053.3759
2810,박동물병원,전북특별자치도 무주군 무주읍 한풍루로 291,063-322-5698,278302.1796,259252.8196
2811,제일동물병원,전북특별자치도 무주군 안성면 안성로 298-6,323-2423,263253.3839,259109.0187
2812,바나나동물병원,"인천광역시 남동구 호구포로 818, 116,117호 (구월동)",231-0119,439299.8294,175127.3114
2813,임실축협동물병원,"전북특별자치도 임실군 임실읍 운수로 6, 임실축산업협동조합",,235159.7483,225492.5285
2814,더바름동물병원,"경기도 고양시 덕양구 향기로 56, 스카이타워 1층 101호 (향동동)",02-6953-7515,454741.9862,190408.5962
2815,승재동물병원 약품,전북특별자치도 임실군 오수면 삼일로 4,,226640.9097,229626.4505
2816,오수동물병원,"전북특별자치도 임실군 오수면 오수로 182, 오수동물병원",,226789.1037,229526.617
2817,현동물병원,"전북특별자치도 임실군 임실읍 중동2길 8-7, 코지하우스 A동 1층 1호",,234730.1338,225605.9894
2818,우리동물병원,전북특별자치도 임실군 오수면 오수4길 5,063-642-5550,226573.66,229719.937
2819,수호동물병원,"대구광역시 동구 팔공로51길 3, 이시아시티빌딩 205호 (봉무동)",053-982-0275,270411.6872,347996.7264
2820,정직한 동물병원,"제주특별자치도 서귀포시 대정읍 글로벌에듀로 370, 이노에듀파크 117,118호",070-4647-4849,-23692.02957,132689.4904
2821,서면Q 외과 동물병원,"부산광역시 부산진구 서전로 25, 이오스프라자 201호 (전포동)",051-818-5975,186257.5075,387863.7161
2822,신정동물병원,"전라남도 나주시 남고문로 124, 신정가축약품 (죽림동)",,170013.0038,174757.2618
2823,봄날동물병원,"서울특별시 양천구 목동중앙로 89, 1층 (목동)",02-6949-0413,448342.9432,188605.7627
2824,우원동물병원,"충청북도 괴산군 괴산읍 남산1길 41-1, 괴산신성미소지움아파트 상가 1층 1호",,367263.1592,270779.6934
2825,24시 위드힐동물메디컬센터,"경기도 남양주시 두물로11번길 42, e드림타워 2층 (별내동)",031-523-3256,461767.4776,210965.6972
2826,린동물병원,"부산광역시 동래구 중앙대로1381번길 43, 2층 (온천동)",051-514-2470,192172.8389,388925.1298
2827,베이직 동물병원,"부산광역시 북구 만덕3로 55-1, 2층 (만덕동)",051-342-5999,192101.4961,384754.3119
2828,김포씨엘동물의료센터,"경기도 김포시 김포한강11로 328, 210,211,212호 (운양동)",,461502.232,172182.7344
2829,채플린동물병원,"경기도 의정부시 용민로 493, 엘스퀘어 120, 121호 (민락동)",,471952.0501,210383.3544
2830,세온동물병원,"경기도 안산시 단원구 초지로 114, 주공프라자 111,112호 (초지동)",031-362-5475,422997.9806,183555.4379
2831,아리스타동물의료센터,"충청남도 천안시 서북구 불당23로 73-30, 불당아리스타팰리스 1동 124~127호 (불당동)",041-909-4141,368742.6016,209778.4546
2832,마린숲 동물병원,"부산광역시 해운대구 마린시티3로 37, 한일오르듀 207호 (우동)",051-742-7585,186145.1302,395534.3219
2833,현대동물병원,"경기도 하남시 대청로 33, 현대베스코아 6층 603호 (신장동)",,448782.6448,219019.083
2834,청라호수동물메디컬센터,"인천광역시 서구 푸른로7번길 2, 청라호수동물메디컬센터 (청라동)",325680022,447019.8432,167237.3161
2835,대성동물병원,경상남도 고성군 영오면 옥천로 1493,,179517.0673,312850.2158
2836,더원동물메디컬센터,대전광역시 동구 계족로 510 (용전동),426238461,317465.3316,238808.7508
2837,커비동물병원,"서울특별시 강남구 강남대로122길 47, 보령빌딩 1층 104호 (논현동)",02-545-8952,445195.0112,202289.6305
2838,동산동물병원,경기도 양주시 남면 화합로 642,,485387.8783,200003.9895
2839,차지우동물병원,"서울특별시 강서구 강서로62길 10, 한울빌딩 1층 (등촌동)",02-2235-1533,451192.0936,185831.959
2840,그레이스 동물병원,"전라남도 순천시 연향3로 27, 서원문고 1층 101호 (연향동)",061-727-0750,161486.3682,247339.0321
2841,더키움 동물병원,"전라남도 순천시 해룡면 향매로 115, 1층",061-725-7542,159508.41,250360.02
2842,우포 따오기 구조 치료센터,"경상남도 창녕군 장마면 신구윗담길 180, 따오기 구조치료센터",055-530-7425,221359.9819,332398.7917
2843,래온동물병원,"경기도 성남시 중원구 광명로 89, 성남 센트럴 푸르지오 시티 1층 134,135호 (성남동)",031-759-0242,437031.101,212188.9
2844,이서동물병원,대구광역시 달서구 구마로 243 (성당동),053-719-0205,260813.7846,340368.6047
2845,미드미동물병원,"경기도 김포시 김포한강8로194번길 8-6, 1층 (마산동)",031-998-6473,459707.2079,168546.0106
2846,링크동물의료센터,"서울특별시 서대문구 신촌로 209, 1,2층 (북아현동)",02-393-7577,450549.7378,195447.8142
2847,우성동물병원,"충청북도 음성군 맹동면 용두3길 5, 105호",,378742.4135,248788.6118
2848,구로다나은동물병원,"서울특별시 구로구 신도림로 7, 1층 110호 (신도림동)",02-2672-7582,444891.6056,189067.276
2849,24시 위드유 동물의료센터,"경기도 시흥시 은계번영길 1, 태산W타워 2층 208,209,210호 (은행동)",,437178.7383,182373.2759
2850,미르 동물병원,전라남도 보성군 보성읍 흥성로 2541-16,,140927.3636,208101.8475
2851,진현우동물병원,인천광역시 서구 가정로 295 (석남동),325727475,445512.8214,170967.1622
2852,국립생태원 멸종위기종복원센터 동물병원,"경상북도 영양군 영양읍 고월길 23, 국립멸종위기종복원센터",054-680-7451,351799.2875,392603.0437
2853,톰과 제니 동물메디컬센터,"경기도 안산시 상록구 해양4로 26, 자이센터프라자 2층 207,208,209,210호 (사동)",313654542,420250.476,184771.8998
2854,예스동물병원,"경상북도 구미시 선산읍 선산중앙로7길 24, 1층",,305147.5455,316196.9004
2855,금강동물병원(출장진료전문병원),"충청북도 제천시 용두천로 73-13, 2층 (중앙로1가)",,404439.6752,307448.2389
2856,퍼스트동물병원,"서울특별시 성북구 한천로 713, 515동 상가 206,207호 (장위동, 래미안장위퍼스트하이)",02-911-7582,457527.0659,204479.7692
2857,고척원동물의료센터,"서울특별시 구로구 경인로 403, 원메디타운 2층 201호 (고척동)",28567582,443993.6703,187923.2757
2858,언제나동물병원,"충청남도 아산시 배방읍 용연로 87, 101호",041-543-7009,365305.1287,208059.9318
2859,오션동물메디컬센터,"부산광역시 해운대구 선수촌로 78, 다솜빌딩 2층 (반여동)",051-711-5999,191104.6491,392947.5294
2860,비바동물병원,"서울특별시 관악구 쑥고개로 57-1, 1층 (봉천동)",02-872-7582,441956.7778,194881.5514
2861,정다운동물병원,경상북도 구미시 선산읍 동교2길 15-20,,305857.6674,317259.2042
2862,도담동물병원,"서울특별시 강동구 상일로 153, 1층 (고덕동)",02-6953-7512,450945.4079,214989.297
2863,라포레동물메디컬센터,경기도 의왕시 부곡중앙로 3-3 (삼동),031-360-7588,424354.7729,195446.3512
2864,메디힐동물병원,"경기도 광명시 신기로 21, GS steel Tower 206호 (일직동)",02-6275-0075,435346.5131,189636.8295
2865,바른마음동물병원,"경기도 시흥시 장현능곡로 178, 능곡타운 2층 204호 (능곡동)",031-778-7512,429741.2252,183094.3155
2866,홈즈 동물병원,"부산광역시 강서구 명지국제8로 233, 2층 203호 (명지동)",,179403.949,374846.3635
2867,가나다 동물병원,부산광역시 사상구 가야대로 325 (주례동),517157979,185404.72,382913.5352
2868,오늘동물병원,"서울특별시 성동구 왕십리로 104, 영화빌딩 2층 (성수동1가)",24697975,449401.2899,203895.4488
2869,정동물병원,전라남도 장흥군 장흥읍 중앙로 7,,130928.5242,191585.0566
2870,새롬동물병원,경기도 광주시 퇴촌면 천진암로 447-1,,440633.8748,228174.019
2871,명진동물병원,"대구광역시 동구 아양로 81, 201호 (신암동)",053-943-8275,266000.3908,346475.5807
2872,선동물병원,"서울특별시 종로구 자하문로 95, 신교빌딩 1층 (신교동)",02-733-6030,453572.3556,197278.8919
2873,서울동물복지지원센터 동물병원(구로),"서울특별시 구로구 경인로 472, 서울반려동물교육센터 (구로동)",02-2636-7645,443977.1715,188524.1516
2874,여수 죽림 동물병원,"전라남도 여수시 소라면 죽림1길 2, 1층",061-683-7582,140490.7793,258148.5915
2875,피움동물병원,"서울특별시 은평구 진관3로 37, 은평구 뉴타운2지구 에코테라스 102호 (진관동)",02-384-3100,459540.5934,192800.9022
2876,채움동물병원,"전라남도 나주시 그린로 207, 102,103호 (빛가람동)",,167888.0312,180671.1608
2877,스마일동물의료센터,경상북도 경주시 용황로 44-1 (황성동),,266976.5049,400660.6732
2878,24시 더블유 동물의료센터,"인천광역시 서구 청라커낼로260번길 27, 청라한신더휴커낼웨이 2층 236~239호 (청라동)",325658270,447843.9148,168769.9608
2879,나라동물병원,"충청북도 제천시 의림대로 285, 2층 (청전동)",043-648-0750,406321.8309,307727.7838
2880,신항동물병원,"경상남도 창원시 진해구 신항4로 47-24, 그린타워 202호 (용원동)",,178027.257,365527.8361
2881,아이케어 동물병원,"대전광역시 유성구 엑스포로446번길 42, 101호 (문지동)",042-710-7975,321763.006,236469.2713
2882,가온동물의료센터,"인천광역시 서구 염곡로464번길 15, 쓰리엠타워 2층 201,202호 (가정동)",032-566-7589,447179.68,170839.8972
2883,율하시티동물병원,경상남도 김해시 율하3로 77(율하동),055-333-9107,187662.6401,365365.0044
2884,나우동물의료센터,"서울특별시 노원구 동일로 1636, 1층 (상계동)",02-952-9111,463557.063,204836.9159
2885,이솝동물병원,"광주광역시 광산구 첨단중앙로 170, 1층 (쌍암동)",062-973-1255,191253.5979,185553.7322
2886,웰니스동물병원(수완점),"광주광역시 광산구 장신로 98, 롯데쇼핑몰 2층 (장덕동)",,187845.5287,183530.6411
2887,24시퍼스트동물의료센터,"인천광역시 미추홀구 경원대로 890, 101,111호 (주안동, 보미 리즌빌)",032-435-6333,440045.0651,172527.5
2888,마루동물병원,충청북도 괴산군 청천면 청천3길 7,438337588,351168.9372,265845.8348
2889,고덕 동물의료센터,"서울특별시 강동구 고덕로 399, 209호 (고덕동, 고덕센트럴푸르지오)",02-441-7585,450617.9236,214956.1313
2890,오즈동물병원,"광주광역시 남구 회재로 1158, 오즈동물병원 1층 (주월동)",062-654-1275,181304.1477,189748.5795
2891,탑 동물병원,"경상남도 창원시 의창구 용동로 85, 한마음 빌딩 304호 (사림동)",055-715-7582,194567.6312,354744.208
2892,박순석동물메디컬센터,"대구광역시 남구 대명로 72, 더원빌딩 2층 (대명동)",053-657-0959,261000.4047,341377.5822
2893,"에스디(SD)동물영상센터,서울","서울특별시 중구 왕십리로 407, B1-1호 (신당동, 신당 파인힐 하나유보라)",,451330.4829,202131.7471
2894,"에스디(SD)동물의료센터,서울","서울특별시 중구 왕십리로 407, 신당 파인힐 하나유보라 B1층 03,04,05호 (신당동, 신당 파인힐 하나유보라)",02-2039-0303,451330.4829,202131.7471
2895,대구24시라이프동물의료센터,"대구광역시 달서구 달구벌대로 1601, 1층 (감삼동)",053-567-2475,262436.0269,339177.0268
2896,아이편한 동물의료센터,"경기도 고양시 덕양구 충장로 14, 글로리아프라자  2층 201호 (행신동)",319708875,456868.29,185316.5624
2897,태능동물병원,경기도 연천군 전곡읍 평화로 599-1,,502297.4603,205773.6004
2898,마음동물의료센터,제주특별자치도 제주시 조공포길 27(외도일동),064-749-0302,-587.1756968,147361.9526
2899,아이사랑동물병원 건강검진센터,"서울특별시 강북구 삼양로24길 19, 현대성우아파트 102동 1층 109호 (미아동, 현대성우아파트)",02)946-0011,457207.4598,201882.0268
2900,진리 동물병원,"전라남도 영광군 영광읍 대하길2길 4, 2층",,197276.6749,154230.4774
2901,도하동물병원,"경기도 화성시 동탄역로 54, 112동 B1031호 (오산동, 동탄역 헤리엇)",,409972.9441,208613.9274
2902,삼산평생동물병원,"인천광역시 부평구 체육관로 20, 유림프라자 201호 (삼산동)",032-515-3375,445157.8691,176407.2124
2903,팝애니랩,"경기도 남양주시 순화궁로 272, 동광 비즈타워 별내 415호 (별내동)",031-523-2731,461027.6501,211348.256
2904,누리동물병원,전라남도 나주시 동수농공단지길 76(동수동),,165136.9582,171209.9884
2905,수정동물병원,울산광역시 남구 중앙로28번길 2(야음동),052-936-0075,227382.9986,410251.3404
2906,송도 클로버동물병원,"인천광역시 연수구 하모니로178번길 22, 220호 (송도동)",032-851-8119,431284.3849,168123.3749
2907,소다온 동물병원,전라남도 고흥군 동강면 원유둔1길 22-1,,142571.3963,230444.5239
2908,리라동물병원,"인천광역시 중구 하늘중앙로195번길 20, 1층 104호 (중산동)",,443078.016,161146.0307
2909,디아동물병원,"서울특별시 강남구 선릉로4길 13, 2층 (개포동)",02-572-2772,442288.8465,205433.0886
2910,경주시 동물사랑보호센터 동물병원,"경상북도 경주시 천북면 천북로 8-4, 경주시 동물보호센터",054-760-2885,268149.9565,402054.2771
2911,청양축협 동물병원,"충청남도 청양군 정산면 서정2길 5, 축협정산지소",041-942-3118,323497.6119,195388.1218
2912,애플벳 동물병원,충청북도 진천군 이월면 중미로 473-1,,372099.5791,240141.0283
2913,라임동물병원,"인천광역시 서구 청라라임로 102, 1층 (청라동)",032-563-1900,448327.18,169303.485
2914,성실동물병원(출장진료전문동물병원),전라남도 함평군 손불면 석산로 333-63,,178748.4536,148355.3831
2915,풍경동물병원,부산광역시 부산진구 성지로 110-1(초읍동),051-818-1101,188687.2409,386858.3424
2916,토비동물병원,"인천광역시 연수구 아트센터대로 131, 커낼워크D2 SUMMER 211호 (송도동)",032-710-3175,433082.056,167793.4482
2917,다나을동물병원,"경기도 하남시 미사강변동로 100-1, 미사역 파라곤 스퀘어 2층 2002,2002-1,2003호 (망월동)",031-8027-0975,451355.8798,217057.1749
2918,허그미동물병원,경기도 여주시 향교로 50(교동),031-881-2279,420769.8964,255663.4733
2919,노형 꿈 동물병원,제주특별자치도 제주시 월광로 32(노형동),064-744-1128,-1230.959736,150192.4108
2920,슬기로운동물병원,"경기도 안성시 공도읍 서동대로 4486, 1층 1호",316555946,389702.0037,217772.3429
2921,힐스타운 동물병원,"서울특별시 중구 다산로 32, 스포츠상가동 106-2호 (신당동, 남산타운)",02-2237-7582,449638.8243,200750.4551
2922,9월의 소원 동물병원,"인천광역시 남동구 구월남로 174, 그랜드프라자 2층 204,205호 (구월동)",710-5956,438998.3194,174188.4302
2923,강민동물병원(출장진료전문병원),충청북도 제천시 백운면 천등박달로 1305,,404294.828,290640.4711
2924,이상윤동물병원,"서울특별시 용산구 이촌로 248, 31동 105-2호 (이촌동, 한강맨션)",27925455,446344.5912,197722.571
2925,라퓨클레르 동물피부클리닉,"서울특별시 강남구 압구정로 445, 5층 502호 (청담동)",,447146.5361,204006.0883
2926,사송 동물 메디컬센터,경상남도 양산시 동면 내송내안2길 13,,,
2927,정창수외과동물병원,"경기도 고양시 일산서구 중앙로 1547, KINTEX ZONE 203,204호 (대화동)",031-911-7577,463631.4245,177837.4718
2928,탑동물병원,경기도 고양시 덕양구 토당로 4(토당동),031-970-7765,457246.3362,184411.9135
2929,행운동물병원,경상북도 예천군 지보면 지보로 184,,338935.7662,324061.105
2930,24시 포항 이음동물의료센터,경상북도 포항시 남구 효성로93번길 4(효자동),054-612-2475,280970.9404,411285.9957
2931,통일산업동물병원(산업동물에 대한 출장진료를 전문으로 함),경기도 파주시 적성면 감악산로 1230,,494837.9241,193537.2603
2932,에스동물병원,"서울특별시 용산구 서빙고로 17, 헤링턴스퀘어 센트럴파크 몰동 1146, 1147호 (한강로3가)",,447077.1263,197056.7289
2933,공원옆동물의료센터,"서울특별시 양천구 목동서로 349, 센트럴프라자 203호 (신정동)",02-2650-8275,446149.1972,188039.5434
2934,조이 동물 재활클리닉,"경기도 안산시 단원구 화랑로 103, 라성프라자 C동 203호 (원곡동)",,425039.319,182294.9853
2935,반려마루 동물병원,경기도 여주시 명품1로 1-2(상거동),031-8030-4462,415177.5125,254294.9868
2936,수현동물병원,"충청북도 보은군 보은읍 정문고개길 2-1,   1층 101호",,332169.1088,264219.4629
2937,말바우동물병원,"광주광역시 북구 동문대로 79, 1층 (우산동)",062-262-5535,185795.7061,192872.0971
2938,조이앤동물병원,"경기도 화성시 향남읍 발안양감로 187, 1동 205호",031-353-7522,401627.8763,192012.6582
2939,비마 클리닉,"경기도 김포시 봉화로 38, 2층 (사우동)",,457490.7132,174689.7496
2940,괜찮아동물병원,"경기도 평택시 고덕갈평5길 32, 그랜드메디컬타워 3층 311~314호 (고덕동)",031-662-9990,394985.0505,204145.4193
2941,해나동물병원,"경기도 화성시 동탄신리천로 406, 리더스퀘어 102, 103호 (목동)",031-378-7599,408951.1585,210823.9329
2942,칠곡온동물의료센터,대구광역시 북구 학정로 500-1(학정동),321-7579,273245.4169,341146.9128
2943,안산 센트럴 동물병원,"경기도 안산시 단원구 중앙대로 899, 롯데프라자 2층 (고잔동)",031-439-7582,423951.6866,185430.4243
2944,운정튼튼동물병원,"경기도 파주시 심학산로423번길 7-21, 광성빌딩 (목동동)",319427524,468515.1928,176767.9384
2945,플러스동물의료센터,대구광역시 북구 중앙대로 526(칠성동2가),534242455,265558.3534,344112.7956
2946,우리동물병원,"경상북도 예천군 호명읍 수변로 95, 호반프라자 110호",,342533.4508,332695.6098
2947,도청동물병원,"경상북도 예천군 호명면 오천길 20-2, 가동",,344627.6111,331491.749
2948,강남동물병원,"전라남도 광양시 광양읍 대림오성로 63, 1층 104호",061-763-9987,163324.1171,251975.905
2949,바른동물병원,"충청북도 영동군 영동읍 동정로 64, 1층",043-742-8706,297332.131,270851.4537
2950,베스트프렌드 동물병원,부산광역시 수영구 연수로 296(망미동),051-753-2966,187966.6296,391527.4307
2951,보현동물병원,"경기도 수원시 영통구 봉영로1759번길 8-15, 현명빌딩 2층 (영통동)",031-203-5525,418326.2467,207134.899
2952,상상동물병원,"서울특별시 양천구 목동서로 295, 1층 102호 (신정동, 우림필유)",02-2038-8877,446527.46,188354.2299
2953,배다리동물병원,경기도 평택시 죽백5로 37(죽백동),031-618-8867,389150.099,210598.5772
2954,농림축산검역본부 부설 동물병원,"경상북도 김천시 혁신8로 177, 농림축산검역본부 질병진단동 1층 (율곡동)",054-912-0473,292526.4368,307989.4049
2955,사랑실천동물병원,경상북도 김천시 시청로 37 (신음동),,292925.9522,300521.7614
2956,보담동물의료센터,"부산광역시 금정구 식물원로 11, 2층 (장전동)",051-953-2000,193614.5837,389912.897
2957,다나동물의료센터,"경기도 파주시 청석로 115, 반석프라자 201호 (동패동)",319447975,,
2958,소로동물병원,"충청북도 청주시 흥덕구 옥산면 오송가락로 1041-1, 203호",,352628.6345,234731.847
2959,VIP 반려동물 암센터,"서울특별시 강남구 삼성로133길 7, 베디베로스퀘어 2층 (청담동)",02-511-7522,446357.6167,204264.724
2960,조아동물병원,"대구광역시 북구 공항로 12-2, 1층 (복현동)",053-286-7500,267565.8803,345894.5477
2961,피카소동물병원,"서울특별시 강동구 고덕로83길 32, 2층 (고덕동)",02-3427-6419,450705.8001,214846.3337
2962,정직한동물의료센터,"경기도 수원시 권선구 경수대로 411, 1층 (권선동)",031-222-7617,417923.6869,202120.9046
2963,BK심장동물병원,"서울특별시 성동구 고산자로6길 40, 행당동 레몬프라자 1층 113호 (행당동)",27909808,450665.5326,203071.9592
2964,큰사랑동물병원,"경기도 이천시 이섭대천로 1229, 이천IS타워빌딩 203호 (창전동)",031-632-5975,419881.6251,239534.9723
2965,정 동물병원,"경상북도 상주시 중앙로 271, 2층 (복룡동)",,324547.6158,304705.2012
2966,해오름 동물병원,"대구광역시 중구 달성로 123 (달성동, 달성파크푸르지오힐스테이트)",053-522-5500,,
2967,윤성진 안과/외과 동물병원,경기도 성남시 수정구 설개로21번길 7 (시흥동),317580824,435455.4124,209411.7822
2968,김천 내일동물병원,"경상북도 김천시 혁신4로 81, 101호 (율곡동)",054-911-1190,291871.1773,307099.134
2969,구민동물병원,"서울특별시 강동구 양재대로127길 31, 1층 (천호동)",,449247.738,212388.0416
2970,엘 동물병원,"부산광역시 남구 용소로14번길 23, 3층 (대연동)",,183831.0101,391286.8604
2971,H.B.(꿀벌)동물병원,"충청북도 보은군 마로면 관기송현로 108, 태화슈퍼",,326306.5899,273519.683
2972,구름동물병원,"경상북도 영주시 대동로 159-1, 2층 (가흥동)",,369328.7874,344497.907
2973,동물진료법인 포레스트,"서울특별시 도봉구 마들로13길 61, 씨드큐브 창동 B103-1호 (창동)",,461347.8787,204313.9068
2974,스타필드 수원 화서점 웰니스 동물병원,"경기도 수원시 장안구 수성로 175, 1층 1252(일부)호 (정자동)",031-690-1175,420620.3512,199161.3809
2975,휴 동물병원,경기도 용인시 처인구 원삼면 보개원삼로 1361-1,031-323-3383,401863.2566,227164.1817
2976,빛가람동물병원,"전라남도 나주시 그린로 339, 리버빌딩 1층 108호 (빛가람동)",,168664.3263,181126.7573
2977,경기도동물위생시험소 부설 동물병원,"경기도 수원시 권선구 칠보로1번길 63, 경기도동물위생시험소 (금곡동)",031-8008-6300,418404.1902,194146.2888
2978,이웃집 동물병원,"경기도 수원시 권선구 삼천병마로1566번길 13, 1층 6호 (오목천동)",031-295-0975,415687.0146,196749.7865
2979,유리브동물병원,"경상남도 양산시 하북면 양산대로 2004, 102호",,217852.9765,388100.6231
2980,엘림동물병원,"서울특별시 영등포구 가마산로 584, 제흥한의원 1층 (신길동)",,444637.0948,192955.3137
2981,노아동물병원,"대구광역시 동구 반야월로 334, 1층 (신서동)",539638882,264899.997,355720.7131
2982,육군 군견훈련소 2군견지원대,,041-740-7269,291756.886,211201.0274
2983,리움동물의료센터,서울특별시 송파구 동남로 115 (가락동),,443154.5703,210874.4658
2984,울산 강일웅고양이메디컬센터,"울산광역시 남구 화합로 200, 2층 (삼산동)",,229492.6933,412126.241
2985,서울앤 동물병원,"광주광역시 광산구 하남대로 269, 1층 102호 (신가동)",,186711.6526,183801.5208
2986,강서 더힐 동물병원,"서울특별시 강서구 강서로 242, 상가동 219호 (화곡동, 강서힐스테이트)",02-2065-7585,449450.0697,185509.1655
2987,위케어동물의료센터,"경기도 고양시 일산동구 위시티4로 46, 상가동 302,303,303A,304호 (식사동, 위시티일산자이2단지아파트)",031-994-6346,464491.4439,183717.6669
2988,백동물의료센터,"경기도 화성시 봉담읍 동화역말길 73-2, 1층",031-278-7631,412805.7951,197121.5173
2989,링크늘푸른동물병원,전북특별자치도 전주시 완산구 서원로 225 (중화산동2가),063-281-0075,256973.1171,210706.3171
2990,센트럴 동물메디컬센터,전북특별자치도 전주시 완산구 거마평로 236 (효자동3가),063-903-1199,257006.5183,210213.4475
2991,천안시 동물보호센터 동물병원,"충청남도 천안시 동남구 목천읍 충절로 577, 천안시 동물보호센터",041-566-5320,363497.0501,216019.7861
2992,분당 피엘 동물피부클리닉,"경기도 성남시 분당구 수내로 39, 223호 (수내동, 분당지웰푸르지오)",031-8039-7554,431064.0381,210336.2192
2993,온유동물병원,"광주광역시 광산구 풍영로 273, 1층 (장덕동)",629510075,188513.9672,183108.9125
2994,한별피그크리닉,"경기도 성남시 분당구 정자일로213번길 19, 201동 208호 (정자동, 아이파크분당2)",031-556-9008,429862.7013,209217.5973
2995,마음동물병원,"서울특별시 서초구 바우뫼로 53, 상가동 105호 (우면동, 코오롱아파트)",,441157.6467,202376.7147
2996,한마음동물의료원,"경기도 안성시 공도읍 공도로 116-16, 101,201,202호",031-657-7778,388643.6561,215339.6316
2997,24시 파티마동물의료센터,"대구광역시 동구 동대구로 590, 301동 101호 (신암동, 동대구역화성파크드림아파트)",053-710-2475,265984.9948,346820.5786
2998,마음담은 동물병원,"경기도 남양주시 다산중앙로82번안길 28, 213,214호 (다산동)",031-556-7588,457278.9689,214431.5357
2999,청학동물병원,"경기도 남양주시 별내면 청학로68번길 13, 삼화빌딩",031-848-8575,467351.7516,210453.867
3000,우리동물병원,울산광역시 울주군 두서면 반구대로 1963,,241980.2077,396421.8497
3001,사과나무 한방재활 동물병원,"경기도 고양시 일산서구 일산로 539, 가람빌딩 101호 (일산동)",031-912-7582,463906.0494,179459.9283
3002,위런한방재활동물병원,"서울특별시 용산구 한강대로 95, 225호 (한강로2가, 래미안용산 더 센트럴)",02-2138-3877,447430.1003,197011.7375
3003,유진동물병원,"세종특별자치시 한누리대로 2165, 호려울마을7단지 근린생활시설 A동 208, 209호 (보람동)",,330672.8279,225630.3406
3004,YS동물병원,"전라남도 나주시 배멧2길 17, 퍼스트빌딩 1동 4층 401-4호 (빛가람동)",,168953.7741,181065.2167
3005,우주동물병원,"인천광역시 중구 영종대로327번길 17, 101호 (운서동)",032-721-7475,442440.0909,156410.7329
3006,더편한동물병원,"경기도 성남시 중원구 광명로 176, 상가동 2층 216호 (중앙동, 신흥역 하늘채 랜더스원 1단지)",031-747-1175,437448.6725,213051.8999
3007,다올동물병원,"광주광역시 북구 양산로71번길 2, 103호 (양산동)",062-434-5252,190094.7015,189230.789
3008,고은동물병원,"경상남도 창원시 마산합포구 가포로 86-2, 1층 (월영동)",055-244-1214,187481.2226,342314.6888
3009,선 동물병원(출장전문),경기도 안성시 원곡면 가천중앙3길 12,,393012.9129,211331.9473
3010,삼정동물병원,전북특별자치도 전주시 덕진구 가재미로 34 (인후동1가),063-717-7155,258651.3038,214655.1144
3011,푸른힐동물병원,"경기도 안양시 동안구 흥안대로456번길 24, 201호 (평촌동)",031-425-7579,432448.6957,197895.6655
3012,에스동물병원,"강원특별자치도 원주시 지정면 조엄로 397, 102,103,104호 (원주기업도시 유보라 아이비파크 2단지)",033-733-0275,430755.3463,276963.7153
3013,원주더봄동물의료센터,"강원특별자치도 원주시 시청로 528, 103-104호 (관설동)",033-762-7582,424120.0179,285566.8424
3014,굿프렌즈동물병원,"경기도 용인시 수지구 용구대로 2794, 남곡빌딩 1층 102호 (죽전동)",711-7509,425913.1457,209623.7107
3015,첨단우리동물병원,광주광역시 광산구 첨단내촌로70번길 108-9 (월계동),972-6675,190402.0907,185579.8275
3016,광산동물병원,광주광역시 광산구 광산로 23 (송정동),944-5550,182184.3567,181174.1858
3017,하남동물병원,광주광역시 광산구 목련로 91-1 (월곡동),952-5446,185929.64,182425.83
3018,연두동물병원,"광주광역시 광산구 신창로 52, 1층 101호 (신창동)",959-7533,187867.9404,185107.6163
3019,해피동물병원,광주광역시 광산구 하남대로 279 (신가동),954-4306,186704.0114,183911.4981
3020,수완종합동물병원,광주광역시 광산구 장신로 164 (수완동),062-959-0975,187918.4875,184270.3021
3021,정다운동물병원,광주광역시 광산구 용아로399번길 51 (하남동),062-959-7511,186459.7476,181983.1671
3022,밝은동물병원,광주광역시 광산구 월곡산정로 67 (월곡동),062-962-3141,185248.0576,182569.5693
3023,배선생펫스토리동물병원,광주광역시 광산구 임방울대로 213 (신가동),062-951-7585,186805.08,183287.3882
3024,광주동물메디컬센터,광주광역시 광산구 북문대로420번길 206 (신창동),062-523-0075,187902.2549,186984.8709
3025,도담도담동물병원,광주광역시 광산구 첨단중앙로 150 (쌍암동),062-973-7579,191045.7396,185576.4974
3026,녹십자동물병원,광주광역시 광산구 광산로 96-1 (송정동),943-8288,182572.0028,181783.0756
3027,운남동물병원,광주광역시 광산구 하남대로 273 (신가동),952-7588,186707.86,183856.52
3028,예동물병원,"광주광역시 광산구 어등대로 712, 1층 (소촌동)",945-8277,182521.9044,181171.0017
3029,한빛동물병원,광주광역시 광산구 수등로76번길 39-8 (신가동),959-7558,186996.2858,183292.6757
3030,초로동물병원,광주광역시 광산구 왕버들로 113-2 (수완동),062-961-7522,189220.8866,183919.6666
3031,다나은 동물병원,"광주광역시 광산구 첨단강변로99번길 34, 1층 101호 (쌍암동, 루빌코리아)",062-971-1275,190737.889,186342.6129
3032,공감동물메디컬센터,"광주광역시 광산구 장신로 72, 101,201호 (장덕동)",062-716-2979,187937.9747,183351.0812
3033,신창동물병원,"광주광역시 광산구 신창로 136, 1층 (신창동)",062-952-0750,188660.8627,185284.8872
3034,보람동물병원,"광주광역시 광산구 선운로 55, 312동 (상가동) 103,104호 (선암동, 광주 선운지구 이지더원 3단지)",972-7900,183517.1001,179432.1848
3035,이승재동물병원,대전광역시 대덕구 신탄진로 842 (신탄진동),932-0970,328031.4031,238389.2925
3036,상아동물병원,대전광역시 대덕구 계족로 617 (중리동),627-7744,318488.1073,238504.1885
3037,송촌선비동물병원,대전광역시 대덕구 송촌북로4번길 15 (송촌동),637-7572,318103.7864,239228.6535
3038,추영재동물병원,"대전광역시 대덕구 한밭대로 1027, 1층 (오정동)",,317641.1207,236964.0355
3039,고려동물종합병원,대전광역시 대덕구 송촌로93번길 2 (송촌동),042-633-7582,318084.009,239437.3775
3040,스마일동물병원,대전광역시 대덕구 중리로 58 (중리동),042)626-3075,318238.475,238100.61
3041,신탄진 동물병원,대전광역시 대덕구 신탄진로 797 (신탄진동),931-7582,327594.9216,238390.889
3042,디위드동물병원,"대전광역시 대덕구 동춘당로114번길 11-17, 비젼타워 (송촌동)",632-7553,318586.4444,239213.4422
3043,로하스동물병원,대전광역시 대덕구 덕암로265번길 31 (덕암동),,327156.8273,237945.2083
3044,피그케어 동물병원,대전광역시 대덕구 남경마을로13번길 9 (신탄진동),,326944.4763,238557.7656
3045,도안 ECO 종합동물병원,대전광역시 유성구 봉명서로 11-13 (봉명동),042-485-7582,315924.5823,230495.2971
3046,대한동물병원,대전광역시 유성구 장대로 47 (장대동),042-822-5081,317647.1821,230089.7929
3047,황학균동물병원,대전광역시 유성구 상대동로2번길 12 (상대동),042-822-4775,315878.4158,230354.4475
3048,퍼니펫 동물병원,대전광역시 유성구 농대로 4 (어은동),042-862-7588,317853.4262,231681.9372
3049,대전광역시 동물보호센터 부속 동물병원,대전광역시 유성구 금남구즉로 1234 (금고동),042-825-1118,328718.7485,234202.6675
3050,슈슈 동물병원,대전광역시 유성구 월드컵대로316번길 9 (상대동),,316382.569,230035.9075
3051,한밭동물종합병원,"대전광역시 유성구 봉산로6번길 9, 1층 (봉산동)",042-931-1187,326047.4121,234788.315
3052,신도시동물병원,"부산광역시 해운대구 좌동순환로 178, 2층 (좌동)",703-6996,188646.7314,398114.7254
3053,푸른동물병원,부산광역시 해운대구 해운대로61번길 104 (반여동),784-1235,190459.9555,393889.3996
3054,재송동물병원,"부산광역시 해운대구 재반로 117-1, 2층 (재송동)",784-0079,189822.8846,393617.9119
3055,성심동물병원,"부산광역시 해운대구 좌동순환로 308, 3층 (좌동)",704-7540,187679.4036,398779.0602
3056,해운대 케이 동물병원,"부산광역시 해운대구 해운대로 580, 4층 (우동)",704-7582,186797.7446,396290.775
3057,반송동물병원,부산광역시 해운대구 아랫반송로 11-1 (반송동),545-0041,193925.8128,395445.9279
3058,훈 동물병원,"부산광역시 동래구 명륜로 194, 1층 (명륜동)",051-554-0010,192179.4203,389597.477
3059,유성준동물병원,"부산광역시 동래구 명륜로 90 (수안동, 호원메디컬)",051-555-4813,191213.3798,389730.5437
3060,온천동물병원,부산광역시 동래구 아시아드대로 207 (온천동),051-505-4088,191229.0182,388057.9041
3061,노블동물병원,"부산광역시 동래구 아시아드대로 160, 1층 (사직동)",051-982-2580,190778.6013,388037.5021
3062,사직삼보동물병원,부산광역시 동래구 사직북로63번길 11 (사직동),051-504-1813,190886.3262,387322.6727
3063,한사랑동물병원,부산광역시 동래구 명륜로98번길 1 (명륜동),051-555-8300,191267.8055,389677.7442
3064,동양축산병원,"부산광역시 동래구 명륜로 151, 108호 (명륜동, 천일 스카이원)",051-552-3002,191769.8257,389492.3806
3065,초원동물병원,부산광역시 동래구 명장로 150 (안락동),051-525-1275,190840.0906,392296.4456
3066,레알피부전문동물병원,부산광역시 동래구 반송로 243 (안락동),051-524-8275,191261.0795,391075.3324
3067,바른동물병원,부산광역시 동래구 충렬대로 488 (안락동),051-531-7582,190383.5461,392221.1881
3068,뉴욕동물병원,"부산광역시 동래구 명륜로 65, 1층 (수안동)",051-555-2119,190957.4117,389735.5106
3069,자연동물병원,부산광역시 동래구 사직로70번길 50 (사직동),051-506-7975,190631.6142,387331.3603
3070,동래종합동물병원,"부산광역시 동래구 금강로 69, 105호 (온천동)",,192669.6585,389072.9541
3071,학산동물병원,부산광역시 동래구 동래로147번길 6 (복천동),051-557-7577,191486.2968,389989.7061
3072,스카이동물병원,"부산광역시 동래구 충렬대로 160, 1층 (온천동)",051-506-8875,191433.4406,389112.3373
3073,재생동물병원,부산광역시 동래구 충렬대로 268-1 (낙민동),051-555-4130,191048.9997,390130.9977
3074,안락동물병원,부산광역시 동래구 안연로98번길 4 (안락동),051-556-8747,190526.7084,391004.4886
3075,한양종합동물병원,부산광역시 동래구 반송로 265 (명장동),051-527-8742,191419.5697,391225.7738
3076,온누리 동물의료센터,"경상남도 창원시 성산구 원이대로 676 (상남동,금탑빌딩 1층)",055-274-7525,192850.9444,353518.9122
3077,호박동물병원,,296-4400,,
3078,아이파크 동물병원,"경상남도 창원시 마산합포구 해안대로 49, 2층 (해운동)",055-222-2475,188021.9532,342365.6166
3079,펫유동물병원,경상남도 창원시 마산회원구 양덕서로 47 (양덕동),055-295-5014,193380.2318,343903.2328
3080,미래펫 동물병원,"경상남도 창원시 성산구 원이대로473번길 28, 103호 (반림동,반송빌딩)",055-262-7590,194236.7549,352035.0799
3081,창원시축산농협 동물병원,경상남도 창원시 의창구 동읍 동읍로 332,055-253-3867,201471.4186,351511.3058
3082,신대방동물메디컬,"경상남도 창원시 성산구 창이대로881번길 11, 신대방빌딩 1층 101,102호 (대방동)",055-263-2600,191119.3773,355489.0517
3083,O.K 동물병원,경상남도 창원시 진해구 충장로 143-1 (여좌동),546-7588,184949.0887,351907.9453
3084,회원동물메디컬센터,경상남도 창원시 마산회원구 회원남1길 49 (회원동),055-247-4819,192158.4955,342898.2138
3085,대방동물병원,"경상남도 창원시 성산구 용지로 90, 공성상가 1층 10호 (중앙동)",055-275-0076,192885.8583,352667.0905
3086,가람동물병원,경상남도 창원시 마산회원구 3·15대로 846 (합성동),055-292-7375,195159.0988,344584.1692
3087,사랑으로동물병원,경상남도 창원시 마산회원구 합성서1길 157 (합성동),055-253-7507,194884.2703,344251.6299
3088,진북동물병원,경상남도 창원시 마산합포구 진북면 학동로 537-48,055-271-7271,184558.1404,330971.0784
3089,창생동물병원,경상남도 창원시 마산회원구 3·15대로 593 (석전동),055-299-0075,193121.3951,343177.2437
3090,고려동물병원,경상남도 창원시 의창구 지귀로 16 (봉곡동),055-238-6520,195194.527,350075.8103
3091,산호동물병원,"경상남도 창원시 마산합포구 용마로 32, 1층 (산호동)",055-247-7202,192585.4089,344212.0711
3092,부산동물병원,경상남도 창원시 마산합포구 3·15대로 437 (상남동),055-243-8104,191607.2898,343423.5442
3093,창원동물병원,경상남도 창원시 의창구 원이대로 277 (봉곡동),055-238-5457,194976.3155,350161.2871
3094,마산가축병원,경상남도 창원시 마산회원구 회성남5길 3 (회성동),055-255-5459,193852.2648,341594.5276
3095,이화동물병원,경상남도 창원시 마산합포구 3·15대로 424 (상남동),055-245-8499,191457.8111,343433.3966
3096,정다운동물병원,경상남도 창원시 성산구 비음로4번길 38 (사파동),055-262-8275,193164.7266,354592.042
3097,현대동물병원,경상남도 창원시 마산합포구 해안대로 25 (해운동),055-224-2214,187934.7279,342164.6584
3098,상아 동물메디컬,경상남도 창원시 의창구 태복산로3번길 39 (도계동),055-277-7161,196326.8358,348860.2698
3099,통영동물병원,"경상남도 통영시 중앙로 88, 통영동물병원 (서호동)",645-3637,150134.0965,329696.4755
3100,충무수산동물병원,"경상남도 통영시 정동4길 5, 105호 (정량동, 한창썬라이즈)",055-644-4901,150518.0822,331020.8212
3101,우리동물병원,경상남도 통영시 장좌로 49 (정량동),055-644-8801,150250.9456,330831.3082
3102,쿨펫동물병원,"경상남도 통영시 광도면 죽림4로 9, 이마트 2층",055-646-1318,155160.7041,329522.9771
3103,현대수산동물병원,경상남도 통영시 정동2길 57 (정량동),055-643-0114,150366.0706,330789.5558
3104,사하라동물병원,"경상남도 통영시 무전대로 6, 1층 101호 (무전동)",055-642-0275,152205.7009,329907.5372
3105,탑동물병원,"경상남도 통영시 운하1길 8, 마스터글래스 (봉평동)",055-649-7275,149028.15,329271.9899
3106,사랑애완동물병원,"경상남도 통영시 광도면 죽림4로 8, 해피데이 102호",055-648-7582,155074.8396,329358.6407
3107,센텀동물병원,경상남도 통영시 무전1길 64-24 (무전동),055-642-7507,152304.1128,330000.3277
3108,한강동물병원,경상남도 창원시 마산합포구 월영남로 7 (해운동),055-241-5005,187661.2145,341923.6776
3109,이솝동물병원,경상남도 창원시 의창구 의안로 4 (소답동),055-293-8833,197049.1595,347701.8871
3110,경상동물병원,"경상남도 창원시 성산구 원이대로 656, 104호 (상남동,대한상가)",055-263-5144,192964.2042,353347.2265
3111,웰빙동물병원,"경상남도 창원시 성산구 동산로 122, 스카이웰빙파크동 109-2호 (상남동)",055-262-1209,192136.2332,353991.9298
3112,24시 팔용feel동물병원,"경상남도 창원시 의창구 평산로 102 (팔용동, 녹주빌딩 102~104호)",055-255-1275,195963.1449,347363.2182
3113,삼계동물병원,"경상남도 창원시 마산회원구 내서읍 호계본동로 17-2, 코오롱그랜드쇼핑 206호",055-232-0075,196858.6873,338340.7739
3114,경남유우동물병원,경상남도 창원시 의창구 동읍 용잠로 30-6,293-9509,199068.9173,353468.0049
3115,용원동물병원,경상남도 창원시 진해구 용원로 36-1 (용원동),055-543-7523,179336.0404,365262.658
3116,쪼쪼동물병원,"경상남도 창원시 성산구 대원로 87, 센트럴스퀘어상가 208호 (대원동)",055-276-8275,194044.1295,350289.1541
3117,용동물CTMRI의료센터,"경상남도 창원시 성산구 단정로 10, 이정빌딩 201,202호 (상남동)",,192555.5829,353028.9634
3118,필유동물메디컬센터,"경상남도 창원시 진해구 진해대로776번길 33, 필유동물메디컬센터 2층 (이동)",055-543-0022,185380.17,354643.9919
3119,한솔동물병원,경상남도 창원시 진해구 냉천로 65 (석동),055-551-0706,185010.0007,355229.1672
3120,새마산동물병원,경상남도 창원시 마산합포구 북성로 89 (상남동),055-246-1749,191784.936,342910.9309
3121,The행복한동물병원,"경상남도 창원시 마산회원구 내서읍 호원로 311, 1층 102호 (호계리치프라자)",055-242-8988,196826.9106,338505.0743
3122,조항일동물병원,"경상남도 창원시 진해구 진해대로 757, 화남빌딩 104호 (석동)",544-9900,185822.1068,354681.4509
3123,창원메디컬동물병원,"경상남도 창원시 성산구 마디미로73번길 25, 103호 (상남동, 신우주차빌딩)",055-282-0119,192460.8521,353173.4802
3124,쿨펫동물병원,"경상남도 창원시 진해구 진해대로 762 (석동,롯데마트 2층)",544-8400,185657.6596,354711.6975
3125,스카이동물병원,"경상남도 창원시 성산구 동산로 122, 스카이웰빙파크 211호 (상남동)",055-273-0075,192136.2332,353991.9298
3126,한일동물병원,"경상남도 창원시 마산회원구 양덕로 170, 1층 (양덕동)",055-225-7585,193807.6649,343963.1697
3127,길동물병원,경상남도 창원시 성산구 삼정자로43번길 8 (성주동),055-274-0075,190177.4507,355752.5248
3128,서울동물병원,"경상남도 창원시 성산구 가음로13번길 33, 남양종합상가 108,109,110호 (남양동)",055-274-1400,191750.4752,354810.9375
3129,이든 동물메디컬,경상남도 창원시 성산구 마디미서로 46 (상남동),,192653.2237,353014.9752
3130,펫츠올 동물의료원,"경상남도 창원시 마산합포구 해안대로 283, 1층 (신포동1가)",055-240-5800,189991.2433,343137.9552
3131,우리동물병원,"경상남도 창원시 의창구 팔용로 425, 화성빌딩 201호 (팔용동)",055-609-7582,196239.9722,346648.5215
3132,가온동물의료센터,"경상남도 창원시 성산구 가음로 88, 101호 (가음동)",055-274-7575,190902.2113,355013.5129
3133,위드펫동물병원,경상남도 창원시 마산회원구 3·15대로 809 (합성동),552964400,194948.5377,344297.0639
3134,진해동물의료센터,"경상남도 창원시 진해구 진해대로 920, 3층 (자은동)",555510011,184475.6735,355462.7376
3135,유니온동물의료센터,"경상남도 창원시 의창구 원이대로56번길 2-35, 1,2층 (도계동)",055-288-5055,196658.8897,348508.3615
3136,대산서울동물병원,"경상남도 창원시 의창구 대산면 주남로 540-15, 2층",,204910.4895,355243.8699
3137,도그플러스 동물병원 마산점,"경상남도 창원시 마산회원구 삼호로 56, 삼성홈플러스 6층 (양덕동)",055-252-0075,192639.5151,344300.2568
3138,남양종합동물병원,"경상남도 창원시 성산구 대정로 102, 개나리3차아파트상가 107호 (남양동)",552615435,191434.6751,355099.6715
3139,하늘동물병원,"경상남도 창원시 성산구 원이대로863번길 19, 213(상가)동 204호 (가음동, 창원더샵센트럴파크2단지)",055-604-1100,191313.9088,354602.5457
3140,참좋은 동물병원,경상남도 창원시 성산구 용지로121번길 1 (중앙동),055-264-7507,193187.5831,352769.5993
3141,감계동물병원,경상남도 창원시 의창구 북면 감계로110번길 54-31,055-291-8275,201411.141,345013.91
3142,24시 창원2차동물의료원,"경상남도 창원시 의창구 창이대로113번길 8, 1,2층 (명서동)",055-266-7975,194915.2349,350085.7538
3143,메트로동물병원,"경상남도 창원시 마산회원구 삼호로 80, 210동 1층 102,103호 (양덕동, 메트로시티2단지)",055-253-0075,192909.7195,344258.6291
3144,서울동물병원,"경상남도 창원시 마산합포구 진북면 지산1길 19, 1층",,180513.8596,333702.9216
3145,바른동물병원,"경상남도 창원시 마산회원구 내서읍 삼계6길 42, 삼미상가 1층 101호",,193788.6809,336776.9167
3146,덕산동물의료센터,"경상남도 창원시 진해구 덕산로36번길 16, 1~2층 (덕산동)",055-551-0825,184135.1945,355184.5175
3147,용동물메디컬센터,"경상남도 창원시 성산구 단정로 10, 이정빌딩 302호 (상남동)",,192555.5829,353028.9634
3148,아이처럼 동물병원,"경상남도 창원시 성산구 용지로133번길 5, 키다리빌딩 102호 (중앙동)",,193312.9241,352807.357
3149,경일 동물병원,경상남도 창원시 마산회원구 북성로 347 (회성동),055-297-1919,193809.7244,341908.9068
3150,마린동물병원,"경상남도 창원시 진해구 충장로657번길 35, 201호 (풍호동, 창원마린푸르지오2단지)",055-544-8500,182914.2587,355486.2313
3151,센텀동물병원,"경상남도 창원시 진해구 여좌로 8 (여좌동, 센텀종합동물병원)",055-541-0075,185016.8907,351730.4989
3152,다올동물병원,"경상남도 창원시 진해구 안골로 354-1, 1층 (용원동)",555477552,179682.5081,364991.744
3153,마리동물병원,"경상남도 창원시 마산회원구 내서읍 삼계6길 12, 201호",055-232-2642,193629.8908,336791.2181
3154,동인동물메디컬센터,경상남도 창원시 진해구 안골로 277 (안골동),055-552-7980,179289.7512,364762.2102
3155,데파트 동물병원,"경상남도 창원시 마산합포구 3·15대로 255, 경남데파트 (중앙동3가)",055-251-8800,190207.3528,342643.9786
3156,아랑동물병원,"경상남도 창원시 진해구 용원남로73번길 9, 1층 (용원동)",055-552-3071,179301.7998,365289.8183
3157,무안동물병원,경상남도 밀양시 무안면 사명로 485-1,352-0135,219991.4377,349790.7578
3158,종합동물병원,경상남도 밀양시 내이4길 5 (내이동),055-353-7001,223557.0919,358076.3752
3159,대웅동물병원,경상남도 밀양시 중앙로 384-1 (내이동),353-6666,223222.6231,358810.0075
3160,혜성동물병원,경상남도 밀양시 백민로7길 9-6 (내이동),353-1632,223614.7189,358483.7678
3161,가야동물병원,경상남도 밀양시 백민로 101-1 (내이동),352-4663,223835.305,358293.3908
3162,경남동물병원,경상남도 밀양시 남천강변로 43-4 (내일동),356-3100,222734.0273,358874.4669
3163,밀양축협동물병원,경상남도 밀양시 중앙로 264-6 (삼문동),351-2728,222204.8997,359315.8775
3164,참좋은동물병원,경상남도 밀양시 밀양대로 1896 (내이동),055-351-3581,222868.2662,358253.9251
3165,더조은동물병원,"울산광역시 울주군 범서읍 천상중앙길 47, 더조은동물병원 1층",248-7582,231600.8952,402223.2502
3166,원동물병원,"울산광역시 울주군 언양읍 웃방천5길 14, 바동 104호 (서부상가)",264-7872,231944.3553,391270.1869
3167,초록동물병원,울산광역시 울주군 삼남면 상평강변길 3,052-262-6114,231268.6629,392265.5738
3168,온양 발리동물병원,울산광역시 울주군 온양읍 보곡3길 40 (온양서희스타힐스),052-239-7585,214729.8141,408257.1255
3169,와우동물병원,울산광역시 울주군 언양읍 읍성로 135,225-0075,232134.5749,392401.1956
3170,서울산 동물병원,"울산광역시 울주군 언양읍 방천4길 19-9, 서울산 동물병원 1층 101호",,231645.4986,391580.374
3171,남창미르동물병원,"울산광역시 울주군 온양읍 대운길 12, 남창미르동물병원",052-238-7511,214885.5845,407047.4201
3172,BB동물병원,울산광역시 울주군 범서읍 점촌6길 5,052-211-7599,232196.9548,403304.2445
3173,MK동물병원,울산광역시 울주군 온산읍 덕신로 250,,217298.3277,409585.8342
3174,언양동물병원,울산광역시 울주군 두동면 구미월평로 787,,247100.8615,399694.1951
3175,제일동물병원,울산광역시 울주군 삼남면 중평로 79,052-262-4888,231197.4418,392264.0614
3176,벧엘동물병원,"울산광역시 울주군 두동면 계명3길 9, 봉계재래시장 203호",052-262-6797,248151.2859,398939.8395
3177,대동동물병원,울산광역시 울주군 언양읍 동부8길 19-6,052-262-1076,231524.1954,392734.5626
3178,울산축협동물병원,"울산광역시 울주군 언양읍 읍성로 20, 나동 1층",052-264-6708,231649.6757,391938.0204
3179,통일동물병원,울산광역시 울주군 청량읍 덕하장터길 7,268-9074,223786.2137,409171.5224
3180,박동물병원,울산광역시 울주군 언양읍 태기길 23-6,,234262.7986,393590.5449
3181,중산동물병원,"울산광역시 울주군 삼남면 향교로 164, 2층 202호 (울산 교동 리슈빌아파트)",,231231.8495,391566.8817
3182,박지호 동물병원,울산광역시 울주군 삼남면 하방로 27,,224884.2421,389524.6529
3183,라인동물병원,"울산광역시 울주군 삼남면 중남로 72, 3층",,228477.6967,391184.6147
3184,세븐동물병원,대구광역시 북구 팔거천동로 210 (동천동),053-324-8875,272499.818,340552.8366
3185,마루동물병원,"광주광역시 서구 금화로 71, 미미빌딩 2층 203호 (금호동)",384-5445,181494.9743,186846.9532
3186,도그플러스동물병원,"대구광역시 달서구 달구벌대로 1467, 홈플러스 성서점 지하1층 (용산동)",053-568-7582,262111.0617,337916.0799
3187,베스트 종합 동물병원,대구광역시 달서구 달구벌대로 1524 (감삼동),"566-8875,8885",262113.1462,338471.877
3188,신세계동물병원,"대구광역시 수성구 들안로 262, 효정빌딩 1층 (수성동3가)",751-6693,262681.5115,346032.3894
3189,오아시스 정형외과 신경외과 동물병원,"경기도 수원시 영통구 센트럴타운로 107, 204동 2-06,2-07,2-08,2-09호 (이의동, 광교푸르지오월드마크,월드스퀘어)",031-215-7474,421105.1732,204219.5217
3190,미듬동물병원,"제주특별자치도 서귀포시 대정읍 하모중앙로 32, 서귀포시축협대정지소",064-796-3610,-29806.72946,130222.2937
3191,헤이븐동물병원,"서울특별시 서초구 동광로 15, 1층 (방배동)",02-532-5119,443205.9668,198564.8624
3192,잠실베스트동물병원 수술재활센터,"서울특별시 송파구 삼학사로 88, 금보 2층 (석촌동)",02-2203-7975,444755.6169,208542.1416
3193,큰사랑동물병원,"경상북도 경산시 백자로20길 9, 제상가동 1층 101호 (사동, 부영원앙마을)",,258573.3523,358808.6165
3194,상암 진 동물의료센터,서울특별시 마포구 월드컵북로 308 (상암동),,452482.356,190847.2099
3195,푸른동물병원(출장진료전문병원),"경상남도 진주시 진양호로626번길 15, 1층 (옥봉동)",055-742-3535,188608.7364,299258.1979
3196,보람동물병원,경상북도 문경시 중앙로 247 (흥덕동),,345684.2687,307774.1253
3197,사랑동물병원,서울특별시 강동구 천중로49길 4 (길동),02-6403-1750,448779.3183,212572.5541
3198,계산동물병원,"인천광역시 계양구 계양대로 134, 2층 (작전동)",032-549-2626,448207.7717,175441.3826
3199,다오동물병원,"인천광역시 계양구 계산새로 71, D동 123,124호 (계산동, 하이베라스)",032-548-0275,448516.1203,176607.3266
3200,해림동물병원,인천광역시 계양구 계양대로 81 (작전동),032-546-0079,447686.3989,175376.338
3201,쿨펫동물병원,"인천광역시 계양구 오조산공원로 14 (계산동, 홈플러스 2층)",032-554-7579,448616.4325,176616.6826
3202,자연동물병원,"인천광역시 계양구 계양대로34번길 6, 101호 (작전동)",032-551-0975,447200.1757,175463.2752
3203,재영 동물병원,"인천광역시 계양구 장제로 708, 한샘프라자 108호 (작전동)",032-542-4647,447674.4026,176441.147
3204,한스동물병원,인천광역시 계양구 동양로 115 (동양동),032-555-7756,450781.6014,178520.6605
3205,작전 캣독 동물병원,인천광역시 계양구 장제로694번길 3 (작전동),032-544-0075,447539.199,176420.1069
3206,계양 동물 메디컬 센터,"인천광역시 계양구 계양대로 191, 1층 (계산동)",032-555-9975,448775.976,175392.4547
3207,아이러브펫 동물병원 작전점,"인천광역시 계양구 계양대로 27 (작전동, 홈플러스 3층)",552-7588,447141.0412,175291.9823
3208,AVC 동물메디컬센터,"인천광역시 계양구 경명대로 1095, 3동 (계산동)",032-547-4788,449089.8917,175982.7567
3209,이지 동물병원,인천광역시 계양구 장제로 917 (병방동),032-549-0077,449604.381,177051.4026
3210,아마존 동물병원,"인천광역시 계양구 장제로 873, 101호 (임학동)",032-555-7502,449237.8107,176797.7756
3211,신통방통 동물병원,인천광역시 계양구 계양대로 96 (작전동),032-552-3369,447831.537,175439.1435
3212,한솔 동물병원,인천광역시 계양구 경명대로 1109 (계산동),"553-4652,",449067.8466,176092.1274
3213,계양동물병원,인천광역시 계양구 안남로 499 (효성동),032-551-8275,447307.3704,174365.6216
3214,신영재동물병원,인천광역시 계양구 장제로 923 (병방동),032-552-0075,449655.8955,177074.1601
3215,하나 동물병원,"인천광역시 계양구 아나지로247번길 22, 2층 205호 (작전동, 작전역 서해그랑블)",032-553-6678,447267.7443,175193.7014
3216,계양SKY동물메디컬센터,"인천광역시 계양구 장제로 714, 세종팰리스 1, 2층 (작전동)",275-7575,447712.2399,176441.1895
3217,닥터팬더 동물병원,"인천광역시 계양구 계양문화로 119 (용종동, 인천 계양 코아루 센트럴파크)",032-553-7975,448874.4926,176763.2162
3218,쿨펫동물병원,"인천광역시 계양구 봉오대로 785 (작전동, 이마트)",032-555-7582,447677.7951,176674.9352
3219,장수의과 동물병원,경상북도 상주시 왕산로 186 (남성동),054-535-6496,324281.6529,304225.5913
3220,다나은동물병원,경상북도 구미시 선산읍 동교1길 13,,305700.4704,316957.3324
3221,레미 동물병원,"서울특별시 중랑구 동일로 593, 2층 (면목동)",02-470-4707,453453.2838,206949.6924
3222,아이케어 동물병원,"인천광역시 서구 청라에메랄드로102번길 10, 청라리치아노 1층 103~105호 (청라동)",325647600,448018.8103,169655.3246
3223,하나로 양한방 동물병원,경기도 김포시 초당로16번길 75 (장기동),031-996-7975,459779.788,171266.6349
3224,산책동물병원,"서울특별시 양천구 목동서로 401, 1층 102호 (신정동, 대림아크로빌)",02-2653-3335,445920.3749,187518.0936
3225,명수의병원,"경상북도 경산시 경안로 106, 2층 (삼북동)",,258831.905,357071.4034
3226,이룸동물병원,"제주특별자치도 제주시 월광로 51, 이룸동물병원 (노형동)",064-748-2838,-1054.970832,150299.6236
3227,부평 모모 동물병원,"인천광역시 부평구 경원대로 1278, 101호 (부평동)",032-524-5557,443143.8143,174382.2009
3228,리버동물의료센터,울산광역시 중구 태화로 250 (태화동),052-713-7575,230578.0873,408742.38
3229,대정동물병원,"제주특별자치도 서귀포시 대정읍 일주서로 2535, 2층",064-792-7580,-29535.97564,130868.9339
3230,친구가 될 동물병원,"경기도 남양주시 다산중앙로 113, 라페온빌 1층 112호 (다산동)",031-555-0421,457886.7475,213463.1063
3231,다산 봄 동물병원,"경기도 남양주시 다산지금로 136, 푸리마타워 2층 205호 (다산동)",031-551-1175,455423.2276,215253.8539
3232,나눔 양한방동물병원,"세종특별자치시 보람로 15, 상가동 101호 (도담동, 도램마을9단지)",044-868-3793,334341.9096,223470.9825
3233,유어캣 고양이병원,"부산광역시 수영구 무학로63번길 142, 401동 2층 203호 (민락동, 센텀비스타동원2차)",051-757-1275,187433.2652,393053.9747
3234,엔케어동물의료센터,경기도 평택시 죽백3로 139 (죽백동),031-657-2475,389111.9951,211554.998
3235,연경동물병원,"대구광역시 북구 동화천로 241, 연경그랜드타워 204호 (연경동)",053-985-7550,272562.9551,345866.1191
3236,신동물병원,충청북도 청주시 흥덕구 오송읍 상정1길 103-2,,350200.9157,229429.7429
3237,송하동물병원,"경상남도 고성군 고성읍 중앙로 33, 1층",,164738.6451,320826.043
3238,우리동물병원,전라남도 곡성군 곡성읍 중앙로 51,619349825,197738.4384,226241.5714
3239,대전충청 영상안과 동물병원,"대전광역시 서구 둔산로 57, 4층 (둔산동)",,316817.8988,234066.0431
3240,웰튼동물의료센터,"서울특별시 중구 난계로 197, 1,2,4층 (황학동)",02-2253-2233,451869.5873,201985.8296
3241,진리동물병원,전라남도 곡성군 오곡면 기차마을로 226,,197526.6924,227985.4183
3242,율하 위드동물병원,경상남도 김해시 율하로 476 (장유동),,186845.8239,366354.7733
3243,채움동물의료센터,"서울특별시 송파구 동남로 282, 재상빌딩 1층 (오금동)",02-443-6933,444267.3509,212051.9066
3244,훈동물병원,경상북도 김천시 황산로 119 (지좌동),,291536.8316,302841.0965
3245,양원주동물병원,전라남도 해남군 해남읍 북부순환로 215,,119985.1078,162235.4978
3246,우리동물병원,경기도 화성시 남양읍 남양시장로 54,357-3924,411893.0318,183545.767
3247,더펫동물병원,대전광역시 유성구 온천동로 75 (봉명동),,317436.3379,231639.4251
3248,천안24시스카이동물메디컬센터,"충청남도 천안시 서북구 동서대로 165, 프라지움11차 2층 (성정동)",041-415-0975,369393.607,212574.4086
3249,용인해성동물병원,"경기도 용인시 처인구 명지로40번길 15-9, 유니버스트윈1 115호 (역북동)",031-333-8875,414444.5278,216506.3058
3250,이도씨 동물의료센터,"제주특별자치도 서귀포시 신서귀로97번길 51, 2층 (강정동)",064-739-2070,-26779.90775,153983.8708
3251,백현Se동물병원,"경기도 용인시 기흥구 동백7로 73, 경안빌딩 104호 (동백동)",031-275-5275,420017.1666,214083.5599
3252,어울동물의료센터,서울특별시 은평구 통일로 665 (녹번동),,455951.1927,194068.7217
3253,CM 동물병원,"충청북도 진천군 광혜원면 화랑2길 12-4, 1층",043-533-8868,388077.0276,238869.7714
3254,모두동물병원,"서울특별시 구로구 개봉로20길 26, 조양빌딩 1층 (개봉동)",02-2060-7975,443456.527,187232.9278
3255,건국동물병원,충청북도 청주시 청원구 내수읍 마산5길 18,,358318.4478,247823.3954
3256,안성동물의료센터,"경기도 안성시 아양1로 73, 아너스퀘어A동 2층 208,209호 (옥산동)",,389650.9829,222932.8956
3257,박창언 동물병원,부산광역시 해운대구 해운대로177번길 6 (재송동),051-782-7275,189033.8418,393347.123
3258,한유복동물병원,경기도 파주시 광탄면 혜음로 345,,469399.2702,190253.1313
3259,혜음동물병원,경기도 파주시 광탄면 혜음로 345,,469399.2702,190253.1313
3260,연합동물병원,경상남도 양산시 북안남2길 26 (북부동),553878805,207077.0057,385097.3561
3261,소노펫 동물병원,"경기도 고양시 일산동구 태극로 18, 소노캄고양웨스트타워 2층 (장항동)",031-927-5140,462275.538,177899.0031
3262,더힐링동물병원,"경기도 고양시 덕양구 오금1로 143, 자이더빌리지 상가 204호 (오금동)",27127582,461971.4037,191818.934
3263,블루베어동물병원,"경기도 화성시 병점서로 33, 두산탑 프라자 2층 204호 (병점동)",031-236-7555,411511.0854,203461.8674
3264,본동물병원,"전라남도 순천시 장선배기2길 13, 백운별관 (조례동)",,161891.5281,247909.9009
3265,나아라 동물병원,"대전광역시 서구 원도안로 255, 1층 (도안동)",042-721-1346,313939.2405,231067.2367
3266,다솜동물병원,"서울특별시 은평구 응암로 152, 101호 (응암동)",234777677,453707.5883,192485.2274
3267,신월라온동물의료센터,"서울특별시 양천구 신월로 179, 1층 (신월동)",02-2694-7575,446339.972,186052.1707
3268,함께오래동물병원,"경기도 안성시 공도읍 공도4로 3, 우성메디컬프라자 1층 116,117호",,388773.2534,215250.6267
3269,폴라동물병원,"경기도 남양주시 화도읍 비룡로 417, 2층",,464952.587,227193.3046
3270,천안동물의료센터 24시,"충청남도 천안시 서북구 서부대로 368, 씨엠타워 1동 2층 201호 (쌍용동)",041-575-5000,366534.0605,211268.1939
3271,우장산동물의료센터,"서울특별시 강서구 강서로 282, 1층 (내발산동)",02-2664-8275,449861.7803,185490.3942
3272,돌봄동물의료센터,"경기도 수원시 팔달구 중부대로 251, 2,3층 (우만동)",031-217-7570,419248.7574,203793.831
3273,태평역 동물병원,"경기도 성남시 수정구 성남대로 1222, 예농빌딩 1층 (수진동)",031-755-7504,437423.5093,211283.6703
3274,임수의과병원,"경상북도 칠곡군 가산면 송신로 243, 2층",,290237.1813,336908.405
3275,강남예치과동물병원,서울특별시 강남구 선릉로126길 6(삼성동),02-517-5585,445879.7775,203701.1399
3276,진영동물병원,"경기도 광주시 곤지암읍 광여로 91, 103호",,427581.7356,231450.7307
3277,해운대동물메디컬센터,"부산광역시 해운대구 양운로 40, 봉황빌딩 301호 (좌동)",051-702-8275,187510.7976,398342.925
3278,사직동물의료센터,"부산광역시 동래구 아시아드대로 209, 2층 (온천동, 지영아이니드빌)",051-505-7578,191257.7432,388064.6091
3279,온마음동물병원,"부산광역시 동래구 중앙대로1473번길 24, 온천장역삼정그린코아더시티 상가동 109~110호 (온천동)",051-552-6800,192966.7933,389550.0051
3280,뉴엘동물의료센터,"경기도 화성시 동탄대로시범길 261, 리더스프라자 1층 102,103,104호 (청계동)",313737588,411100.3774,209007.0937
3281,엘 동물병원,"서울특별시 송파구 중대로 320, 이화빌딩 1층 (오금동)",02-2088-2878,445161.7295,211776.3599
3282,아이러브펫동물병원 은평점,"서울특별시 은평구 통일로 1050, 롯데몰 은평점 2층 (진관동)",02-6975-5253,459461.2361,192694.9237
3283,통영시 동물보호센터,경상남도 통영시 광도면 전두1길 9-8,055-650-6291,157077.9452,328286.4127
3284,모네동물피부과,"서울특별시 강북구 도봉로 110-1, 4층 (미아동)",070-8691-3121,457397.1722,202525.8773
3285,도림하나동물병원,"서울특별시 영등포구 도영로 31, 1층 (도림동)",28497582,445203.7495,190789.7209
3286,세종충북대학교 동물병원,"세종특별자치시 집현북로 109, 대학동4 (집현동)",044-589-1120,333470.2964,229853.7279
3287,순풍동물병원,"충청남도 공주시 무령로 550-39, 1동 1층 2호 (월송동)",,330166.3297,213499.2333
3288,24시 와이즈 동물메디컬센터,"경기도 하남시 덕풍동로 111-50, 트윈렉스2 2층 B-201,B-202,B-207,B-208호 (덕풍동)",031-791-8253,449995.8336,218366.2021
3289,한림동물병원,"제주특별자치도 제주시 한림읍 한림상로 110, 1층",064-900-9877,-9387.511085,131550.7703
3290,하온동물의료센터,"경기도 성남시 분당구 느티로 27, 하나플라자빌딩 2층 203호 (정자동)",031-697-8978,429642.6889,209452.0932
3291,강남동물메디컬센터,"경기도 광주시 퇴촌면 천진암로 553, 1층",031-764-7555,440004.5387,228967.9902
3292,신호동물병원,"부산광역시 강서구 신호산단1로 124, 103호 (신호동)",051-972-0972,177398.8558,371138.9765
3293,류재선 동물병원,"전라남도 화순군 화순읍 쌍충로 16, 화순산이고운 상가동 106호",,172754.3558,198336.0487
3294,삼호동물병원,전라남도 영암군 삼호읍 대불주거5로3길 15,,139639.9151,149935.9343
3295,민동물병원,전라남도 화순군 화순읍 부처샘길 1-13,373-8875,174310.0639,199072.3179
3296,제주온동물병원,"제주특별자치도 제주시 신대로 136, 102호 (연동, 코스모스태홍누리안5차아파트)",064-742-8575,-1141.691726,153082.8307
3297,용인죽전 24시 스카이동물메디컬센터,"경기도 용인시 수지구 용구대로 2748, SK엔크린주유소 (죽전동)",031-546-5975,425429.7407,209622.4092
3298,효자동물병원,"경상북도 포항시 남구 효자동길2번길 25, 1층 (효자동)",,281206.974,410264.5714
3299,경기북부야생동물구조관리센터,경기도 연천군 전곡읍 양연로1113번길 179-16,3180304452,499966.4324,201689.6586
3300,희성동물병원,충청북도 괴산군 청안면 청안읍내로 41,,363758.876,256894.9494
3301,정말로동물병원,"서울특별시 양천구 신월로10길 22, 2층층 (신월동)",226918119,445910.8038,185860.9791
3302,위례 별 동물의료센터,"서울특별시 송파구 위례광장로 230, 119,120호 (장지동, 위례2차아이파크)",02-407-7579,441934.2521,212641.2953
3303,한마음동물병원,경상북도 영천시 금호읍 교대5길 35,,271996.3485,369256.5063
3304,다랑동물병원,"서울특별시 강남구 삼성로 11, 상가동 103,104호 (개포동, 디에이치아너힐즈)",02-577-7579,442437.4075,205902.1331
3305,미사랑동물병원,"경기도 하남시 미사강변중앙로 189, 에코브리지2 1층 105호 (망월동)",031-796-7570,451238.7883,216691.2703
3306,대구혁신메디컬 동물병원,"대구광역시 동구 메디밸리로 13, 110호,111호,112호 (대림동)",,265166.2629,357916.1227
3307,창생동물병원,경상남도 창녕군 창녕읍 군청길 23,,227933.8998,335273.274
3308,하이반려동물행동클리닉,"경기도 고양시 덕양구 권율대로 690, 삼송2차원흥역동원로얄듀크비스타 202동 2층 1호 (원흥동)",319661210,460940.6776,188926.0455
3309,마음사랑 동물병원,"서울특별시 강서구 수명로 82, 발산로얄타워 2층 202호 (내발산동)",02-2666-2611,450145.9973,184596.0547
3310,클로버 동물병원,"서울특별시 구로구 서해안로 2096, 203, 204호 (항동)",02-2687-7582,441965.792,184272.8595
3311,훈동물병원,충청북도 청주시 청원구 북이면 장양길 88-36,043-213-9969,361607.2515,247428.8739
3312,으뜸동물병원,"제주특별자치도 제주시 동문로 29, 3층 (일도일동)",,1949.626539,156251.5062
3313,더본 외과동물의료센터,"부산광역시 남구 수영로 364, 4층 (대연동)",517117515,184281.9547,391808.9157
3314,코지동물의료센터 서구청점,"인천광역시 서구 서곶로 263, 대화빌딩 (심곡동)",032-566-7558,448807.5602,171321.6426
3315,ROAR clinic,"경기도 하남시 미사대로 540, 현대지식산업센터 한강미사2차(26BL) 제AC03동 3층 029호 (덕풍동)",,450614.5648,218091.7598
3316,호크종합동물병원,세종특별자치시 금남면 원봉오룡길 32,,,
3317,미소 동물 병원,"대전광역시 동구 계족로 10, 일신빌딩 106호 (효동)",042-272-3141,312881.7849,239558.5182
3318,시아동물병원,"경상남도 진주시 남강로29번길 30-3, 1층 (평거동)",055-746-6013,185665.4734,294966.3843
3319,내아이 동물병원,"충청북도 청주시 상당구 중고개로 104, 상가2동 1층 102호 (용암동, 칸타빌 더 테라스 2단지)",,346047.3698,246586.3546
3320,선주동물병원,"경상북도 구미시 선산읍 선주로 3, 1층",,304935.7057,316148.3437
3321,드림벳 동물병원,경상남도 고성군 고성읍 중앙로 100,,164831.9354,321452.9463
3322,정다운 동물병원(출장진료전문),경상남도 진주시 금곡면 무선산로 527-15,,180473.2952,306561.9715
3323,해온동물의료센터,"경기도 고양시 일산동구 고양대로 762, 하늘빌딩 104호 (중산동)",031-975-7580,464407.4669,180597.5876
3324,조형선외과동물병원,"서울특별시 성동구 금호로 146, 제1, 2층 (금호동1가)",02-2282-0119,450208.9598,201774.5804
3325,이음동물병원,"인천광역시 연수구 컨벤시아대로42번길 20, 303동 122, 123호 (송도동, 송도 더 프라우 3단지)",032-833-4875,433157.8028,169000.7877
3326,피그스토리 동물병원,충청북도 청주시 흥덕구 옥산면 성재사정로 78-77,,358030.1106,227861.8277
3327,다나동물병원,"전라남도 해남군 해남읍 중앙2로 116, 해남축협고도지점 2층",,118874.0053,162823.7928
3328,송전휴동물병원,"경기도 용인시 처인구 이동읍 경기동로705번길 13-17, 1층 101호",031-323-0775,404267.8786,217481.7545
3329,물금 본 동물병원,경상남도 양산시 물금읍 황산로 441,,203540.4192,380930.4768
3330,묘연고양이병원,"경상남도 김해시 경원로73번길 1, 2층 201호 (내동)",055-312-1222,194687.6783,369963.07
3331,옥과동물병원,전라남도 곡성군 옥과면 리문5길 19,061-363-7582,197246.748,212362.0131
3332,태산 우리동물병원,"충청남도 당진시 우강면 면천로 1783, 1층 4호",,367854.9925,180494.2769
3333,동행동물병원,"대구광역시 달서구 진천로 117, 월배이타운 1층 117, 118호 (대천동)",053-636-8720,258691.5237,337417.7835
3334,대구경북양돈농협 동물병원,"대구광역시 달서구 월암로 26, 4층 (월성동)",,258951.0236,337261.2686
3335,도담가축병원,경상북도 구미시 고아읍 선산대로 1002,,302057.4136,319225.6989
3336,청담동물병원,"경기도 평택시 만세로 1725, 2층 (죽백동)",031-658-3500,390102.3543,209864.2012
3337,비타민 동물병원,"경기도 시흥시 배곧4로 32-27, 광장프라자 2층 205호 (배곧동)",031-432-9199,430662.3603,175621.1126
3338,동물심장병원 진심,"충청남도 천안시 서북구 오성6길 4, 이젠빌딩 301호 (두정동)",041-569-7975,370047.5861,211315.4367
3339,같은마음 동물병원,"경기도 광명시 광명로832번길 5, 센트럴광명 2층 205,206호 (광명동)",02-6949-5915,441259.0922,186873.516
3340,강남동물병원,"경기도 양평군 서종면 북한강로 767, 2층",031-774-8375,455985.5812,230756.0851
3341,나음동물의료센터,서울특별시 강서구 강서로 206(화곡동),02-2690-9990,449153.638,185617.4979
3342,세림동물병원(출장전문동물병원),"충청남도 아산시 신창면 서부북로 933-30, 10동 103호 (태헌장미1차아파트)",,365737.9469,196522.1758
3343,아산시 동물복지지원센터 부속 동물병원,"충청남도 아산시 환경공원로 158, 동물복지지원센터 (배미동)",041-537-3845,366593.7036,197919.4559
3344,부산 24시 더휴동물의료센터,"부산광역시 동래구 온천장로 20, 1층 (온천동, 신화타워아파트)",051-513-6060,192509.9942,389289.7675
3345,베이시티 동물병원,"부산광역시 서구 송도해변로 192, 상가B동 2층 201호 (암남동, 송도힐스테이트이진베이시티아파트)",051-710-0719,177326.0295,384495.0667
3346,시흥탑동물의료센터,"경기도 시흥시 은계호수로 31, 그린타워 207, 208, 209, 210, 211호 (은행동)",031-316-0750,438060.2683,182534.5229
3347,김포보듬동물의료센터,"경기도 김포시 김포한강4로 162, 한강메트로 101호 (장기동)",,460565.5492,170298.8185
3348,플러스동물의료센터,"경기도 수원시 영통구 봉영로 1590, 밀레니엄 프라자 2층 201호, 202호 (영통동)",2737562,416761.5974,206445.5225
3349,태전동물병원,"경기도 광주시 고산길62번길 49-7, 1층 (고산동)",,,
3350,웰니스동물병원,"경기도 안성시 공도읍 서동대로 3930-39, 스타필드 안성 1층 1142호",031-8029-5080,388093.0367,213062.919
3351,강산동물병원,경상북도 경주시 영불로 9(시래동),,254590.593,408751.7108
3352,가족동물병원,"경상북도 영주시 영주로72번길 14-1, 1층 (가흥동)",,370085.8787,343387.8658
3353,윤동물병원,"충청남도 청양군 청양읍 중앙로 66, 가동 1층 104호",,327192.6005,182134.9425
3354,아라양돈동물병원,"경기도 용인시 처인구 학산로 17-2, 더 하우스 1층 (김량장동)",,415277.688,217727.1559
3355,발라드동물병원(출장전문),"경기도 안성시 일죽면 서동대로 7381-8, 1,2층 102,202호",031-672-7831,398710.7727,241426.7568
3356,효성동물병원,충청남도 공주시 사곡면 해월길 50-48,,334720.2794,201370.7511
3357,누리팜산업동물병원(출장전문),경기도 안성시 삼죽면 용두동길 2,031-665-5740,397006.2541,235067.9389
3358,삼성동물병원(출장진료전문병원),충청북도 충주시 대림9길 28(문화동),,385609.3502,281783.2723
3359,초원동물병원,"전북특별자치도 부안군 부안읍 용계길 36, 한빛수학교실",,247621.7573,176587.6614
3360,인월동물병원,"전북특별자치도 남원시 인월면 인월로 64, 지리산새마을금고",063-636-2873,218081.1569,254591.1881
3361,나만 애 동물병원,"경기도 하남시 감일백제로83번길 24, G골든프라자 2층 204호 (감이동)",02-485-0512,444703.5244,214174.9382
3362,KRA 장수동물병원,"전북특별자치도 장수군 장계면 육십령로 764-5, 장수경주마목장",063-350-3761,247319.7955,259071.8451
3363,제이준 말전문 동물병원,전북특별자치도 장수군 장계면 한들로 76,,248094.655,252440.4556
3364,동진동물병원,"경기도 남양주시 화도읍 경춘로 1969-9, 나동 17,18호",031-593-9405,461054.248,227019.3449
3365,율하 다나동물병원,"경상남도 김해시 율하6로 67, 201호 (장유동)",,187331.7547,365988.2244
3366,땅콩동물병원,서울특별시 동대문구 답십리로 224-1 (답십리동),02-3394-7075,452256.6485,205696.0463
3367,그린동물병원,"경기도 수원시 장안구 파장로 59, 그린동물병원 (정자동)",031-241-7533,422621.4087,199390.3426
3368,썬애니멀크리닉,"경기도 용인시 기흥구 동탄기흥로 864, 120동 비104,105호 (공세동, 공세 호수마을 공세성원상떼레이크뷰)",,414712.033,209087.3596
3369,팜그린동물약품병원,전북특별자치도 진안군 진안읍 진무로 887,,253087.8912,238747.1695
3370,한들동물병원(출장진료전문),전북특별자치도 진안군 진안읍 진장로 16,,254791.6316,239074.8838
3371,아이케어 동물병원,"부산광역시 해운대구 센텀동로 25, B상가동 203호 (우동, 대우월드마크센텀아파트)",,187887.9317,394112.5249
3372,OK동물병원,전북특별자치도 진안군 진안읍 진무로 994,,253973.1601,238178.0987
3373,삼성동물병원,"전북특별자치도 익산시 금마면 금마길 60, 삼성동물병원",836-6222,276821.9889,204698.6414
3374,서울동물병원,전북특별자치도 익산시 함열읍 함열로 78-1,861-0546,286698.3808,196099.1768
3375,대학동물병원,전북특별자치도 익산시 인북로 139 (창인동1가),841-0711,271250.3589,195779.4067
3376,진안동물병원,전북특별자치도 진안군 진안읍 진무로 1083-1,,254701.5685,238531.4384
3377,삼양가축병원,전북특별자치도 진안군 진안읍 진무로 1108,,254734.749,238764.506
3378,유 가축병원,전북특별자치도 진안군 진안읍 대광길 8,,254390.1459,238059.5126
3379,행신동물의료센터,"경기도 고양시 덕양구 충장로 122, 블레스타운 2층 205호 (행신동)",031-944-7587,457918.7327,185274.4899
3380,디에스 동물메디컬,"대구광역시 달성군 다사읍 죽곡1길 13-3, 주순빌딩 201호",053-593-2842,262881.9191,332228.1745
3381,24시 청주이음동물의료센터,"충청북도 청주시 흥덕구 2순환로 1112, 2층 (비하동)",043-715-3133,348322.9618,237772.2356
3382,바스텟고양이병원,"대전광역시 유성구 엑스포로151번길 19, 도룡 하우스디 (도룡동)",042-867-7577,319569.1948,235353.7192
3383,시흥i동물병원,"경기도 시흥시 수인로3312번길 16, 상가T동 2층 227~228호 (대야동, 시흥 센트럴 푸르지오)",031-8042-7511,437611.716,181327.0558
3384,박동물병원,전북특별자치도 완주군 봉동읍 봉동로 133,063-261-3125,270757.0076,215098.7574
3385,고려동물병원,"전북특별자치도 익산시 무왕로 1034, 1층 1/2호 (영등동)",855-0124,273091.9722,197369.8028
3386,우성동물병원,전북특별자치도 익산시 함열읍 함열10길 26,,286236.9517,196970.5844
3387,조한웅동물병원,"전북특별자치도 익산시 춘포면 궁성로 130, 고려온천아파트상가 107동 104호",,269332.2229,204777.3012
3388,다나음동물병원,"전북특별자치도 익산시 함열읍 미력3길 44, 상가 106호",917-2075,286333.8425,196536.7603
3389,진수동물병원,전북특별자치도 익산시 함열읍 함낭로 533,,285984.838,196924.3875
3390,바이오드동물병원,"전북특별자치도 익산시 고봉로 79, 전북대학교익산캠퍼스 제1수의학관 312호 (마동)",063-850-0685,271394.6422,196293.1826
3391,현대 동물병원,전북특별자치도 장수군 장수읍 교촌로 47-3,063-351-3050,238712.8106,247274.3408
3392,무진장축협동물병원,전북특별자치도 장수군 장수읍 중동길 8,063-351-2391,238740.6709,246966.6632
3393,제일동물병원,,,,
3394,대동동물병원,전북특별자치도 장수군 장계면 한들로 59,063-352-5998,,
3395,우리가축병원,"전북특별자치도 완주군 고산면 읍내5길 8, 나래빌딩",063-262-8575,274991.9999,218773.0599
3396,메이플 동물의료센터,"서울특별시 강동구 아리수로93나길 60, 골드프라자 202-203호 (강일동)",02-426-7979,452247.4319,215401.0642
3397,에쿠스종합동물병원(출장진료 전문),"경기도 평택시 고덕면 도시지원1길 111, 123호",,391830.1407,201411.0818
3398,얼바인동물병원,"서울특별시 강남구 밤고개로 223, 강남센터뷰 103,104호 (자곡동)",02-459-7515,441364.4307,209404.8594
3399,광희동물병원,전북특별자치도 완주군 이서면 콩쥐팥쥐로 1047,063-229-6649,257862.303,201236.3703
3400,퍼피존동물병원,전북특별자치도 익산시 익산대로 190 (창인동1가),,271418.3993,195285.6657
3401,왕궁동물병원,전북특별자치도 익산시 왕궁면 금오길 4,291-5214,270459.2169,207024.9799
3402,전북동물의료센터,"전북특별자치도 익산시 고봉로 79, 전북대학교익산캠퍼스 (마동)",063-850-0970,271394.6422,196293.1826
3403,전북야생동물구조관리센터,"전북특별자치도 익산시 고봉로 79 (마동, 전북대학교)",063-850-0975,271394.6422,196293.1826
3404,모현동물병원,전북특별자치도 익산시 선화로8길 3 (모현동1가),063-855-5975,271999.1446,194804.4427
3405,문 동물병원,전북특별자치도 장수군 장수읍 군청길 16,,238638.3585,246950.8765
3406,호남가축병원,전북특별자치도 진안군 부귀면 전진로 2693,433-7742,253301.6439,232572.4048
3407,이서동물병원,전북특별자치도 완주군 이서면 이서로 42,063-228-7221,257750.2131,201860.2757
3408,이노동물병원,전북특별자치도 완주군 이서면 안전로 153,063-277-0007,259741.561,205187.465
3409,이영준동물병원,전북특별자치도 완주군 봉동읍 봉동동서로 40,063-263-5100,270529.8055,214144.685
3410,연합동물병원,전북특별자치도 완주군 용진읍 완주로 179,245-7588,264563.4805,213975.0754
3411,태산동물병원,전북특별자치도 완주군 고산면 고산천로 188,,272782.4373,216313.6001
3412,기운내 동물병원,"광주광역시 북구 북문대로 88, 112호 (운암동, 운암2차 남양휴튼)",062-528-7588,186601.0908,188760.1004
3413,윤슬동물병원,"경기도 시흥시 월곶중앙로 87-1, 101호 (월곶동)",031-404-8566,431990.395,176524.235
3414,미래종합동물병원,"전북특별자치도 익산시 하나로 426, 엘드타운 1층 102호 (어양동)",,273119.1568,198327.1877
3415,와우동물메디컬센터,전북특별자치도 익산시 하나로 483-26(영등동),,273839.9867,198131.3767
3416,해원이네동물병원,전북특별자치도 익산시 여산면 여강로 11,,284207.1194,207476.225
3417,에버그린 펫 클리닉,"전북특별자치도 익산시 동서로63길 4 (어양동, 하모니시티)",,272513.1125,198830.4431
3418,제이스동물병원,"경기도 김포시 고촌읍 장차로 13, 2층",,455696.7337,179657.5009
3419,서울준동물병원,"서울특별시 마포구 대흥로24길 24, 마포프레스티지자이상가 B동 107호 (염리동)",02-6954-7522,450080.1299,195310.8642
3420,24시 위너스동물의료센터,"경기도 남양주시 호평로45번길 28, 2층 201호 (호평동)",031-511-7582,461782.1583,221658.0436
3421,24시예담동물의료센터,"서울특별시 은평구 연서로 122, 대광빌딩 1,2층 (역촌동)",269527519,456365.4974,192585.2642
3422,구미 산동 아이엔 동물병원,"경상북도 구미시 산동읍 신당1로4길 20, 탑클래스 1동 202호",,295973.5899,328655.6069
3423,건국 대동물병원,,,364593.6316,150929.7335
3424,구미TOP동물의료센터,경상북도 구미시 야은로 387 (도량동),054-443-7582,293835.4413,319230.8567
3425,현대동물병원,"경상북도 구미시 상사서로 133-3, 1층 (사곡동, 굿팰리스)",,289062.0019,321983.7587
3426,레이동물병원,"경기도 수원시 장안구 송정로 20, 1,2층 (정자동)",031-245-7707,421615.8433,199863.0515
3427,키다리 동물병원,"서울특별시 마포구 월드컵북로 218, 2층 (성산동)",02-376-7675,451916.7706,191539.5639
3428,삼색이동물병원,"서울특별시 마포구 독막로20나길 22, B106호 (상수동, 래미안밤섬리베뉴 1)",02-3144-3253,449376.2516,193345.6351
3429,대구24시바른동물의료센터,"대구광역시 달서구 와룡로 142, 2층 (감삼동)",053-571-0075,261660.6988,338834.1144
3430,서산시동물보호센터,"충청남도 서산시 인지면 무학재1길 99, 서산시 농업기술센터",416602150,357872.178,147371.8058
3431,진주동물병원,"경상남도 진주시 에나로128번길 18, 다인프라자 105호 (충무공동)",55759000,186926.4844,304095.869
3432,24시알파동물메디컬센터,대구광역시 서구 서대구로 15 (내당동),535727585,263237.5468,340544.4831
3433,대곡동물병원,"경상남도 진주시 대곡면 진의로 1062, 1층",055-745-7615,196476.2271,306292.1627
3434,서대구동물병원,"대구광역시 서구 국채보상로 270, 1층 (평리동)",532197579,264567.958,340860.5106
3435,미르동물병원,"광주광역시 광산구 왕버들로 86, 풍년빌딩 1층 105,106호 (수완동)",062-413-8275,189233.4434,183553.0212
3436,해듬동물병원,"충청남도 아산시 탕정면 탕정면로22번길 15-5, 1층",041-541-0733,366235.3381,205303.6913
3437,24시 모두의동물병원,"경기도 광명시 하안로 289, 태홍빌딩 A동 2층 (하안동)",02-6951-2475,439947.7426,189332.1005
3438,행복한산책 동물병원,"인천광역시 서구 푸른로8번길 7, 1층 (청라동)",,446994.5457,167166.562
3439,닥터멍동물병원,"서울특별시 중랑구 상봉로 17, 1층 (면목동)",02-439-7582,453913.9465,208243.9104
3440,남창원동물병원,경상남도 창원시 성산구 가음로 100 (가음동),055-287-0075,190749.9703,355023.6734
3441,24시 신도림S동물의료센터,"서울특별시 구로구 경인로 619-3, 201호 (신도림동, 신도림3차푸르지오아파트)",02-6949-3575,444964.855,189681.4533
3442,새로이동물병원,"경기도 고양시 일산동구 호수로 340-25, 동문굿모닝힐II 110,111호 (백석동)",031-907-7579,459636.8071,181196.2805
3443,우주동물병원,"서울특별시 광진구 자양로15길 30, 1층 (자양동)",02-2039-9930,448162.5239,207169.0001
3444,메리알동물병원,"경기도 고양시 덕양구 무원로6번길 20, M-타워 503-2호 (행신동)",,456800.9311,185248.0884
3445,본동물메디컬센터 24시수성점,"대구광역시 수성구 달구벌대로 2545, 1층 (만촌동)",053-634-7582,263387.0346,348170.2337
3446,영덕울진축산농협 동물병원,경상북도 울진군 매화면 매화로 672,054-783-1995,383379.6186,412312.5923
3447,대경연합동물영상센터,"대구광역시 달서구 달구벌대로 1580, 3층 (감삼동)",053-721-7565,262260.2085,339032.202
3448,수노을동물병원,"경기도 화성시 매송면 매송고색로422번길 9, 104호",,415642.7383,195666.7805
3449,로로동물의료센터,"충청북도 청주시 청원구 율봉로 38-1, 1층 (사천동)",043-223-0011,351468.6989,242386.9823
3450,웰니스 동물병원,"경기도 구리시 동구릉로136번길 57, 엘마트 구리점 2층 (인창동)",031-565-5275,456712.5768,212367.1184
3451,더 가까운 동물병원,"충청북도 보은군 보은읍 뱃들로 47, 상가",043-543-5575,331985.8052,264871.1703
3452,중앙동물병원,인천광역시 강화군 강화읍 중앙로74번길 8,329336862,470681.7342,154712.5913
3453,25세 동물병원,경상북도 칠곡군 왜관읍 석전로7길 1,054-974-0975,278744.0436,326928.4387
3454,부산 24시 동행동물의료센터,"부산광역시 북구 금곡대로 126, 채움센트럴 3층 (덕천동)",051-908-7575,193052.6885,382766.7643
3455,참동물병원,"충청남도 아산시 배방읍 광장로 210, A211호 (요진 와이시티)",041-566-8575,366057.8706,209607.6782
3456,시민동물병원,"경상남도 김해시 주촌면 천곡로 103, 102호",055-312-0407,193656.2953,367546.7577
3457,로얄동물메디컬센터 강동,"서울특별시 강동구 천호대로 1171, 지하1층,2층,3층 (길동)",02-457-0075,447999.1039,212426.8881
3458,동물영상진단센터/나음고양이병원,"서울특별시 강동구 천호대로 1171, 4층, 5층 (길동)",02-457-0075,447999.1039,212426.8881
3459,안호영동물병원,대전광역시 서구 계룡로 358 (갈마동),532-7272,316978.198,232985.672
3460,참동물병원,대전광역시 서구 도산로 82 (도마동),536-0075,312844.8505,233976.0123
3461,정 동물병원,"대전광역시 서구 괴정로 114, 1층 101호 (괴정동)",,315257.7149,234518.8651
3462,월평동물병원,"대전광역시 서구 한밭대로707번길 13, 샛별상가 103호 (월평동)",489-8890,317581.3476,233787.9986
3463,함안축협동물병원,경상남도 함안군 가야읍 북실길 18,,,
3464,변정수동물병원(산업동물출장전문동물병원),"경상남도 함안군 가야읍 가야로 101, 화영상가 2층",,198603.4648,328410.2124
3465,미래동물병원(출장진료전문동물병원),경상남도 함안군 칠원면 용산1길 15,,202016.2149,337951.1931
3466,삼성동물병원,경상남도 함안군 가야읍 가야로 79,,198564.5771,328186.1012
3467,서울동물병원,경상남도 함안군 가야읍 함마대로 1636-16,,198692.4186,328108.3402
3468,백동물병원,"경상남도 거창군 거창읍 강남로 156, 백동물병원",944-0298,243054.3505,282699.1547
3469,송가축병원,경상남도 거창군 거창읍 중앙로 125-1 (송가축병원),944-4383,243386.442,282499.8785
3470,거창축산업협동조합동물병원,경상남도 거창군 거창읍 대평3길 38 (사무실),944-9976,243113.666,283331.3949
3471,수 가축병원,경상남도 거창군 거창읍 강변로 191,943-7228,243363.8458,282986.2199
3472,단비동물병원,"경상남도 거창군 거창읍 강변로 83, 건강체육관 1층",055-945-5475,243063.1484,281959.9693
3473,나래동물병원,경상남도 거창군 거창읍 거창대로 13-2,055-942-8875,242951.8817,282990.1072
3474,수선동물병원,경상남도 거창군 거창읍 수남로 2213,,242241.8994,282417.885
3475,이동가축병원,경상남도 남해군 이동면 무림로 34,862-5041,145329.6072,287082.3738
3476,목자동물병원,경상남도 남해군 남해읍 남해대로 2723,,148558.8484,282385.6404
3477,김석년가축병원,경상남도 남해군 남해읍 화전로 60-10,,149010.551,281816.7504
3478,감춘영가축병원,"경상남도 남해군 남해읍 화전로43번길 4, 가축병원",,148840.9439,281745.5825
3479,남해축협 동물병원,"경상남도 남해군 남해읍 화전로 60-4, 남해축협",055-862-2115,148999.153,281774.1691
3480,삼천포제일가축병원,경상남도 사천시 동금4길 27 (동금동),,159722.9757,298624.3489
3481,곤양가축병원,"경상남도 사천시 곤양면 곤양로 124, 곤양가축병원",,173654.0437,287558.0575
3482,사천수산동물병원,"경상남도 사천시 사천읍 진삼로 1461, 수한의원",8528681,176399.7452,298972.8875
3483,노산동물병원,,,159995.5397,298292.0995
3484,우리동물병원,경상남도 사천시 곤양면 서삼로 22-1,,173531.6495,287808.3299
3485,촉석동물병원,경상남도 사천시 축동면 용산1길 29-15,,178744.0255,295221.8713
3486,동원동물병원,경상남도 사천시 사천읍 진삼로 1527,,177055.8873,298889.17
3487,사천축협동물병원,,851-5860,,
3488,상아동물병원,경상남도 거제시 옥포로26길 23 (옥포동),635-6004,156594.9464,354531.4225
3489,디스동물병원,경상남도 거제시 거제중앙로 1852 (고현동),632-2365,155093.5015,348545.1064
3490,닥터김 동물의료센터,"경상남도 거제시 중곡1로 48, 해원빌딩 1층 (고현동)",680-0975,156441.7309,348562.834
3491,현대동물의료센터,경상남도 거제시 장평로 5 (장평동),636-3662,155812.8127,347652.116
3492,가온동물병원,"경상남도 양산시 양주2길 52-2, 1층 (중부동)",055-387-8256,206495.4342,384383.8739
3493,수동물병원,"경상남도 양산시 동면 금오13길 18, 101호 (동진그린타워)",055-388-7545,203872.6693,384149.5165
3494,낙동가축병원,"경상남도 양산시 물금읍 오봉로 15, 상가동 205호",384-6585,204830.4809,381679.179
3495,웅상동물병원,"경상남도 양산시 덕계로 66, 웅상동물병원 (덕계동)",055-366-0300,210374.1141,395394.7155
3496,보계동물병원,경상남도 양산시 양주2길 11 (중부동),055-374-0488,206333.7708,384545.0998
3497,양산 동물 메디컬센터,경상남도 양산시 삽량로 175 (중부동),055-365-0075,205871.3646,384110.5359
3498,웅상프랜드 동물병원,경상남도 양산시 덕계로 103 (덕계동),364-7585,210693.2431,395607.0008
3499,영남동물병원(출장진료전문병원),경상남도 양산시 하북면 용연로 89,055-375-9933,218365.1901,388299.1945
3500,스마트동물병원,"경상남도 양산시 물금읍 새실로 159, G동 201호 (나래메트로시티)",055-781-2275,203607.2376,382212.8425
3501,나우 동물병원,경상남도 양산시 신기강변2길 37 (신기동),055-383-7851,208107.0077,385148.8826
3502,해동물병원,"경상남도 양산시 물금읍 청운로 349, 103동 2호 (세정에스타)",055-389-0275,204983.0292,383218.8852
3503,준동물병원,"경상남도 양산시 물금읍 증산역로 138, 201호 (지오타워)",055-381-7532,203007.3346,382272.9568
3504,서창사랑동물의료센터,"경상남도 양산시 삼호1길 36-13, 2층 (삼호동)",,214790.4546,396829.1042
3505,신세계동물의료센터,경상남도 양산시 물금읍 새실로 159 (나래메트로시티),055-367-9123,203607.2376,382212.8425
3506,양산에스동물메디컬센터,"경상남도 양산시 물금읍 증산역로 174, 201,202호 (일선프라자)",055-382-2475,202858.5797,382602.9815
3507,힐스동물병원,경상남도 양산시 물금읍 신주3길 8,055-388-8275,206030.5812,383077.0203
3508,더나은 동물병원,"경상남도 양산시 물금읍 물금로 96-17, 에코타워 2층 201호",553664626,203346.0697,381292.2172
3509,장승포가축병원,경상남도 거제시 장승포로1길 17 (장승포동),,153525.6793,357638.443
3510,신현동물병원,경상남도 거제시 거제중앙로 1830-1 (고현동),636-8272,154889.4668,348640.7719
3511,중앙가축병원,경상남도 김해시 진례면 고모로59번길 39-222,336-5141,194884.5322,360678.9334
3512,녹원동물병원,경상남도 김해시 한림면 장방로222번길 46-63,346-0878,,
3513,김해축협동물병원,경상남도 김해시 한림면 김해대로1271번길 5,055-331-9494,200169.7704,365202.8062
3514,해조동물병원(산업동물 출장진료 전문동물병원),경상남도 김해시 분성로318번길 20-1 (부원동),,194092.1962,371171.4306
3515,강 동물병원(산업동물출장진료 동물병원),"경상남도 김해시 진영읍 진영로 193-1, 2층",342-3060,201775.5582,357670.0762
3516,김해동물병원,"경상남도 김해시 가야로 183 (삼계동,위너스타운 107호)",333-5645,197379.3761,370303.7292
3517,고려동물병원,경상남도 김해시 가락로63번길 13 (서상동),331-0175,194138.6963,371109.9311
3518,세계로종합동물병원,"경상남도 김해시 내외중앙로 75, 109호 (내동,내외빌딩)","323-8275,333-5194",194654.1559,369857.4722
3519,한빛동물병원,경상남도 김해시 인제로 159 (어방동),321-3824,195382.9234,373204.9905
3520,박성식동물병원,경상남도 김해시 분성로 361 (동상동),336-3636,194390.5361,371577.0314
3521,하늬동물병원,경상남도 김해시 삼안로195번길 36 (삼방동),345-8115,195644.6598,373616.2941
3522,리옹동물병원,경상남도 김해시 우암로 65 (내동),"326-5939,5938",194612.9611,369327.7606
3523,장유동물병원,경상남도 김해시 능동로 11 (삼문동),055)313-7582,190015.018,363384.805
3524,우리종합동물병원,경상남도 김해시 능동로155번길 2 (부곡동),321-7585,190768.0662,364599.6795
3525,온힐동물메디컬,"경상남도 김해시 대청로 58-10, 1층 (관동동)",055-313-0975,188226.4698,363910.8565
3526,한마음동물병원,경상남도 김해시 가락로 280 (구산동),055-313-7200,196121.0995,370401.4166
3527,아쿠아 종합동물병원,경상남도 김해시 번화2로 42 (삼문동),055)333-2967,189658.8871,364324.4057
3528,진영동물병원,경상남도 김해시 진영읍 여래로 33,343-7177,201795.5036,357710.1798
3529,부경양돈협동조합 양돈클리닉센터,경상남도 김해시 금관대로1073번길 6-13 (풍유동),055-323-8400,193265.3115,368123.4597
3530,도그플러스 동물병원,"경상남도 김해시 김해대로 2078 (내동, 삼성홈플러스)",055-313-7568,195217.7796,370158.8434
3531,자연은동물병원,"경상남도 김해시 삼안로195번길 31, 1층 (삼방동)","322-7583,7586",195606.89,373657.026
3532,율하 베스트 동물메디컬센터,"경상남도 김해시 율하3로 21, 율하메디칼 201,203호 (율하동)",055-326-7501,187206.565,365066.8326
3533,페츠비동물병원,경상남도 김해시 능동로 159 (부곡동),055-311-7595,190793.9625,364628.1182
3534,서울 애니 동물병원,경상남도 김해시 분성로 432 (삼정동),,194455.431,372267.956
3535,김해동물메디컬센터,경상남도 김해시 내외중앙로 83 (내동),055-312 7555,194726.9929,369867.7822
3536,도담동물병원,경상남도 김해시 진영읍 장등로 15 (BK 빌딩 105호),,202315.3617,357710.9346
3537,연지동물병원,경상남도 김해시 김해대로 1968 (구산동),055-342-7700,196260.585,369900.1516
3538,農和동물병원(산업동물출장진료전문),경상남도 김해시 가락로7번길 18 (봉황동),,193615.0928,371142.7348
3539,다독다독동물병원,"경상남도 김해시 계동로 203, 오즈빌딩 201호 (대청동)",055-331-7582,189376.3587,363910.5756
3540,라임동물병원,경상남도 김해시 진영읍 김해대로361번길 8 (굿프라임빌딩 2층 202호),055-345-1612,202271.993,357251.8584
3541,주주동물병원,경상남도 김해시 덕정로 85 (관동동),,188229.284,363407.9376
3542,서창덕동물병원(산업동물 출장진료 전문 동물병원),"경상남도 김해시 한림면 한림로 376-1, 1층",,203898.6113,363876.5586
3543,탑스동물병원,"경상남도 김해시 삼계중앙로 12, 2층 (삼계동)",055-336-0075,197201.1606,369788.4591
3544,국립공원공단 국립공원야생생물보전원 야생동물의료센터,전라남도 구례군 마산면 화엄사로 402-31,061-783-9585,193775.7414,244535.0517
3545,바른동물병원,경상북도 칠곡군 왜관읍 석전로10길 92,,278312.7162,326750.5248
3546,현대가축병원,"경기도 가평군 가평읍 연인2길 19, 현대동물병원",,480910.0461,244940.6318
3547,경기동물병원,"경기도 가평군 청평면 청평중앙로 8, 경기동물병원",,470455.6771,236594.5239
3548,사랑우리 愛 동물병원,경기도 구리시 동구릉로 99 (인창동),569-7582,456282.2606,211844.1507
3549,프라임동물병원,"경기도 구리시 장자대로 76 (수택동, 이우프라자)",031-566-2475,453896.2985,212204.9518
3550,시티종합동물병원,경기도 구리시 이문안로 15 (교문동),031-555-7588,454429.8822,211675.6973
3551,건국동물병원,경기도 구리시 이문안로 27 (교문동),569-0277,454512.8727,211740.3383
3552,아마존동물병원,경기도 구리시 경춘로 128 (교문동),031-564-0075,455374.4676,211372.4115
3553,이솝동물병원,경기도 광주시 초월읍 경충대로 1264,031-768-8820,431747.6809,225386.4632
3554,그랜드24시동물병원,경기도 광주시 경안안길 5 (경안동),766-1475,434738.685,222227.8605
3555,갈매동물병원,"경기도 구리시 갈매중앙로 70, 202호 (갈매동, 이룸넘버원리치안)",031-529-5088,458669.199,210263.6875
3556,24시 더케어 동물의료센터,"경기도 구리시 경춘로 294, 1층-3층 (수택동)",031-516-8585,455671.9374,212941.9718
3557,보드미동물병원,경기도 구리시 갈매중앙로55번길 107 (갈매동),031-572-7571,458719.1253,210208.4728
3558,동현24시동물병원,"경기도 광주시 경안천로 5 (송정동,1층)",7687599,434704.4707,223021.0685
3559,24시 모란동물 메디컬센터,경기도 광주시 경충대로 1448 (쌍령동),"031-765-1100,1133",433063.7676,224164.0852
3560,내친구동물병원,경기도 구리시 이문안로 105 (수택동),031-568-0075,454401.3365,212580.9289
3561,오블리 동물병원,"경기도 구리시 이문안로 138 (토평동,우신빌딩 1층)",031-568-8275,454300.7337,212882.5591
3562,구리동물병원,"경기도 구리시 검배로 36, 현주Ifriend빌딩 101호 (수택동)",031-557-9009,455080.3991,212566.7412
3563,하일동물병원,"경기도 구리시 경춘로 200, 205호 (수택동)",031-522-5107,455338.26,212073.4904
3564,애니케어동물병원,경기도 구리시 벌말로 104 (토평동),031-567-7589,453738.9501,212998.3861
3565,좋은동물병원(출장전문),경기도 안성시 양성면 만세로 620,671-0175,395190.7032,217247.088
3566,유수의과 동물병원,경기도 안성시 죽산면 죽산초교길 15,,397161.9225,237305.276
3567,강산동물병원,"경기도 안성시 대덕면 차골길 17, 101호",031-656-6166,388567.5649,219981.7354
3568,우리동물병원,경기도 안성시 장기1길 5(인지동),675-0722,389204.8814,223843.7323
3569,신장가축병원,경기도 광주시 도척면 도척로 376-64,761-2014,424174.745,229540.0156
3570,금강동물병원,"경기도 광주시 초월읍 산수로 540, 호석빌딩 101호",031-763-0170,434862.0022,222654.6863
3571,협동동물병원,경기도 광주시 중앙로 96 (역동),031-761-2259,434067.938,222867.9508
3572,우정동물병원,경기도 광주시 곤지암읍 대석동길 73,797-4755,427931.8348,230457.4407
3573,분당에덴동물병원,경기도 광주시 오포읍 능평로 203,726-3336,,
3574,푸른동물병원,경기도 광주시 고불로 54 (중대동),764-3033,432377.9765,220477.9883
3575,우석동물병원(출장전문),경기도 안성시 보개원삼로 104 (가사동),676-3010,390147.3057,225438.8969
3576,건국 종합 가축병원 (출장전문병원),경기도 안성시 일죽면 송천길 75-0,031-676-7773,399059.6889,242229.9478
3577,롯데마트 안성점 쿨펫,"경기도 안성시 공도읍 서동대로 4478, 2층 (롯데마트)",031-618-7533,389592.8954,217695.6371
3578,고려동물병원 (출장전문동물병원),경기도 안성시 보개면 양협길 29-67,031-674-4432,390112.5096,228575.7534
3579,안성축협동물병원,"경기도 안성시 안성맞춤대로 833, 안성축산업협동조합 (계동)",031-8046-8000,387484.7973,223771.2054
3580,대한동물병원(출장전문),경기도 안성시 죽산면 죽주로 300,676-9608,397283.2729,238002.9883
3581,서부동물병원(출장전문),경기도 안성시 강변남로 52 (도기동),675-1140,388817.6254,224246.4058
3582,남양동물병원(출장전문),"경기도 안성시 공도읍 마정강변길 25, 상가동 103호 (임광그대가아파트 1단지)",655-4465,390024.9175,218637.5611
3583,토평동물병원,"경기도 구리시 장자대로 80, 2층 (수택동)",031-566-5800,453896.5555,212242.9193
3584,래플즈 동물병원,경기도 구리시 동구릉로 120 (인창동),031-563-7582,456397.1391,212024.4771
3585,가람동물병원,경기도 구리시 건원대로 41 (인창동),031-558-7582,455832.4184,212265.096
3586,산업동물병원,경기도 안성시 강변남로 84 (현수동),,388968.4489,224553.7373
3587,양하무역산업동물병원(출장전문),경기도 안성시 죽산면 용설로 429-12,1566-4343,394031.6189,239147.8132
3588,아프리카동물병원,"경기도 안성시 공도읍 진사길 8, 서안성농업협동조합서부지점 102호",031-656-5975,387961.9948,212196.7985
3589,월천동물병원 (출장전문),경기도 안성시 보개면 양협길 29-67,031-674-4432,390118.66,228607.8181
3590,웰니스 동물병원,"경기도 하남시 미사대로 750, 스타필드 하남 1층 G242호 (신장동)",,449270.3712,219699.0105
3591,파머스,경상남도 거제시 하청면 하청로 10,,163080.7529,351066.3493
3592,이성준동물병원,경기도 안성시 중앙로 431-1 (봉남동),673-5858,389480.7687,224390.5549
3593,일죽종합동물병원,경기도 안성시 일죽면 금일로 428,674-6551,398789.1231,242362.7997
3594,쿨펫동물병원,"경기도 안성시 중앙로 246, 3층 (석정동, 이마트)",031-677-7975,390149.7872,222711.7939
3595,바우동물병원,경기도 안성시 공도읍 공도로 50,316570016,388521.3317,214761.2607
3596,메타 동물의료센터,"경기도 화성시 동탄문화센터로 75 (반송동, 서해더블루)",031-831-5508,410904.5668,206450.2889
3597,홍익메디칼동물병원,"경기도 화성시 우정읍 조암북로57번길 1, 1층",031-358-0200,398306.5187,183942.9372
3598,해솔동물병원,"경기도 화성시 동탄원천로 354-11, 106~107호 (능동)",8003-7595,412989.5914,205070.4451
3599,동탄중앙동물병원,"경기도 화성시 동탄대로시범길 146, 201호 (청계동)",031-373-7524,410942.2677,209977.4786
3600,동탄스케치동물병원,"경기도 화성시 지산2길 12-20, 101호 (영천동)",031-373-6307,411510.7618,209922.3663
3601,봉담우리애동물병원,경기도 화성시 봉담읍 동화새터길 5,031-293-0075,413495.2146,195740.8391
3602,나인동물의료센터,경기도 화성시 동탄산척로2가길 5 (산척동),031-376-9909,,
3603,수원화성오산축산농협 동물병원,경기도 화성시 팔탄면 노하길 122,031-8059-3797,405881.4859,186404.7634
3604,24시핸즈동물의료센터,"경기도 화성시 동탄대로 489, 201,202호 (오산동)",031-8677-2115,410613.1941,208653.3927
3605,동탄시티동물의료센터,"경기도 화성시 동탄지성로 126, 정일프라자 109호, 202호 (반송동)",031-8003-7533,411942.9803,205416.5011
3606,이루다 동물메디컬센터,"경기도 화성시 남양읍 남양로 839, 헤븐리2프라자 1층 110-112호",313577559,412114.518,185032.6223
3607,나무동물병원,"경기도 화성시 떡전골로 43, 1층 101-102호 (병점동)",031-226-7582,411211.1707,203110.6892
3608,S동물의료센터,"경기도 화성시 동탄지성로 112, 1층 (반송동)",3180033232,411884.6943,205536.7771
3609,아인스 동물병원,경기도 화성시 왕배산3길 17 (목동),3180558565,408899.0271,211044.6303
3610,청안동물병원,경기도 시흥시 삼미시장1길 19 (신천동),031-311-4148,437627.7782,180806.6472
3611,이로운 동물병원,"경기도 화성시 동탄순환대로 253, 203호 (산척동)",031-8055-8075,407611.8032,210443.6698
3612,힐링동물의료센터,"경기도 화성시 영통로 70, 대성프라자  2층 (반월동)",031-202-7512,414936.4138,205379.7261
3613,동탄24시동물의료센터,"경기도 화성시 동탄지성로 2, 206호 (반송동, 동탄 플래티넘)",031-613-7579,411458.9767,206491.1468
3614,리더스동물병원,"경기도 화성시 동탄대로시범길 148-22, 디스퀘어상가 203호 (청계동)",031-372-7550,410963.2271,210128.2136
3615,동탄호수동물병원,"경기도 화성시 동탄순환대로 127-19, 동탄에스비타운 206호 (산척동)",031-376-7800,407290.5072,209456.5907
3616,이음동물의료센터,"경기도 화성시 동탄대로6길 15, 201~204호 (산척동)",031-831-3513,407438.6794,209559.9438
3617,팜쉴드 동물병원,경기도 화성시 양감면 장승백이길 7-10,,396185.3675,192468.0034
3618,소망동물병원,경기도 화성시 남양읍 남양시장로55번길 37-3,031-356-1595,412068.0852,183869.8847
3619,조암동물병원,"경기도 화성시 우정읍 3.1만세로 69-5, 201호 (조암프라자)",,398065.4307,184000.7966
3620,화천동물병원,"강원특별자치도 화천군 화천읍 중앙로2길 40, 1층",,511415.1276,261669.5804
3621,우동물병원,경기도 화성시 우정읍 조암남로 22,351-3393,397939.8989,183748.3306
3622,베스트동물병원,"경기도 화성시 효행로 1036, 아시아빌딩 101호 (진안동)",,412371.6657,203542.4166
3623,고려동물병원,경기도 화성시 봉담읍 효행로291번길 6-2,031-225-00275,413357.4242,197662.2703
3624,서수원동물병원,경기도 화성시 봉담읍 진등1길 72,031-297-7556,413271.606,195528.0712
3625,위니펫동물병원,경기도 화성시 경기대로 1054 (진안동),225-2513,411952.2567,202952.7907
3626,동탄동물병원,경기도 화성시 동탄지성로 145 (능동),031-8003-8831,411974.7209,205196.6085
3627,숲속동물병원,경기도 화성시 동탄공원로1길 27 (반송동),031-8003-5999,411271.4637,205227.7803
3628,신동물메디컬센터,경기도 화성시 향남읍 행정서로2길 28-37,031-352-6633,403270.8105,192385.1132
3629,강남동물병원,"경기도 화성시 향남읍 행정죽전로1길 25, 102호",354-7844,402662.7241,192892.2073
3630,밴스(vans)동물병원,"경기도 화성시 지산1길 18-24, 1층 (영천동)",,411843.7536,210010.3372
3631,퍼스트동물병원,경기도 화성시 외삼미로 166 (반송동),031-8003-7596,410845.3357,205410.5855
3632,누리동물병원,"경기도 화성시 동탄솔빛로 64, 가희프라자2 1층 104호 (반송동)",8003-7588,410262.9793,206559.9433
3633,센트럴동물병원,"경기도 화성시 동탄지성로 102, 하나로프라자 (반송동)",8003-7520,411804.5088,205628.1131
3634,우정동물병원,경기도 화성시 우정읍 버들로 94,,397605.8379,182639.0814
3635,라파동물병원,"경기도 화성시 봉담읍 상리2길 55, 어반센터프라자 103호",031-278-1275,413703.3326,195217.5086
3636,장우진동물병원,"경기도 화성시 경기대로 990 (병점동, 화성 병점 에스케이 뷰)",238-8275,411446.4405,203346.2153
3637,스마트동물병원(병점점),"경기도 화성시 효행로 1035, 명민빌딩 1층 (진안동)",031-239-7582,412417.1807,203515.1198
3638,정남동물병원,경기도 화성시 정남면 서봉로 1119,031-354-8211,407032.8452,198514.9423
3639,반려마루 화성,경기도 화성시 마도면 마도공단로1길 181-15,031-8030-4371,408021.5745,181034.493
3640,수 동물병원,경기도 화성시 남양읍 매바위로 586,,406130.4319,182325.2368
3641,아시아동물병원,"경기도 화성시 양감면 은행나무로 224, 1층",,397497.0609,194786.6308
3642,보바인 동물병원,"경기도 화성시 향남읍 행정서로2길 2-19, 101호",,403184.9352,192305.7242
3643,24시동탄윌동물의료센터,"경기도 화성시 동탄반석로 156 (반송동, 동탄하이페리온)",031-831-3531,411164.1419,206282.0479
3644,파트너 동물의료센터,"경기도 화성시 동탄순환대로 708, 1동 204호 (영천동)",031-8055-8440,411794.2954,209731.9025
3645,24시배곧스마트동물의료센터,"경기도 시흥시 배곧3로 86, 센터프라자2 207, 208호 (배곧동)",031-432-1224,429834.3118,175971.2337
3646,시흥24시센트럴동물의료센터,"경기도 시흥시 정왕대로 174, 광개토빌딩1 2층 203호 (정왕동)",031-432-2475,427368.5408,176313.2852
3647,청산동물병원,경기도 화성시 우정읍 3.1만세로 29,351-2332,397850.6499,183680.1391
3648,현대동물병원,"경기도 화성시 남양시장로 38-4, 103호 (남양동)",,411868.3025,183361.1219
3649,손수의과병원,경기도 화성시 향남읍 3.1만세로 1126,,403546.343,191927.7784
3650,협동동물병원,경기도 화성시 봉담읍 진등1길 66,,413359.8043,195640.4426
3651,발안종합동물병원,"경기도 화성시 향남읍 삼천병마로 216, 중앙빌딩",353-8050,403375.4102,192015.5155
3652,홍익동물병원,"경기도 화성시 우정읍 조암북로57번길 1, 2층",358-6151,398306.5187,183942.9372
3653,한빛동물병원,경기도 화성시 남양읍 남양시장로 101,356-4311,412127.6385,183949.0662
3654,21세기동물병원,"경기도 화성시 동탄솔빛로 48, 103~104호 (반송동, 거택프라자)",8015-3178,410145.551,206445.026
3655,한마음동물병원,경기도 화성시 향남읍 삼천병마로 206,366-0990,403295.6196,191982.5261
3656,아마존동물병원,"경기도 화성시 봉담읍 와우로 89, 토마토오피스텔2 106호",613-3872,412473.2411,197750.1576
3657,중부동물병원,경기도 화성시 팔탄면 노하길 206,,406324.1295,187035.6727
3658,향남메디동물병원,"경기도 화성시 향남읍 발안로 113, 101~102호",359-8275,403321.4418,193089.319
3659,신천동물병원,경기도 시흥시 호현로22번길 27 (신천동),031-315-3727,437631.2925,181089.1836
3660,푸른동물종합병원,"경기도 시흥시 은행로 130, 102호 (은행동)",031-404-7588,437845.225,182228.0351
3661,능곡동물병원,"경기도 시흥시 승지로60번길 25, 111호 (능곡동,송죽센타프라자)",031-317-7234,429563.8699,183299.263
3662,애니온동물병원,"경기도 시흥시 군자천로 335, 2층 201,202호 (정왕동)",031-499-7991,427217.4886,176413.2012
3663,펫츠나라 동물병원,"경기도 시흥시 수인로 3376-1, 1층 (신천동)",031-314-0706,437704.1976,180804.9172
3664,24시위드동물병원(정왕동동물의료센터),"경기도 시흥시 정왕대로 230, 1층 107호 (정왕동, 제일프라자)",031-488-8075,427023.6991,176756.587
3665,목감동물병원,경기도 시흥시 동서로 1064 (조남동),031-482-7585,431321.1645,187525.2395
3666,정다운동물병원,"경기도 시흥시 중심상가로 146, 105호 (정왕동, 한일프라자)",031-498-7582,427223.9549,176178.3195
3667,숲속동물병원,"경기도 시흥시 삼미시장1길 39, 1층 (신천동)",031-317-8275,437701.0732,180628.3208
3668,호수동물병원,"경기도 시흥시 목감남서로 9-19, 103호 (조남동)",031-403-0075,430645.1398,186889.9943
3669,한결산업동물병원,경기도 용인시 처인구 백암면 근창로 38,,406935.1427,232873.2159
3670,그린펫동물병원,"경기도 안산시 단원구 광덕4로 180, 101호 (고잔동, 부원프라자)",408-4488,423639.9546,185094.7207
3671,배곧동물병원,"경기도 시흥시 배곧3로 96, 131호 (정왕동, M-플러스)",031-503-6611,429797.3948,176020.2676
3672,참누리동물병원,"경기도 시흥시 대은로 81, 102호, 201호 (대야동, 모비딕빌딩)",031-318-3375,438080.1941,181992.1914
3673,닥터원동물병원,"경기도 시흥시 마유로 416, 115~116호 (정왕동, 월드프라자)",031-432-6991,427759.6614,177008.2902
3674,시화종합동물병원,"경기도 시흥시 정왕대로 64 (정왕동,메가쇼핑몰(108,109호))",031-507-0082,428065.9363,175417.6567
3675,박한준종합동물병원,경기도 시흥시 복지로 47 (대야동),031-315-7582,437987.8854,181266.0896
3676,굿모닝동물병원,경기도 시흥시 군자로 511 (거모동),031-508-0555,426959.7153,180905.3052
3677,서울대동물종합병원,경기도 화성시 병점2로 9 (병점동),,411509.8372,203296.3269
3678,이지 동물병원,경기도 시흥시 비둘기공원로 21 (대야동),031-314-7975,438000.7662,181546.8323
3679,안산동물병원,경기도 안산시 단원구 화랑로 47 (원곡동),494-5164,425380.0482,181898.4878
3680,쥬쥬동물병원,"경기도 안산시 단원구 광덕대로 206, 103,104호 (고잔동,골든빌)",487-0275,423648.8431,184967.2658
3681,고대영동물병원,"경기도 안산시 상록구 예술광장1로 94, 1층동 102호 (성포동,정인프라자)",413-8275,424949.9713,186373.4961
3682,젠(Gen)동물병원,"경기도 성남시 분당구 양현로 479, 2층 (야탑동)",031-752-0075,434955.0217,211917.2803
3683,웰리스 클리닉,경기도 성남시 분당구 불정로 134 (정자동),031-711-1911,428535.6648,210542.5298
3684,세인트존스동물병원,"경기도 성남시 분당구 정자일로 197, 101호 (정자동, 푸르지오씨티 2차)",031-713-8391,429558.4065,209277.9069
3685,어니스트 동물병원,"경기도 성남시 분당구 운중로113번길 12-5, 1층 (운중동, MM하우스)",698-4789,432301.672,206685.1389
3686,중앙동물병원,경기도 성남시 수정구 수정로 139 (태평동),755-9429,437799.8632,211928.6242
3687,스타동물병원,"경기도 안산시 단원구 한양대학로 208, 2층,3층 103호,104호 (고잔동)",410-6125,423521.6336,185458.4862
3688,퍼피캣 동물병원,경기도 안산시 단원구 선부로 231 (와동),418-7582,426639.4674,184048.3556
3689,분당정자 동물병원,"경기도 성남시 분당구 정자일로 120, 119호 (정자동, 아데나루체 상가 )",712-7275,428760.4771,209368.7184
3690,세이브 동물병원,경기도 성남시 중원구 산성대로 336-3 (중앙동),735-5995,437889.7443,213549.0766
3691,우리들 동물병원,"경기도 성남시 분당구 야탑로 103, 노블리치2 오피스텔 2층 206호 (야탑동)",031-706-7588,434232.8997,211453.5855
3692,분당고은 동물병원,"경기도 성남시 분당구 매화로 40 (야탑동, 동륜빌딩)",703-6535,434346.5775,211808.7188
3693,도촌 동물병원,"경기도 성남시 중원구 도촌남로 37, 도촌프라자 2층 203호 (도촌동)",755-5975,434733.7869,213353.7153
3694,김정태동물병원,"경기도 안산시 상록구 본오로 133, 116호 (본오동, 우성상가)",409-7582,421755.0334,187967.1017
3695,대학동물병원,"경기도 안산시 상록구 예술광장1로 16, 109호 (월피동)",482-0075,425235.9627,186132.9481
3696,딜리동물병원,"경기도 성남시 분당구 성남대로 884-9, 101호 (야탑동, 라비앙오피스텔)",605-1275,434114.1916,211374.1212
3697,분당24시동물의료센터,"경기도 성남시 분당구 야탑로 24, 101호 (야탑동, 덕인빌딩)",605-5119,434054.7453,210697.3264
3698,조인트 동물병원,"경기도 성남시 수정구 위례광장로 320, 214호 (창곡동, 아이에스센트럴타워)",753-0303,441140.2017,212518.5591
3699,4u동물메디컬센타,"경기도 안산시 단원구 광덕대로 142, 102호 (고잔동, 크리스탈빌딩)",364-8220,423016.895,184915.885
3700,신흥동물병원,"경기도 성남시 수정구 수정로 226, 창진빌딩 (신흥동)",732-2423,438118.6985,212737.5078
3701,굿모닝펫 동물병원,"경기도 성남시 분당구 정자일로 55, 108-110호 (금곡동, 분당두산위브아파트)",715-7119,428148.4056,209250.8506
3702,엔젤동물병원,"경기도 성남시 분당구 성남대로171번길 17, 씨티밸리 101호 (금곡동)",031-713-5004,427682.3853,209393.1897
3703,아이펫동물병원,"경기도 성남시 분당구 장미로 78, 시그마3 105호 (야탑동)",781-7501,434607.0801,211400.2058
3704,굿데이동물병원,"경기도 성남시 분당구 불곡로 4 (정자동, 리더스프라자)",031-718-8276,428601.9094,210821.8359
3705,아이유동물메디컬센터,"경기도 성남시 수정구 위례광장로 5, 남위례역아이파크 301, 302호 (창곡동)",604-0975,440329.2646,212459.828
3706,위례나무동물병원,"경기도 성남시 수정구 위례동로 147, 106호 (창곡동, 위례건아타워)",031-778-8738,441176.2449,213207.6236
3707,금광동물병원,경기도 성남시 수정구 산성대로 431 (단대동),731-5511,438714.5795,213996.9809
3708,분당헤르쯔 동물병원,"경기도 성남시 분당구 돌마로 364, 현대제일상가 1층 17,18,19호 (수내동)",031-712-2795,429773.8405,210882.4311
3709,서울종합동물병원,경기도 성남시 분당구 불정로 381 (서현동),702-5323,430287.699,212039.1405
3710,한국동물병원,경기도 성남시 중원구 둔촌대로 155 (성남동),746-8990,436390.3995,211957.9206
3711,김동물병원,"경기도 안산시 상록구 화랑로 501, 1층동 103호 (성포동,예술프라자)",480-4474,424329.6597,186090.6022
3712,공원애견동물병원,"경기도 안산시 상록구 오목로 78 (본오동,1층)",419-7574,420901.775,188110.51
3713,위례중앙동물의료센터,"경기도 성남시 수정구 위례광장로 104, 위례 한화 오벨리스크 센트럴스퀘어 2241,2242호 (창곡동)",031-758-7599,441216.3704,212425.5601
3714,판교 P&P 동물병원,"경기도 성남시 분당구 서판교로 36, 104호 (판교동)",031-8017-5558,431991.0767,208600.2583
3715,24시 아프리카동물병원,"경기도 안산시 단원구 원포공원2로 35, 메가쇼핑타운1 105,106,107,110,111호 (초지동)",486-7533,422211.87,183400.7
3716,강남동물병원,경기도 성남시 중원구 광명로 341 (금광동),741-3012,438223.2836,214413.2744
3717,정자프라임동물병원,"경기도 성남시 분당구 내정로 58, 스포라이프 스포츠센타 111호 (정자동)",715-8203,429264.6353,210134.6379
3718,이플동물병원,경기도 성남시 수정구 복정로 35 (복정동),751-3985,439340.2919,211179.9307
3719,수 동물병원,전라남도 광양시 중마용소6길 9 (중동),,160540.0364,262811.2424
3720,서울동물병원,경기도 성남시 중원구 희망로 442 (금광동),721-2423,438041.174,213893.6249
3721,동물병원 돌봄,"경기도 성남시 분당구 서판교로 160, 101호 (판교동, 스타식스밸리)",8016-5559,433133.4815,208324.0486
3722,365동물병원 분당점,"경기도 성남시 분당구 미금일로90번길 32, 125호 (구미동)",718-0365,427437.2712,209717.5978
3723,힐링힐스 동물 치과병원,경기도 성남시 분당구 동판교로52번길 9-11 (백현동),031-708-0078,431705.6192,210156.2552
3724,분당필동물병원,경기도 성남시 분당구 금곡로15번길 1 (구미동),031-718-7575,426872.6156,209743.9135
3725,스칸디동물병원,"경기도 성남시 수정구 위례광장로 70, 상가동 2층 201호 (창곡동, 위례 아트리버 푸르지오 1단지)",031-759-7579,440923.1458,212427.2892
3726,그레이트 동물병원,"경기도 성남시 분당구 정자로 80, 1층 (정자동, 정자프라자)",031-716-7975,429016.7425,210010.1494
3727,미래동물의료센터,"경기도 성남시 분당구 서현로255번길 1, 1층 (서현동)",031-705-2475,431396.0575,211414.9752
3728,야탑서울동물병원,"경기도 성남시 분당구 벌말로 33, 206호 (야탑동, 일심조합상가)",0505-315-1234,434331.3753,212139.1792
3729,에버펫동물병원,"경기도 성남시 분당구 성남대로 165, 천사의도시1 오피스텔 121호 (금곡동)",031-714-1175,427639.8526,209524.6754
3730,서공동물병원,"경기도 성남시 분당구 내정로 170, 동신파크빌딩 204호 (수내동)",031-711-2244,430160.2073,210528.0144
3731,본오365동물병원,"경기도 안산시 상록구 석호로 302-1, 1층 (본오동)",437-0365,421268.86,187883.755
3732,반월동물병원,"경기도 안산시 상록구 건건로 117, 101,102호 (건건동)",407-0075,423261.2319,191477.1569
3733,한국동물선진의료연구소(KASMINE) 동물심혈관신장센터,"경기도 성남시 분당구 미금로 43, 정운빌딩 1층 (구미동)",031-716-9001,426124.7009,210206.5437
3734,분당우리동물의료센터,"경기도 성남시 분당구 양현로94번길 19, 새남서울조합상가 202호 (이매동)",031-705-0175,432126.8165,211107.2443
3735,메르시 동물병원,"경기도 성남시 분당구 운중로 255, 티에스로드2 201호 (판교동)",317070701,431939.4573,208031.7308
3736,쥬시동물병원,"경기도 안산시 단원구 광덕대로 145, 102호 (고잔동,강희그랜드빌)",410-9759,423072.67,184769.4976
3737,판교종합 동물병원,경기도 성남시 분당구 동판교로 122 (백현동),8016-7507,432348.0483,210456.9265
3738,판교 행복한 동물병원,"경기도 성남시 분당구 동판교로 226, 204, 205, 206호 (삼평동, 봇들마을4단지아파트)",8017-5575,433495.8355,210373.1028
3739,정원 양한방동물병원,"경기도 성남시 분당구 운중로 233, 201호 (판교동,한솔플라자)",707-7599,431998.3174,207808.0277
3740,정다운동물병원,"경기도 안산시 단원구 예술대학로 137, 덕성빌딩 201호 (고잔동)",482-5793,425270.9278,185583.6143
3741,삼성동물병원,경기도 안산시 단원구 원선로 57 (원곡동),494-1119,425330.453,182083.6443
3742,조이동물의료센터,"경기도 안산시 단원구 화랑로 103, 라성프라자 C동 2층 201호 (원곡동)",492-8555,425039.319,182294.9853
3743,남현우동물병원,"경기도 성남시 분당구 내정로173번길 11, 603동 139호 (수내동, 양지마을한양아파트)",717-7577,430307.0587,210421.2324
3744,나라 동물병원,"경기도 성남시 분당구 미금로 48, 오성프라자 113호 (구미동)",712-0707,426206.8043,210257.697
3745,시드니동물병원,경기도 성남시 수정구 태평로 10 (태평동),723-7508,438416.4515,211258.106
3746,동물은 내친구 동물병원,경기도 안산시 상록구 반석로 5 (본오동),416-0075,421744.5494,187624.0418
3747,우성동물병원,"경기도 성남시 분당구 돌마로 481, 분당우성프라자 (서현동)",707-1776,430637.3596,211698.5886
3748,수아동물병원,"경기도 성남시 분당구 판교로 446, 108호 (이매동, 그린프라자)",031-708-3100,433673.9887,210850.777
3749,수 동물병원,"경기도 성남시 분당구 운중로 141, 101-1호 (운중동)",8017-0130,432200.515,206920.1
3750,현대 동물병원,"경기도 성남시 분당구 성남대로 30, 111호 (구미동, 동아그린프라자)",718-7282,426267.5168,209626.9178
3751,우리펫동물병원,"경기도 안산시 단원구 신길로 8, 1층 104-1호 (신길동)",493-3535,425451.5445,181037.7273
3752,24시 온누리동물메디컬센터,경기도 안산시 단원구 광덕대로 251 (고잔동),487-7500,424142.2648,184842.5217
3753,동물사랑동물병원,"경기도 안산시 단원구 선부로 195 (선부동, 서울빌딩)",413-4402,426661.407,183686.9094
3754,꿈의동물병원,"경기도 안산시 단원구 광덕1로 159 (고잔동, 대림프라자 102호)",417-7581,422922.2758,184621.5543
3755,분당밝은아이동물병원,"경기도 성남시 중원구 성남대로997번길 51-16, 1층 (여수동)",031-754-0201,435001.0993,211079.3492
3756,25시 동물병원,경기도 성남시 중원구 산성대로504번길 1 (은행동),031-731-0025,439331.9095,214348.2737
3757,도란도란동물병원,경기도 안산시 상록구 용신로 266 (사동),408-8584,422346.9332,186802.1616
3758,가나동물병원,"경기도 성남시 수정구 수정로 160 (신흥동, 신흥상가)",721-7582,437823.4453,212126.0216
3759,쿨펫동물병원,"경기도 성남시 분당구 탄천상로151번길 20, 월드쇼핑,삼성SDA (구미동)",711-7509,426451.3589,209409.1602
3760,조은동물병원,"경기도 성남시 중원구 광명로142번길 3, 미래타운 B101호 (성남동)",741-1701,437272.0023,212689.7372
3761,아프리카 동물병원,"경기도 성남시 분당구 서현로 170, 풍림아이원플러스 108호 (서현동)",705-7776,431880.7858,210776.0482
3762,Dr. 오즈 동물병원,"경기도 성남시 분당구 분당로263번길 39, 109호 (서현동, 레이디파크)",701-8225,430004.4904,212344.8285
3763,분당중앙 동물병원,"경기도 성남시 분당구 중앙공원로39번길 49, 서현 지엔느 108호 (서현동)",031-708-8875,431309.2327,210978.4267
3764,건국 동물병원,"경기도 성남시 수정구 수정로 131, 109호 (태평동, 낙원스카이뷰)",031-721-4111,437775.7293,211845.2692
3765,우리동물병원,경기도 성남시 분당구 백현로156번길 17-2 (정자동),031-719-5725,429922.2448,210025.3459
3766,서현동물병원,"경기도 성남시 분당구 중앙공원로31번길 42, 서현파크플라자 1층 142호 (서현동)",707-3334,431230.6895,211043.7793
3767,모란동물병원,"경기도 성남시 중원구 성남대로 1126, 106호 (성남동, 매가프라자)",752-7779,436475.8835,211427.1317
3768,초이종합동물병원,경기도 성남시 수정구 시민로 159 (신흥동),758-7776,437807.1614,212589.2987
3769,분당파크뷰 동물병원,"경기도 성남시 분당구 정자일로 248, 112호 (정자동, 파크뷰상가)",031-713-2111,430300.5963,209395.1397
3770,AtoZ동물병원,"경기도 성남시 분당구 판교역로 145, 라스트리트2동 2층 213호 (백현동, 알파리움2단지)",031-8016-8206,432419.1618,209526.9629
3771,서현 동물병원,"경기도 성남시 중원구 성남대로 1110, 1층 (하대원동)",031-755-5095,436306.8986,211426.8418
3772,백현 동물병원,"경기도 성남시 분당구 동판교로52번길 6, 외 1필지(분당구 동판교로52번길 8) 1층 (백현동)",705-7511,431718.6785,210044.735
3773,이진수고양이병원,경기도 성남시 분당구 판교공원로5길 15 (판교동),726-7582,432008.6645,207883.8957
3774,이매 동물병원,"경기도 성남시 분당구 성남대로779번길 17, 1층 (이매동, 포티스빌딩)",703-7582,432985.3925,211123.5396
3775,24시 폴 동물병원,"경기도 성남시 분당구 성남대로 385, 102호 (정자동, 분당클리닉빌딩)",717-7558,429838.7066,209451.0803
3776,상록 동물병원,경기도 성남시 분당구 정자로 78 (정자동),716-8275,429016.5292,209985.5603
3777,에코바이오,경기도 성남시 중원구 산성대로420번길 3 (금광동),733-1330,438586.1608,214031.9558
3778,활기찬동물병원,"경기도 성남시 분당구 장안로 35, 성창빌딩 201호 (분당동)",781-7525,429791.7885,212608.5702
3779,최재호 한방동물병원,"경기도 성남시 중원구 둔촌대로63번길 11, 상가동 102호 (성남동, 성남여수엘에이치1단지)",031-722-2235,436560.1235,211023.7138
3780,펫 앤 쉘터 동물병원,"경기도 성남시 분당구 불정로 266, 2층 (수내동, 그린플라자)",714-8392,429456.0366,211239.6345
3781,아름동물병원,"경기도 성남시 분당구 성남대로779번길 52, 신흥코아 102호 (이매동)",706-7595,433051.775,210803.525
3782,성남동물병원,"경기도 성남시 중원구 둔촌대로 243, 3호 (하대원동)",752-7582,436296.3513,212773.1548
3783,진심동물내과심장병원,"대구광역시 수성구 동대구로 346, 상가동 4-1호 (범어동, 범어서한포레스트)",,263556.8469,346925.3768
3784,글로벌꿀벌동물병원,"광주광역시 북구 서암대로 188, 진선빌딩 2층 (신안동)",062-511-5007,185465.1843,191230.7048
3785,퍼피즌동물병원,"서울특별시 강남구 선릉로 636, 키스톤빌딩 1층 (삼성동)",02-541-2651,445664.7051,203734.2719
3786,개포동물병원,"서울특별시 강남구 개포로 512 (개포동, 개포종합상가 1층)",02-3412-7582,443010.28,206016.3899
3787,자연동물병원,서울특별시 강남구 개포로 260 (개포동),02-576-8275,441898.4531,204434.591
3788,서울동물심장병원,"서울특별시 강남구 언주로 542, PRODIGY TOWER 1~2층 (역삼동)",02-6203-7588,444942.8267,203543.6147
3789,수서동물병원,"서울특별시 강남구 광평로 196, 1층 109호 (수서동, 제이스프라자)",02-459-5955,442436.188,208235.2014
3790,압구정동물의료센터,"서울특별시 강남구 압구정로 226, 성수빌딩 103호 (신사동)",02-547-7588,447380.3865,202807.8506
3791,중계이오동물병원,"서울특별시 노원구 한글비석로 245 (중계동, 두타빌 A동 111,112호)",939-7579,460805.1521,206670.8165
3792,펫가든,서울특별시 노원구 노원로 330 (중계동),951-7707,460466.4407,206204.4451
3793,엔젤동물병원,서울특별시 노원구 동일로 1104 (공릉동),977-0275,458463.7118,206275.365
3794,은마로동물병원,"서울특별시 노원구 한글비석로 363, 종로약국 (중계동)",931-1575,461727.7088,206497.9622
3795,노원N동물의료센터,"서울특별시 노원구 노원로 408, (주)노원24시동물의료센터 1,2,4층 (상계동)",919-0075,461202.0041,205942.293
3796,메인동물병원,"서울특별시 노원구 동일로 1025, 1층 (공릉동)",02-979-8575,457696.8552,206460.0156
3797,스마트동물병원,"서울특별시 노원구 노원로 470, 1층 (상계동, 금녕빌딩)",02-952-7582,461788.2832,205733.0716
3798,키움 동물병원,"서울특별시 노원구 노원로1길 9 (공릉동, 해중빌딩)",02-949-7582,457764.278,207557.4224
3799,그린동물병원,"서울특별시 노원구 노원로 540 (상계동, 상계주공아파트 9단지상가)",02-936-0907,462120.5082,205171.3464
3800,고려동물병원,"서울특별시 노원구 덕릉로 738 (상계동, 정진145빌딩)",3391-0075,462339.3516,206658.4354
3801,웰니스 동물병원,"서울특별시 노원구 마들로3길 15, 월계이마트 2층 (월계동)",02-949-0975,458333.9892,205391.0704
3802,닥터스종합동물병원,"서울특별시 노원구 월계로 336, 상천빌딩 1층 (월계동)",02-905-7588,458534.5589,205036.7653
3803,미래동물병원,서울특별시 노원구 공릉로 168 (공릉동),949-5975,458076.0204,206999.1284
3804,우리들동물종합병원,"서울특별시 노원구 동일로 1280, 116호 (중계동, 시영2단지상가)",979-8275,460041.3395,205805.6216
3805,당고개동물병원,서울특별시 노원구 덕릉로 810-1 (상계동),02-932-7582,463118.0592,207362.5866
3806,참사랑동물병원,"서울특별시 노원구 한글비석로 272, 101호 (중계동, 중원코아빌딩)",02-938-1122,461042.6371,206777.8824
3807,참동물병원,"서울특별시 노원구 동일로 1530 (상계동, 다모아빌딩)",952-0089,462521.779,205053.3028
3808,한강동물병원,서울특별시 노원구 노원로34길 76 (상계동),935-7588,462233.0448,205760.0702
3809,청담동물병원,"서울특별시 강남구 도산대로50길 13, 논현빌딩 3층 (논현동)",02-543-4037,446597.0724,203262.2602
3810,수피아동물병원,"서울특별시 노원구 동일로192길 87, 1층 (공릉동)",971-7511,458375.202,206777.4829
3811,강남25동물병원,"서울특별시 강남구 학동로 235, 로이빌딩 (논현동)",02-545-8575,445930.4496,203025.9848
3812,논현동물병원,"서울특별시 강남구 강남대로118길 47, 1층 (논현동)",02-3442-3785,445031.9401,202300.5409
3813,시마동물병원,"서울특별시 노원구 동일로 1356, 상가동 2층 201호 (상계동, 상계주공4단지아파트)",908-7585,460856.2642,205421.1488
3814,보라매동물병원,"서울특별시 관악구 봉천로 239, 1층 (봉천동)",02-885-2130,443043.5504,193595.0709
3815,한성동물병원,서울특별시 관악구 신림로 265 (신림동),02-872-7609,441786.171,193902.7301
3816,양지동물병원,"서울특별시 관악구 남부순환로191길 6, 제이에스빌딩 1층 (봉천동)",02-874-3535,442576.9376,194128.5428
3817,신림종합동물병원,서울특별시 관악구 신림로 157-1 (신림동),02-877-5599,441211.9563,193994.5136
3818,러브펫종합동물병원,서울특별시 관악구 남부순환로 1429 (신림동),02-837-8875,442114.4556,191931.6769
3819,행복한동물병원,서울특별시 관악구 은천로 121 (봉천동),02-887-7179,442745.3153,195403.1855
3820,늘푸른동물병원,"서울특별시 관악구 난곡로 223-1, 1층 (신림동)",02-857-7572,441340.8809,192579.0392
3821,시온동물병원,서울특별시 강동구 천호대로 1057 (천호동),02-476-8275,448340.1668,211376.0449
3822,늘사랑동물병원,"서울특별시 강동구 고덕로 162, 101호 (명일동)",02-442-2223,450259.4649,212595.582
3823,하비동물병원,"서울특별시 도봉구 노해로65길 14, 1층, 지층 (창동, 영일빌딩)",2038-9980,461074.8346,204036.7622
3824,별난동물병원,"서울특별시 도봉구 도봉로 603, 1층, 지층 (쌍문동)",02-905-9119,461801.685,203487.015
3825,방학동물외과센터,"서울특별시 도봉구 도봉로 723, 3층 (방학동)",3494-0075,462967.4277,203742.0445
3826,이로동물의료센터,"서울특별시 관악구 남부순환로 1678, 1, 2층 (신림동)",02-887-1575,442448.5633,194342.2638
3827,트윈스동물병원,서울특별시 도봉구 도봉로110다길 20 (창동),906-7575,460332.7189,202904.724
3828,해봄동물병원,"서울특별시 도봉구 도봉로180길 28, 도봉투웨니퍼스트2단지 (도봉동)",954-6990,464460.3965,204120.9863
3829,태일동물치과병원,서울특별시 도봉구 해등로 184 (쌍문동),997-0075,461728.7315,203144.6232
3830,더블유동물병원,서울특별시 관악구 은천로 85 (봉천동),02-883-0007,442764.574,195041.4663
3831,와우 동물병원,서울특별시 마포구 월드컵북로 167 (성산동),02-375-1963,451640.6958,191960.9939
3832,날으는 동물병원,"서울특별시 마포구 마포대로11길 35, 공덕 메디힐스 지하1층 (공덕동)",02-2135-2225,449630.3603,195703.3497
3833,서울동물복지지원센터 동물병원,"서울특별시 마포구 매봉산로 31, S-PLEX CENTER 지하1층 (상암동)",02-2124-2832,452599.6324,190217.0443
3834,형제동물의료센터,서울특별시 관악구 남부순환로 1747-1 (봉천동),02-889-0575,442244.2661,194993.1797
3835,DS동물병원,"서울특별시 관악구 조원중앙로 3, 1층 (신림동)",02-837-0837,442021.6776,191443.3148
3836,와우종합동물병원,서울특별시 관악구 난곡로 247 (신림동),02-866-0880,441550.9271,192478.5287
3837,서울허브동물병원,"서울특별시 관악구 남부순환로 1811, 신원메트로빌 (봉천동)",02-875-7579,442172.892,195635.738
3838,서진동물병원,서울특별시 관악구 봉천로 236 (신림동),02-887-2165,442996.3449,193522.1385
3839,프렌즈동물병원,서울특별시 관악구 관악로 223 (봉천동),02-874-7585,442517.6411,195961.3646
3840,별빛안 동물병원,"서울특별시 관악구 봉천로 232, 1층 (신림동)",02-832-0081,443007.5278,193493.6282
3841,관악동물종합병원,서울특별시 관악구 남부순환로 1859 (봉천동),02-883-2733,441997.2148,196083.0284
3842,서울대학교 수의과대학 동물병원,"서울특별시 관악구 관악로 1 (신림동, 서울대학교)",02-880-8661,440670.3827,195663.0526
3843,조아동물병원,"서울특별시 금천구 금하로1라길 35, 1층 (독산동)",28071616,439076.4732,190230.72
3844,24시 글로리 동물병원,서울특별시 금천구 시흥대로 483 (독산동),02-855-8575,441622.9678,190933.4318
3845,금천 24시 K동물의료센터,"서울특별시 금천구 시흥대로 251 (시흥동, 도일산호시티빌)",02-808-2475,439333.4213,191041.2382
3846,비타민동물병원,서울특별시 관악구 인헌6길 8 (봉천동),02-875-7582,441322.636,196956.0128
3847,세계로동물의료센터,"서울특별시 관악구 남부순환로 1497, 1,2층 (신림동)",02-868-3931,442270.7636,192592.2098
3848,이층애 고양이동물병원,"서울특별시 마포구 월드컵로 46, 2층 (서교동)",02-3142-7298,450127.1867,192175.3084
3849,워너비 동물병원,서울특별시 마포구 동교로 193 (동교동),02-322-1275,450606.6841,193083.1527
3850,동물병원 닥터K,"서울특별시 마포구 월드컵북로 347, 1층 (상암동)",02-306-1259,452676.5474,190490.4264
3851,아프지말게 동물병원,"서울특별시 마포구 상암산로1길 24 (상암동, 월드컵파크 4단지 상가 113-2)",02-307-3355,452827.1506,190097.7918
3852,굿모닝 동물병원,"서울특별시 마포구 독막로 295 (염리동, 삼부골든타워106호)",02-711-3375,449161.45,195162.1047
3853,정동물병원,서울특별시 강동구 상암로 64 (천호동),02-474-7588,449622.8839,211441.1319
3854,웰케어동물병원,"서울특별시 마포구 월드컵북로 27, 이화빌딩 (서교동)",02-337-7575,450515.9007,192782.1114
3855,웨스턴 동물의료센터,"서울특별시 마포구 신촌로 110, 웨스턴5빌딩 지하 1,2층, 지상1~8층 (노고산동)",02-701-7580,450323.0059,194463.4253
3856,암사동물병원,"서울특별시 강동구 올림픽로 793, 내호빌딩 1층 (암사동)",02-3426-5079,449979.0122,211233.0856
3857,우리동생 동물병원,서울특별시 마포구 월드컵북로 92 (성산동),02-335-3333,451069.3892,192437.411
3858,닥터 호오 동물병원,"서울특별시 마포구 대흥로 24 (용강동, 서강빌딩(1~2층))",02-715-0075,448976.9837,194440.4949
3859,24시 산들산들 동물병원,"서울특별시 마포구 마포대로16길 7, 영지빌딩 2층 (아현동)",02-393-3588,449857.4233,196089.3068
3860,푸른숲 동물병원,"서울특별시 마포구 월드컵로 98 (서교동, 서현빌딩 1층)",02-335-7577,450573.6712,191913.1931
3861,행복한동물병원,"서울특별시 도봉구 도봉로 618, 108호 (창동)",996-8275,461894.6986,203616.9937
3862,365동물병원,서울특별시 도봉구 방학로 54 (방학동),02-6402-0365,462287.5116,204021.3916
3863,사랑이있는동물병원,서울특별시 강동구 구천면로 446 (명일동),02-428-7893,449677.1592,212967.3269
3864,더조은 동물의료센터,"서울특별시 금천구 시흥대로 172, 서우빌딩 (시흥동)",802-2811,438600.4096,191374.584
3865,방주동물의료센터,"서울특별시 강동구 양재대로 1299, 1층 (성내동)",02-476-3927,446699.1961,211745.0181
3866,올바른동물병원,"서울특별시 강동구 올림픽로 787, 1층 (암사동, 태성프라자)",02-428-1661,449919.9804,211216.3591
3867,나루동물병원,서울특별시 광진구 아차산로 537-17 (광장동),457-7582,448995.8084,208729.1704
3868,다온동물병원,서울특별시 광진구 면목로 142 (중곡동),499-7582,451521.8242,207128.8984
3869,자양동물병원,서울특별시 광진구 뚝섬로52길 4 (자양동),456-0975,447730.4164,206943.8949
3870,드림펫 동물병원,"서울특별시 광진구 능동로 407, 2층 (중곡동)",464-7588,451464.2671,207333.6398
3871,로얄동물메디컬센터w,서울특별시 마포구 월드컵로 46 (서교동),02-323-8275,450127.1867,192175.3084
3872,박효리군 동물병원,서울특별시 마포구 포은로 64 (망원동),02-326-0275,450074.0837,191672.3438
3873,도화동물병원,서울특별시 마포구 삼개로 28 (도화동),02-712-8875,448398.4461,195267.8847
3874,아이엠 동물병원,"서울특별시 마포구 양화로 72, 효성해링턴타워 101동 제1층 121,122호 (서교동)",02-338-2475,449840.2342,192571.3982
3875,공덕 건강한 동물병원,"서울특별시 마포구 만리재로 15, 제일빌딩 108, 109호 (공덕동)",02-701-0705,449145.5788,195748.0644
3876,힐링동물병원 &  건강검진센터,"서울특별시 마포구 백범로31길 7, 101동 104,105호 (공덕동, 공덕SK리더스뷰)",02-713-8275,449263.2176,195405.1577
3877,노룬산동물병원,서울특별시 광진구 뚝섬로 462 (자양동),464-2748,448294.6652,205390.4633
3878,김태화동물병원,"서울특별시 강동구 천호대로 1186, 원경빌딩 102호 (둔촌동)",02-486-4252,447977.5928,212589.7435
3879,사당동물병원,서울특별시 동작구 남부순환로 2051 (사당동),02-586-8275,441627.4366,197865.1538
3880,해태동물병원,서울특별시 강동구 동남로73길 26 (명일동),02-427-5685,450119.1683,213607.0806
3881,현대종합동물병원,서울특별시 강동구 구천면로 238 (천호동),02-488-3703,448831.5211,211494.4541
3882,CH동물병원,서울특별시 강동구 구천면로 322 (천호동),02-488-7510,449541.3756,211916.2289
3883,안단테 동물의료센터,"서울특별시 강동구 양재대로 1603, 약제빌딩 1층 (천호동)",02-476-7582,449625.3061,212597.7852
3884,고덕 고래힐동물병원,"서울특별시 강동구 아리수로50길 50 (고덕동, 래미안힐스테이트고덕 상가 2층 212,213호)",02-441-5515,450751.5243,212926.0899
3885,강동24시 SKY 동물의료센터,서울특별시 강동구 천호대로 1122 (성내동),02-472-7579,448022.0784,211949.3894
3886,돌봄동물병원,"서울특별시 강동구 고덕로 133, 2층 (암사동, 강동롯데캐슬퍼스트아파트)",02-426-2775,450346.7907,212334.9585
3887,닥터표동물병원,"서울특별시 강동구 올림픽로 566, 1층 (성내동)",02-484-4063,447767.9677,210666.5445
3888,두루동물병원,서울특별시 강동구 구천면로 498-1 (명일동),02-442-7772,449651.3232,213510.6762
3889,강동동물병원,서울특별시 강동구 양재대로 1532 (길동),02-472-7343,448911.5889,212473.8301
3890,둔촌동물병원,서울특별시 강동구 양재대로 1385 (성내동),02-474-5100,447526.5545,212003.8855
3891,동물병원 공감,"서울특별시 강동구 양재대로 1609, 조희빌딩 1층 (천호동)",02-484-7975,449677.003,212605.5001
3892,스마트동물병원군자점,서울특별시 광진구 능동로43길 3-5 (중곡동),02-464-7582,450953.281,207107.9286
3893,다래동물병원,서울특별시 강동구 구천면로 289 (천호동),02-474-0117,449296.3224,211723.3686
3894,프라임동물병원,서울특별시 광진구 아차산로 451 (구의동),457-0292,448564.9925,208060.4678
3895,동서울동물병원,서울특별시 광진구 아차산로 493 (광장동),444-7533,448842.2326,208431.9276
3896,피카소동물병원,서울특별시 광진구 광나루로 392-1 (화양동),467-3673,449450.171,206405.8447
3897,용마동물병원,서울특별시 광진구 용마산로 66 (중곡동),446-2349,450809.0283,207695.4807
3898,중곡동물병원,서울특별시 광진구 긴고랑로 47 (중곡동),462-5595,451166.3512,207137.4686
3899,방주종합동물병원,서울특별시 광진구 능동로 334 (중곡동),454-9975,450786.4207,207082.1965
3900,광진동물의료센터,서울특별시 광진구 광나루로 507 (구의동),457-4545,449223.7496,207526.5902
3901,이다종합동물병원,서울특별시 광진구 뚝섬로 504 (자양동),463-7075,448175.1873,205770.3813
3902,나래동물병원,서울특별시 광진구 능동로 283 (군자동),463-3216,450344.7996,206836.098
3903,보람동물병원,서울특별시 광진구 군자로 84 (군자동),465-7582,449808.4901,206218.5991
3904,애플동물병원,서울특별시 광진구 천호대로 642-1 (능동),455-0077,450105.9138,207733.2662
3905,로엘동물병원,서울특별시 광진구 뚝섬로 622-1 (자양동),457-8575,447758.903,206893.8435
3906,해맑은동물병원,서울특별시 광진구 뚝섬로 670 (자양동),02-6954-7582,447708.9397,207349.5107
3907,GD동물병원,"서울특별시 강동구 상일로 13, 1,2층 (상일동)",02-429-8822,449568.5218,215227.4092
3908,길종합동물병원,"서울특별시 강동구 천호대로 1199, 1층 104호 (길동)",02-484-0075,448106.911,212670.29
3909,세종동물병원,서울특별시 강동구 구천면로 237 (천호동),02-484-8414,448840.0684,211455.5291
3910,가나동물병원,서울특별시 강동구 고덕로 101 (암사동),02-441-8588,450302.952,212011.1972
3911,로얄 도그앤캣 메디컬센터,"서울특별시 광진구 능동로 49 (자양동, 영지빌딩)",468-6612,448175.9174,205969.966
3912,광진24시필동물병원,"서울특별시 광진구 광나루로56길 66, 201, 202호 (구의동)",02-446-8175,448490.2392,208403.7461
3913,쿨펫동물병원,"서울특별시 광진구 아차산로 272 (자양동, 이마트 자양점)",02-2024-1253,448396.9397,206349.675
3914,연두동물병원,서울특별시 광진구 광나루로 524 (구의동),24550975,449166.0737,207679.129
3915,건국대학교 부속 동물병원,서울특별시 광진구 능동로 120 (화양동),450-0472,448922.8817,206445.8811
3916,쥬라기동물병원,서울특별시 강동구 올림픽로 703 (천호동),02-488-7463,449118.3943,210994.4857
3917,쥬라기동물병원,서울특별시 광진구 광나루로 601 (광장동),455-7570,448875.2865,208344.9129
3918,서울동물병원,"서울특별시 광진구 천호대로 623-1, 1층 (중곡동)",2038-8253,450257.0445,207624.5568
3919,준동물병원,서울특별시 광진구 뚝섬로 541 (자양동),457-2220,448076.7207,206150.6555
3920,서울어린이대공원동물병원,서울특별시 광진구 능동로 216 (능동),450-9372,449705.6764,207139.2041
3921,열린24시동물병원,서울특별시 강동구 양재대로 1508(길동),02-487-7575,448670.0483,212411.9719
3922,박형우동물병원,"서울특별시 강동구 올림픽로 568, EMK빌딩 2층 (성내동)",02-488-8275,447779.7148,210670.3699
3923,파라곤동물병원,"서울특별시 광진구 광나루로 361, 2동 103호 (군자동, 광진동양파라곤)",02-498-7588,449581.2499,206091.9386
3924,맑은 동물병원,"서울특별시 동대문구 청계천로 417, 108호 (신설동, 청계천 대성 스카이렉스1)",02-2234-1379,452190.1004,202042.8173
3925,그린동물병원,"서울특별시 동대문구 정릉천동로 58, 1층 125호 (용두동, 롯데캐슬피렌체)",02-957-7075,452766.0142,203085.8668
3926,엘동물병원,서울특별시 동대문구 고산자로 393-5 (용두동),02-3295-3927,452487.0427,203254.5201
3927,제연동물병원,서울특별시 동대문구 답십리로 77 (전농동),02-2242-7975,452538.1419,204313.8695
3928,VIP동물의료센터 동대문점,서울특별시 동대문구 한천로14길 87(장안동),02-2215-7522,451571.3518,205899.907
3929,페트로동물의료원,서울특별시 동대문구 답십리로63길 1(장안동),02-2249-7600,452287.8441,205911.322
3930,하나동물병원,서울특별시 동대문구 망우로 66 (휘경동),02-6242-7500,454133.1918,205314.4792
3931,봄봄동물병원,서울특별시 동대문구 회기로18길 46 (회기동),02-969-7579,454227.3044,204704.0341
3932,아띠동물의료센터,서울특별시 동대문구 사가정로 51 (전농동),02-6242-8275,452384.4617,204553.4584
3933,스마트동물병원,"서울특별시 동대문구 한천로 164, 1층 (장안동)",02-2242-0175,452581.9978,205908.8984
3934,바론동물병원,"서울특별시 동대문구 이문로 136, 2층 208호 (이문동, 이문동 웰츠타워)",02-965-0075,455131.6832,205396.3637
3935,더케이동물병원,"서울특별시 동대문구 답십리로 140, 세기프라자 2층 211호 (답십리동)",02-2213-8875,452243.877,204845.8743
3936,하이유 동물병원,서울특별시 동대문구 전농로 15-3 (답십리동),02-2242-7510,451594.3325,204869.6881
3937,심재웅동물병원,서울특별시 동대문구 망우로 120 (휘경동),02-2244-7755,454312.287,205804.989
3938,박철환동물병원,서울특별시 동대문구 사가정로 221 (장안동),02-2244-7479,452959.773,206086.5914
3939,뉴월드동물병원,"서울특별시 동대문구 한천로 94, 1층 (장안동)",02-2212-5233,451925.9077,205631.5646
3940,그랜드동물병원,서울특별시 동대문구 전농로 77(답십리동),02-2214-6129,452169.7813,204974.8297
3941,애니케어동물병원,서울특별시 동대문구 이문로 80 (이문동),02-967-0877,454637.822,205129.3653
3942,푸른종합동물병원,"서울특별시 동대문구 홍릉로 48-1, 1층 (청량리동)",02-963-7582,453587.7078,203823.0185
3943,장평25시동물종합병원,서울특별시 동대문구 장한로 139 (장안동),02-2215-2022,452292.4491,206237.1581
3944,안암동물병원,"서울특별시 동대문구 안암로 40, 1층 (용두동)",02-925-3686,453139.0551,202296.947
3945,주주동물병원,서울특별시 동대문구 사가정로 121 (전농동),02-2244-1081,452842.9271,205096.0319
3946,디아크동물병원,서울특별시 동대문구 홍릉로 64-1 (청량리동),02-960-7501,453738.4941,203775.3468
3947,원 동물병원,"부산광역시 북구 금곡대로 287, 삼한골든뷰 2층 202,203호 (화명동)",051-333-7584,194624.5038,383206.814
3948,Dr.K 종합동물병원,"충청남도 아산시 둔포면 아산밸리남로 81, 815동 102-103호 (아산테크노밸리이지더원8단지아파트)",,379908.319,204874.5804
3949,상문동물병원,"경상남도 거제시 상동5길 19, 106호 (상동동)",055-633-7582,153349.7501,349526.031
3950,흥해동물병원,"경상북도 포항시 북구 흥해읍 흥해로 26-1, 3층",,292284.6347,411139.9461
3951,청북 햇살동물병원,"경기도 평택시 청북읍 안청로2길 33-2, 105,106호",031-684-8779,390763.2134,192619.3256
3952,괴산증평축협동물병원,충청북도 괴산군 괴산읍 읍내로2길 39 (괴산증평축협),043-833-8869,367693.3715,270610.1487
3953,숲속동물병원,"경기도 용인시 처인구 남사면 한숲로 45, 한숲스퀘어옐로우 A동 113호",,405681.6849,215047.7248
3954,Dr.G 동물병원,"인천광역시 강화군 선원면 중앙로 100, 희년빌딩 106호",,470483.3176,154815.1418
3955,코지동물의료센터,인천광역시 남동구 앵고개로 944 (논현동),423-7588,433403.2618,176505.8848
3956,가경 나음 동물병원,"충청북도 청주시 흥덕구 서현로 90, 스카이타워 1층 (가경동)",236-7975,346481.6052,238608.8277
3957,혁신동물의료센터,"경상남도 진주시 영천강로 172, 211호 (충무공동)",557941030,187223.4236,303745.6376
3958,아이원 동물병원,"서울특별시 동대문구 전농로 80, 1층 (답십리동)",02-2217-8930,452185.8241,205018.2104
3959,마음을 읽어주는 마음동물병원,"대구광역시 수성구 화랑로 16, 1층 (만촌동)",053-741-7474,264317.9524,347251.0081
3960,동물병원알루,"서울특별시 송파구 법원로4길 6, 문정아이파크 128-9호 (문정동)",02-402-3270,,
3961,해솔 동물병원,대구광역시 북구 신암로 73 (대현동),539597775,265422.0565,345209.0538
3962,레이크동물의료센터,"충청남도 천안시 서북구 성성8로 4, 센텀빌딩 2층 (성성동)",041-621-5000,370929.8008,211412.6518
3963,초원동물병원,"경기도 양평군 양서면 경강로 1055-22, 가동",,445624.3412,235395.7925
3964,항동푸른숲동물병원,"서울특별시 구로구 항동로3길 4, 와이제이프라자 104, 204호 (항동)",220887578,442097.1354,184418.0953
3965,더원동물의료센터,부산광역시 부산진구 새싹로 218 (초읍동),051-808-5550,188193.2817,386576.1236
3966,울산 잘하는동물메디컬센터,"울산광역시 북구 박상진11로 1, 203,204,205호 (송정동)",052-713-7582,235960.4524,414148.3858
3967,명성동물병원,"경기도 과천시 삼부골로 26, GT Motors 1층 (주암동)",,438305.7598,201928.2793
3968,안심 동물의료센터,"경기도 구리시 검배로 61, 1층 (수택동)",031-569-8875,454949.8073,212793.6143
3969,루아동물병원,"경기도 화성시 향남읍 상신하길로298번길 7-21, 1동 211호",031-352-0002,401495.4368,192141.2896
3970,소사랑 동물병원「산업동물 출장진료 전문」,경기도 이천시 설성면 설장로16번길 68-47,,403034.5331,246229.9953
3971,하랑동물의료센터,"경기도 남양주시 경춘로 470, 1,2층 (다산동)",031-522-6767,456382.048,214515.2859
3972,서울종합동물병원방배,"서울특별시 서초구 방배로19길 19, 1층 (방배동)",02-6925-2225,442528.8931,199403.0524
3973,생생동물병원,"충청남도 공주시 국고개길 48, 1층 2호 (옥룡동)",,328249.4817,211533.7209
3974,오리진 동물피부과병원,"부산광역시 수영구 광안해변로370번길 9-8, 블루오션 3층 (민락동)",051-753-7582,186131.0946,394369.8731
3975,청송동물병원,"경상북도 청송군 진보면 진보로 135, 2층",,338355.4524,383217.6513
3976,24시송도오케이동물의료센터,"인천광역시 연수구 인천타워대로 365, B동 301~306호 (송도동, 힐스테이트 송도 더스카이)",032-832-7975,433287.0059,167026.1438
3977,대디동물병원,"부산광역시 부산진구 동평로 173, 207,208호 (부암동, 협성휴포레시티즌파크아파트)",518065000,187219.3063,386480.1877
3978,24시 당신의 동물의료센터,"경기도 수원시 장안구 천천로 100, 시네마타워 104호, 202호 (천천동)",031-268-6575,422075.1568,198520.4175
3979,삼포동물병원,"경기도 과천시 경마공원대로 107, 한국마사회 (주암동)",02-509-1944,438412.7417,201414.2905
3980,플러스동물메디컬센터,"서울특별시 영등포구 양평로12가길 14, 르네상스 한강 오피스텔 1층 103호 (양평동4가)",,448289.6179,191060.6883
3981,포인트동물의료센터,인천광역시 미추홀구 낙섬중로 78 (용현동),032-882-8275,439215.5298,168071.337
3982,구구동물병원,"부산광역시 동구 중앙대로 502, 코드코 빌딩 2층 (범일동)",051-638-9977,184043.5878,387393.5163
3983,가축유전자원센터 동물병원,"경상남도 함양군 서상면 덕유월성로 224, 가축유전자원센터",055-960-3500,246780.6232,262097.4227
3984,앤(N)고양이병원,"서울특별시 노원구 노원로 408, (주)노원24시동물의료센터 3층 (상계동)",070-4351-3854,461202.0041,205942.293
3985,채움동물병원,"경기도 수원시 영통구 동탄지성로 550-24, 영통 플래티넘베이스 비 204호 (망포동)",031-548-2582,415445.7787,204310.7447
3986,웰동물병원,"부산광역시 금정구 금강로403번길 1, 2층 (구서동)",051-515-7272,195823.1149,389908.8959
3987,치료해 주오,"서울특별시 중랑구 동일로 925, 3층 (묵동)",949-7577,456738.4412,206712.6457
3988,다나동물병원,전라남도 영암군 영암읍 영암로 1552,,144054.6647,172470.4168
3989,동물병원 움,서울특별시 은평구 불광로 59(불광동),02-6956-7599,456670.8458,193901.0542
3990,우성동물병원,"인천광역시 연수구 청량로113번길 32, 2층 (옥련동)",,435123.896,169228.114
3991,고흥종합동물병원,전라남도 고흥군 고흥읍 고흥로 1663,061-832-7582,122727.6451,225529.7639
3992,고양이병원 소설,"경기도 성남시 수정구 창업로 17, F동 309,310,311호 (시흥동)",031-8039-5382,434443.1121,208613.866
3993,한결동물병원,"경기도 하남시 아리수로 570, 효성헤링턴타워더퍼스트 1층 1090, 1091호 (망월동)",031-8027-8080,451631.468,216753.0718
3994,브이동물메디컬센터,"제주특별자치도 제주시 노형14길 14, 1층 (노형동)",064-803-0038,-1196.157468,151570.8266
3995,도그마루 동물병원,"서울특별시 송파구 석촌호수로 104, 1층 (잠실동)",070-4349-3357,445064.4879,207751.1281
3996,양지가축동물병원,서울특별시 강동구 천호대로191길 6(길동),02-478-2208,448138.4015,212700.3161
3997,나우동물메디컬센터 신불당본원,"충청남도 천안시 서북구 불당22대로 79, 강남타워 1,2층 101~106,202~203호 (불당동)",041-414-2676,368325.0508,209535.543
3998,화순축협 동물병원,전라남도 화순군 화순읍 광덕로 6-21,,171748.1981,199446.337
3999,힐동물병원,"서울특별시 강동구 동남로49길 60-4, 102호 (둔촌동)",,447860.8593,212895.2814
4000,청사동물메디컬센타,"대전광역시 서구 한밭대로 701, 107, 108호 (월평동, 갤러리빌 럭스)",042-488-7999,317549.3397,233758.5549
4001,하수의과병원,경상북도 경주시 안강읍 구부랑길 52,,280206.424,398029.6696
4002,지축오투동물의료센터,"경기도 고양시 덕양구 지축로 86, 207~208호 (지축동)",23810275,,
4003,안산 반함동물의료센터,"경기도 안산시 단원구 화랑로 122, 상가2동 219-222호 (원곡동)",314947975,,
4004,맥스동물병원,경상북도 포항시 북구 신광면 토성길 41-1,,294366.149,403682.7398
4005,진접솔동물병원,"경기도 남양주시 진접읍 금강로 1557, 101~103호",031-574-1112,469716.7901,216945.7391
4006,시니어 동물병원,"서울특별시 서초구 서초중앙로 45, 서초레몬 2층 201호 (서초동)",02-521-0525,442621.2761,201296.3982
4007,온정동물병원,"부산광역시 동래구 안연로 72, 동림빌딩 1층 (안락동)",051-531-8275,190292.6509,391100.1762
4008,영광동물병원,전라남도 영광군 군서면 천년로 1275-17,613522315,196029.889,153235.4968
4009,지안동물의료센터,"경상남도 진주시 진주대로 881, 2층 (강남동)",055-754-0079,187198.6292,299279.5748
4010,리베동물메디컬센터,"서울특별시 송파구 삼전로 56, 1~4층 (삼전동)",02-6953-7502,444619.911,207700.7777
4011,황수의동물병원,경상북도 포항시 북구 기계면 자조길 19,,287913.9792,399174.907
4012,광주동물병원,"전라남도 해남군 북평면 달량진길 25-1, 광주동물병원",,101053.1963,165650.9843
4013,모코동물의료센터,"인천광역시 계양구 오조산로 53, 연세차메디칼센터 103호 (계산동)",032-548-1101,448179.6327,176796.6635
4014,한국동물병원,전라남도 보성군 보성읍 일림로 1567,,139076.5783,205163.2312
4015,대한동물병원,"경기도 화성시 우정읍 버들로 110, 107호",,397664.7142,182460.0223
4016,이든동물병원,"대구광역시 북구 동북로 254, 1층 (복현동)",053-939-1175,267231.3275,346059.3668
4017,미래동물병원(산업동물진료),경상남도 사천시 축동면 배춘1길 6-15,,178087.3745,299807.6628
4018,이솝동물병원,"경기도 화성시 남양읍 남양천로 17, 상가동 106호 (화성남양시티프라디움3차아파트)",031-357-3776,411948.9362,184009.3489
4019,으뜸원동물병원,"경상남도 통영시 여황로 399-4, 104호 (북신동, 진우일성타운)",,151809.5821,330236.6847
4020,모아동물병원,전라남도 영암군 군서면 구림로 26,,140492.6224,166012.5729
4021,정자현대동물병원,"경기도 성남시 분당구 성남대로331번길 3-13, 대명제스트빌딩 5층 (정자동)",031-714-9978,429151.982,209469.3735
4022,동편동물혈액검진센터,"서울특별시 서초구 동작대로 20, 3층 (방배동)",02-588-8661,441782.3048,198345.2799
4023,팜스플랜동물병원 경기북부센터,"경기도 포천시 영중면 호국로 3042, 다동 104호",031-535-9533,501292.7842,221681.592
4024,허그동물의료센터,"부산광역시 북구 금곡대로 366, 대진빌딩 1층 (화명동)",051-714-5251,195388.5103,383283.3027
4025,야로동물병원,"경상남도 합천군 야로면 가야산로 350-11, 1호",,245718.4681,305816.7329
4026,중산동물메디컬센터,"경기도 고양시 일산서구 고봉로 299, 1,2층 (일산동)",319768939,464853.379,180284.9852
4027,이든동물병원,충청북도 진천군 이월면 중미로 471,,380336.9831,241323.7023
4028,회인동물병원,"충청북도 보은군 회인면 회인로 59, 소매점",,332591.3716,253471.9888
4029,아이안 동물의료센터,"서울특별시 강동구 고덕로 262, 고덕역 효성해링턴 타워 더퍼스트 122,123호 (명일동)",02-441-2202,450274.3825,213593.1379
4030,안심동물병원,충청북도 청주시 서원구 남이면 청남로 1486-3,,341527.1992,240692.218
4031,아람동물의료센터,"인천광역시 서구 발산로 6, 아인시티 주차타워 2층 201~3호 (원당동)",032-866-1111,,
4032,포포동물병원,"서울특별시 성북구 보문로 51, (주)참존글로벌워크 1층 (보문동7가)",02-922-7555,453075.56,201873.0764
4033,행복드림 동물병원,"부산광역시 해운대구 삼어로 61, 201호 (반여동, 우방신세계아파트)",,191419.5175,392600.0999
4034,소나무동물메디컬 센터,"인천광역시 계양구 안남로519번길 4, 101동 1층 101호 (효성동, 효성동메트하임)",032-556-9990,447539.6911,174370.8522
4035,뉴욕동물병원,"경기도 성남시 분당구 미금로 45, 진도훼미리프라자 211호 (구미동)",,426176.3376,210194.6954
4036,더벳한남동물병원,"서울특별시 용산구 이태원로 227, 1층 (한남동)",02-6956-2280,448157.3162,199826.5328
4037,일광해빛동물병원,"부산광역시 기장군 일광면 해빛6로 85-4, 스타타워Ⅱ 3층 301,302호",517217975,198486.9329,402594.2917
4038,퍼스트동물병원,"경기도 안양시 동안구 경수대로 597, 영신빌딩 2층 202호 (호계동)",031-360-0818,430410.6522,196027.5565
4039,24시노아동물메디컬센터,광주광역시 동구 독립로 292 (대인동),062-222-0075,184186.4985,192012.5483
4040,하나로 동물병원,경기도 연천군 연천읍 차옥로 78,,510938.6112,206930.8686
4041,시그널동물병원,"서울특별시 영등포구 신길로 119, 112동 비103호,비104호,비105호 (신길동, 신길뉴타운 한화 꿈에그린)",02-832-7505,444531.7292,191937.5546
4042,놀로동물행동클리닉,"서울특별시 강남구 삼성로133길 7, 베디베로스퀘어 5층 (청담동)",02-2237-7582,446357.6167,204264.724
4043,경북동물병원,경상북도 고령군 대가야읍 왕릉로 66,,248047.2651,314363.3143
4044,태원동물병원,"경상북도 구미시 선산읍 선주로9길 25, 구미선산 주공아파트 105동 102호",,305747.3315,316215.3879
4045,24시 온동물의료센터,부산광역시 부산진구 동성로 152 (전포동),051-819-6061,186682.8442,387881.1591
4046,나래동물의료센터,"경기도 화성시 여울로4길 46, 2층 (능동)",316137509,412714.3336,204885.8884
4047,서울하은동물병원,"경기도 고양시 덕양구 꽃내음1길 128, 101호 (향동동)",02-6951-0275,455291.087,190218.307
4048,태산동물병원,"경상북도 문경시 신흥4길 5, 1층 (흥덕동)",,344959.2941,307839.111
4049,하군이네 동물병원,"경기도 오산시 대호로 63, 휘러스빌딩 401호 (궐동)",031-8055-7803,406040.7289,204824.5415
4050,헤아림동물병원,부산광역시 동래구 충렬대로 288 (낙민동),051-555-1125,190985.686,390306.7341
4051,구피동물병원,충청남도 서산시 남부순환로 1028 (예천동),,363084.4601,151053.9092
4052,국립생태원 멸종위기종복원센터,"경상북도 영양군 영양읍 고월길 23, 국립멸종위기종복원센터",054-680-7451,351799.2875,392603.0437
4053,팜스플랜동물병원(출장전문),"경기도 양평군 양평읍 중앙로 53, 1층 103호",031-771-9533,443857.5612,243726.8738
4054,리안 동물병원,"부산광역시 해운대구 달맞이길 58, 2층 (중동)",051-747-1275,186818.8506,397748.0983
4055,올치동물병원,"광주광역시 북구 하서로 477, 지플레이스 본촌2 108,109,110호 (본촌동)",062-716-5775,190898.665,188732.4793
4056,탑동물병원,"경기도 고양시 덕양구 토당로 4, 103호 (토당동)",,457246.3362,184411.9135
4057,지음동물의료센터,"경기도 성남시 중원구 광명로 321, 정성빌딩 1층 (금광동)",031-735-0922,438149.9161,214217.8885
4058,진건동물병원,경기도 남양주시 진건읍 사릉로 411-2,,461571.9816,215682.1841
4059,치료해주오,"경기도 광명시 금하로 464, 메이저리치안빌딩 2층 208호 (소하동)",02-6951-1432,438486.0289,189670.337
4060,온 동물의료센터,"경기도 용인시 기흥구 용구대로2394번길 2, 2층 201,202호 (마북동)",312867582,421985.2089,209477.0039
4061,파파동물병원,"서울특별시 서초구 신반포로23길 30, 반원상가 1층 109호 (잠원동)",02-2039-9780,445174.1939,200246.2551
4062,VIP동물의료센터 청담점,"서울특별시 강남구 삼성로133길 7, 베디베로스퀘어 2,3,4층 (청담동)",02-511-7522,446357.6167,204264.724
4063,魏동물병원,경상북도 울진군 울진읍 울진북로 637-12,,391793.934,413564.5428
4064,선동물병원,"경기도 포천시 가산면 가산로309번길 1, 6호",,482567.0819,216109.8687
4065,24시 리본동물의료센터,"부산광역시 동래구 충렬대로 194, 동림빌딩 2층 (명륜동)",051-711-0006,191276.3279,389439.9718
4066,차암동물병원,"충청남도 천안시 서북구 3공단6로 50, 힐링J타워 1층층 105호 (차암동)",041-522-8575,371046.1321,209142.306
4067,국립축산과학원 동물병원,"전북특별자치도 완주군 이서면 콩쥐팥쥐로 1500, 국립축산과학원",063-238-7224,,
4068,돌담 동물의료센터,경상북도 포항시 남구 포스코대로 78 (이동),054-274-2228,283093.9801,410348.7909
4069,24시 양주 힐 동물의료센터,"경기도 양주시 옥정동로7길 30, 2층 1~3호 (옥정동)",031-859-8275,479857.8192,208514.8456
4070,바른진료 동물병원,"부산광역시 기장군 일광면 해빛로 13, 일광제일프라자 2층 203호",517247570,198590.0505,402521.1775
4071,땡큐DOG동물병원,"경기도 김포시 김포한강8로194번길 8-16, 1층 (마산동)",,459662.14,168557.145
4072,엑슬루 동물병원,"대전광역시 대덕구 대덕대로 1555, 상가동 114호 (석봉동, 금강엑슬루타워)",429347582,327916.0207,237611.3014
4073,VIP동물한방재활의학센터by.Dr.신사경,"서울특별시 강남구 삼성로133길 7, 베디베로스퀘어 7층 (청담동)",02-511-7522,446357.6167,204264.724
4074,비타동물의료센터,"광주광역시 남구 봉선로 21, 1층 (봉선동, 우리덕이)",062-675-7600,181360.8223,191104.7717
4075,상대원 동물병원,"경기도 성남시 중원구 희망로 350, 1층 (상대원동)",031-733-1777,437211.345,213942.9012
4076,행복동물병원,"대구광역시 동구 동부로 221 (효목동, 선화하이츠)",,265640.6813,347618.3056
4077,24시 리본동물영상센터,"부산광역시 동래구 충렬대로 194, 동림빌딩 3층 (명륜동)",051-711-0006,191276.3279,389439.9718
4078,비나인동물병원,"충청남도 공주시 번영1로 102, 1층 (신관동)",041-881-1400,330348.7293,212381.0251
4079,인천종합동물병원,"인천광역시 동구 솔빛로 2, 1층 (송현동)",032-765-0112,441665.3215,167525.8693
4080,승원 동물병원,"경상남도 통영시 중앙로 233, 승원동물병원 (북신동)",,151245.8405,330496.1985
4081,소원동물병원,"전북특별자치도 완주군 봉동읍 원둔산1길 31, 101동",,273371.5513,211395.2343
4082,다온동물병원,전북특별자치도 완주군 고산면 고산로 74,,274979.2866,218416.2171
4083,푸르메 동물병원,"전북특별자치도 완주군 고산면 고산로 120, 1층",,274905.9031,218856.3266
4084,하나동물병원,"충청남도 금산군 금산읍 비범로 100, 1층",041-753-7599,290220.9599,244253.785
4085,고고동물병원,경상북도 상주시 공성면 공성중앙로 105,,309920.0133,298183.9694
4086,당근동물병원,"전북특별자치도 익산시 황등면 황등로 115-7, 103호",063-851-7218,,
4087,익산산업동물병원,전북특별자치도 익산시 배산로24길 14 (모현동1가),063-855-1037,272403.0517,194774.0594
4088,동물진료법인하림애니멀클리닉센터,전북특별자치도 익산시 중앙로 121 (마동),831-1253,270803.3025,196317.3774
4089,금강동물병원,전북특별자치도 익산시 익산대로 204 (창인동1가),858-7582,271553.9945,195332.3252
4090,우리들동물병원,전북특별자치도 익산시 금마면 미륵사지로 68,063-834-7585,276881.6382,204393.1232
4091,다민동물병원,전북특별자치도 익산시 춘포면 쌍정길 16-1,063-291-0727,269261.9711,204551.832
4092,익산군산축협동물병원,전북특별자치도 익산시 함라면 용산로 497,063-862-5557,284021.3482,192238.2421
4093,쿨펫동물병원,전북특별자치도 익산시 무왕로 1053 (영등동),063-833-7570,273199.2229,197583.9208
4094,휴안과동물병원,전북특별자치도 익산시 무왕로23길 3 (부송동),,273268.1509,198882.3988
4095,보듬동물병원,"서울특별시 도봉구 해등로 255, 101동 1층 121~123호 (쌍문동, 에벤에셀아파트)",269547544,461665.3857,202422.3136
4096,나래동물병원,"광주광역시 북구 북문대로 113 (운암동,영일빌딩 106호)",529-5582,186684.8466,188541.0265
4097,종로동물병원,광주광역시 북구 북문대로 154 (운암동),523-7979,187047.5776,188331.1008
4098,코아동물병원,광주광역시 북구 서하로 364 (문흥동),401-5323,187444.5136,192645.8494
4099,자연동물병원,광주광역시 북구 황계로 59 (운암동),521-7582,186533.4127,188645.4261
4100,방주동물병원,광주광역시 북구 설죽로 326 (오치동),268-7989,187706.0354,190746.1781
4101,가야동물병원,광주광역시 북구 동문대로 131 (우산동),251-8597,186176.7131,193201.5363
4102,도안동물병원,대전광역시 서구 관저중로95번길 99 (관저동),544-7582,311204.0249,229925.074
4103,드림동물병원,대전광역시 서구 문정로 102 (탄방동),472-7566,316255.1612,234996.9981
4104,엄마손동물병원,"대전광역시 서구 계백로 1426, 104호 (도마동, 도마동써머스빌주상복합)",042-585-0076,312494.1235,234036.1515
4105,케나인동물병원,대전광역시 서구 둔산남로 200 (탄방동),487-7554,316511.1838,235804.7575
4106,J.H 동물병원,"대전광역시 서구 신갈마로 266, 101호 (갈마동)",,317390.2626,233229.8733
4107,스마트동물병원,대전광역시 서구 문정로 208 (둔산동),042-486-8878,316949.9717,235425.6748
4108,한민동물병원,대전광역시 서구 갈마로 274 (내동),538-3838~9,314650.5503,234334.2774
4109,둔산동물병원,대전광역시 서구 대덕대로 145 (갈마동),536-3480,316266.1991,233571.4552
4110,마크로24시 동물병원,대전광역시 서구 한밭대로570번길 8 (월평동),486-3375,317521.6805,232403.4223
4111,대전종합 동물병원,"대전광역시 서구 대덕대로168번길 26, 동원빌딩 (갈마동)",532-7588,316315.229,233789.3671
4112,쌤아저씨,대전광역시 서구 대덕대로 4 (내동),042-531-4405,314886.1912,233354.4472
4113,연이동물병원,대전광역시 서구 정림로 66 (정림동),042-581-7282,311775.0627,232741.9877
4114,리브동물병원,대전광역시 서구 관저남로25번길 23-30(관저동),042-488-7582,310638.0525,230096.8388
4115,쿨펫동물병원탄방점,"대전광역시 서구 문정로 77, 로데오 타운 1층 152~154호 (탄방동)",042-223-2233,316344.9024,234758.6004
4116,퍼피동물병원,대전광역시 서구 갈마로 234(내동),042-533-7533,314595.7255,234503.2404
4117,수정동물병원,"대전광역시 서구 도안북로117번길 33, 102호 (도안동)",042-825-3399,314588.9116,230592.6161
4118,도드람양돈협동조합동물병원,"대전광역시 서구 구봉산북로 12, 2층 (관저동)",042-826-7938,310501.6286,228893.2612
4119,리본 동물병원,"대전광역시 서구 계룡로 383, 1층 (갈마동)",489-8275,316863.5758,233231.3599
4120,와이즈동물병원,대전광역시 서구 원도안로 28 (가수원동),716-3475,311821.85,231246.69
4121,웰케어동물병원,대전광역시 서구 관저북로13번길 23-12 (관저동),544-2475,311354.0155,230061.9035
4122,관저종합동물병원,대전광역시 서구 구봉로 133 (관저동),042-546-7575,310715.44,230271.2167
4123,만년YES동물병원,대전광역시 서구 만년로 14 (만년동),477-7575,318548.3576,233524.3431
4124,닥터코기동물병원,"대전광역시 서구 둔산남로 94, 로고스빌딩 1층 (탄방동)",489-8834,316503.2253,234752.5211
4125,정담 동물병원,"대전광역시 서구 신갈마로 260, 1층 (갈마동)",,317322.5006,233195.3344
4126,24아프리카동물메디컬센터,"대전광역시 서구 문정로 16, 2,3층 (탄방동)",042)486-7581,316142.4759,234195.7497
4127,조수의과가축병원,"경상남도 고성군 회화면 배둔로 14-24, 1층",,173845.279,324673.7153
4128,제일가축병원,경상남도 고성군 고성읍 동외로 185,674-7343,165146.691,321026.7419
4129,덕산가축병원,"경상남도 산청군 시천면 남명로 213-1, 지코바호프",,197878.5973,276362.9695
4130,경상동물병원,경상남도 산청군 산청읍 웅석봉로133번길 146-1,,212803.9785,280410.5644
4131,우방가축병원,경상남도 산청군 산청읍 덕계로 33,974-0074,213485.1469,279749.525
4132,산청동물병원,"경상남도 산청군 금서면 동의보감로 1065, 화계시장 가동 1층 5호",973-0034,218483.8045,271923.7429
4133,진동물병원,"경상남도 산청군 신안면 원지강변로63번길 7, 산청축협원지지소",,200645.4506,288147.9607
4134,남강동물병원,경상남도 산청군 산청읍 웅석봉로86번길 37,055-974-3575,212926.8596,279177.6686
4135,약초동물병원,"경상남도 산청군 신안면 원지로 72, 협성철강",055-973-7584,200502.6651,288948.1714
4136,고성동물병원,경상남도 고성군 고성읍 동외로 163-14,,164915.5188,320950.1085
4137,경남야생동물센터,"경상남도 진주시 진주대로 501, 경상대학교 502동 (가좌동)",055-772-2335,184196.4159,299974.6401
4138,진주 돌담 동물병원,경상남도 진주시 진양호로 507 (중안동),055-746-3375,188655.4647,298375.5252
4139,튼튼 동물병원,경상남도 진주시 초전북로 65 (초전동),,190517.6575,301351.2232
4140,행복한동물병원,경상남도 진주시  가호로  31 (호탄동),,185509.4486,301033.6145
4141,이솝동물메디컬,경상남도 진주시 남강로309번길 20 (평거동),055-748-7500,186104.7326,296722.7865
4142,굿닥터동물병원,"경상남도 진주시 사들로 52, 105호 (충무공동, 배제빌딩)",055-752-3365,186496.8407,304585.6765
4143,사랑동물병원,경상남도 진주시 일반성면 동부로 1964,,186475.451,316248.4261
4144,창녕동물병원,경상남도 창녕군 창녕읍 화왕산1로 49,,227468.5101,336051.1624
4145,위너동물병원,"경상남도 창녕군 대지면 우포2로 1194-6, 1층 105호",,228243.345,334742.4377
4146,경남수의동물병원,경상남도 창녕군 계성면 영산장마로 665-4,,218814.5395,337664.7617
4147,제일F&C,경상남도 창녕군 창녕읍 창녕대로 119,055-533-7583,227174.9748,335815.6954
4148,서울동물병원,경상남도 창녕군 대합면 대합산업단지로 107-12,,236566.3956,330294.44
4149,한국동물병원(출장진료전문병원),경상남도 창녕군 성산면 창한로 188-10,,236542.5273,333512.6226
4150,영진가축병원,경상남도 진주시 금곡면 월아산로 108,754-2700,177555.0125,308177.7379
4151,초원동물병원,경상남도 진주시 명석면 나불로 277-3,742-7504,191220.1535,294763.2505
4152,민들레동물병원,경상남도 진주시 진양호로 427-1 (인사동),741-5421,188331.7061,297642.019
4153,강동물병원,경상남도 진주시 도동로 231 (하대동),761-0383,188542.6552,302095.6148
4154,가람동물병원,경상남도 진주시 진주대로 962 (칠암동),755-3625,187949.2997,299017.4292
4155,보람동물병원,경상남도 진주시 진양호로 261 (평거동),747-5658,186956.2597,296750.2409
4156,현대동물병원,경상남도 진주시 진양호로 465-1 (인사동),748-5426,188502.9365,297995.1688
4157,우리동물병원,"경상남도 진주시 신안로 165, 이현종합시장 138호 (이현동)",748-5487,188606.4347,297025.7189
4158,진주축협 동물병원,경상남도 진주시 동진로 213 (상대동),055)758-9111,187333.4042,301440.2895
4159,늘조은동물병원,"경상남도 진주시 진양호로 236 (평거동,라비안 빌딩 1층)",055-748-7391,186717.2698,296664.3447
4160,펫동물병원,경상남도 진주시 진양호로467번길 7-2 (인사동),055-748-0075,188566.9677,297993.2707
4161,랑'S종합동물병원,경상남도 진주시 대신로 259-1 (상대동),757-7502,187728.8023,301665.4691
4162,경상국립대학교수의과대학부속동물병원,경상남도 진주시 진주대로 501 (가좌동),055-772-2324,184196.4159,299974.6401
4163,드림벳동물병원,경상남도 진주시 문산읍 문산로 923,,185675.7114,309048.8746
4164,경남동물병원,경상남도 진주시 일반성면 동부로 2001,055-752-5803,186421.3454,316591.4412
4165,경상국립대학교 동물의료원,경상남도 진주시 진주대로 501 (가좌동),055-772-2323,184196.4159,299974.6401
4166,공군교육사령부동물병원,경상남도 진주시 금산면 송백로 46,055-750-2870,188219.2508,304475.2293
4167,김동래동물병원,경상남도 함안군 가야읍 함안대로 551,,198269.9781,327805.9293
4168,경상동물병원,경상남도 함안군 가야읍 가야로 14,,198401.4593,327552.0231
4169,사천축협동물병원,경상남도 사천시 사천읍 사천대로 1817 (사천축협),055-851-5860,176067.5731,298604.9961
4170,사천동물병원,경상남도 사천시 사천읍 두량로 6,,177365.6662,300081.9679
4171,동물병원 WITH-PET,"경상남도 사천시 사천읍 동문로 37, 1동 1층",855-1275,176373.671,299937.9466
4172,현대동물병원,경상남도 사천시 정동면 진삼로 1344,,175319.181,298576.0386
4173,힐링동물병원,"경상남도 사천시 신항로 112, 힐링동물병원 1층 (향촌동)",055-835-9775,160377.1609,299181.0983
4174,중앙동물병원,"경상남도 사천시 중앙로 54-1, 2층 (선구동)",055-835-8275,159654.3261,298202.6357
4175,온 동물병원,"경상남도 사천시 사천읍 진삼로 1421, 배광용한약국 1층",055-854-7582,176008.1263,298932.2584
4176,박동물병원,경상남도 합천군 가야면 가야시장로 80,,251882.8624,302950.4836
4177,가야농업협동조합동물병원,,,251637.2837,302891.5936
4178,소망가축병원,경상남도 합천군 삼가면 삼가1로 89,934-0710,213318.5462,301889.6724
4179,종합동물병원,경상남도 합천군 대양면 동부로 7,,229135.8892,305348.4837
4180,가야농업협동조합동물병원,경상남도 합천군 가야면 황산1길 69-15,932-7750,252090.1698,302575.4718
4181,삼가가축병원,경상남도 합천군 삼가면 삼가중앙1길 33,,213299.6445,301697.9668
4182,합천가축병원,경상남도 합천군 삼가면 일부4길 21-1,,213222.4452,301771.7846
4183,합천축협동물병원,경상남도 합천군 율곡면 임북1길 25,933-0058,231228.6105,306455.6112
4184,강형모동물병원,"경상남도 합천군 합천읍 충효로 106-4, 2층 202호 (미림빌라)",,230610.4445,305276.0341
4185,십자가축병원,경상남도 합천군 합천읍 충효로 24,931-3135,229804.9203,305153.8903
4186,박명기 동물병원,경상남도 합천군 초계면 초계중앙로 42,,229537.5719,314585.9962
4187,태민동물병원,"경상남도 합천군 합천읍 옥산로 16, 101호 (까치빌라)",,230497.4838,304784.0985
4188,디디동물병원,인천광역시 강화군 강화읍 강화대로 254-1,032-719-7533,471191.655,155910.0645
4189,다온동물병원,경상북도 의성군 안계면 안계길 162-6,,321516.9683,328783.8577
4190,다호동물병원,경상북도 의성군 봉양면 봉호로 2,,312380.8784,342215.2963
4191,배곧코코동물병원,"경기도 시흥시 함송로 15, 화신프라자 104,105호 (정왕동)",031-434-0863,429144.2301,176035.5351
4192,가까운동물병원,충청북도 청주시 서원구 1순환로 1109 (분평동),288-7533,344871.2254,244280.758
4193,그린동물병원,충청북도 청주시 서원구 사직대로 255 (사직동),275-7575,348386.285,242482.4365
4194,한빛동물병원,"충청북도 청주시 서원구 사직대로 160, 두진 하트리움에덴 1층 108호 (사창동)",,348280.5524,241520.5153
4195,와와동물병원,충청북도 청주시 서원구 사직대로 247-1 (사직동),273-7582,348382.8714,242416.2547
4196,분평종합동물병원,충청북도 청주시 서원구 청남로 2013(분평동),,345766.1255,243300.6914
4197,영동합동동물병원,"충청북도 영동군 영동읍 영동천2길 3-1, 동물병원",,297288.7088,269687.9564
4198,정성환동물병원,충청북도 청주시 청원구 공항로 5 (내덕동),216-8274,350836.3285,243554.5913
4199,주주종합동물병원,충청북도 청주시 청원구 공항로 102 (율량동),217-0078,351808.2462,243432.3496
4200,충북낙농업협동조합,충청북도 청주시 청원구 북이면 장재2길 66-10,215-9336,360777.2309,249297.0375
4201,신흥동물병원(산업동물병원),충청북도 청주시 청원구 내수읍 충청대로 424,212-9117,354262.1659,245721.2038
4202,튼튼 동물병원,"충청북도 청주시 청원구 오창읍 오창중앙로 62, 대원칸타빌아파트 상가동 101호",241-7582,356340.1177,237680.9082
4203,최종주동물병원,"충청북도 영동군 영동읍 계산로 54, 최종주동물병원",043-744-4209,297175.1573,270313.2816
4204,백동물병원,충청북도 영동군 영동읍 계산로 27 (신화빌딩 1층),744-8275,297336.016,270128.6958
4205,최상오동물병원,충청북도 보은군 보은읍 보은로 121-1,,331798.5394,264241.4273
4206,한국동물병원,충청북도 보은군 보은읍 삼산남로 34,544-2474,331536.5985,264360.347
4207,송진우동물병원,"충청북도 보은군 보은읍 뱃들3길 6, 상가",543-5237,332091.8515,264942.866
4208,하나동물병원 앤 컨설팅,충청북도 청주시 청원구 새터로 22-1 (내덕동),043-223-5511,350592.4971,243481.1907
4209,프렌즈 동물병원,충청북도 청주시 청원구 공항로 100-1 (율량동),212-7582,351785.3497,243447.6709
4210,청주축협동물병원,"충청북도 청주시 청원구 향군로 92, 청주축산농협 (우암동)",043-229-0532,350337.5379,243146.3172
4211,나라동물병원,"경기도 동두천시 정장로 20-6, 3층 (생연동)",861-8575,489074.0266,204570.8182
4212,포레브동물의료센터,경기도 동두천시 행선로 55-1 (지행동),031-858-7975,487857.0008,205260.0565
4213,새론동물병원,충청북도 청주시 흥덕구 1순환로 539 (봉명동),260-8275,349354.3613,241405.8604
4214,동물병원 이야기,충청북도 청주시 흥덕구 직지대로 622 (봉명동),232-7582,349166.6505,241234.3122
4215,아인동물의료센터,"충청북도 청주시 흥덕구 진재로 41 (복대동, 풍년빌딩)",,348258.342,238326.5438
4216,강서동물병원,충청북도 청주시 흥덕구 비하로 64 (비하동),233-7512,348030.67,237935.5764
4217,이담동물병원,"경기도 동두천시 중앙로 134-12 (지행동, 예일복합타워(104,105))",861-3355,487830.9526,204612.7696
4218,E 동물의료원,충청북도 보은군 마로면 관기송현로 95-1,043-544-8514,326365.7921,273413.4602
4219,보은옥천영동축협 동물병원,충청북도 보은군 보은읍 뱃들로 57,043-542-2201,331854.4013,264819.1301
4220,으뜸 대동물 병원,충청북도 청주시 흥덕구 오송읍 오송2길 8,,345624.1597,229174.8427
4221,청주지웰동물병원,충청북도 청주시 흥덕구 대농로 70 (복대동),239-7575,349010.7253,238392.3747
4222,오창동물병원,충청북도 청주시 청원구 오창읍 오창시내5길 5,217-2069,360172.6988,240666.9003
4223,서울동물병원,충청북도 청주시 청원구 오창읍 오창시내4길 7-1,217-9721,360162.7237,240712.2568
4224,중부동물병원,충청북도 단양군 단양읍 삼봉로 319,,387943.7156,321825.6753
4225,현대동물병원,경기도 동두천시 큰시장로 42 (생연동),865-5393,488656.337,204601.4856
4226,경기동물병원,경기도 동두천시 중앙로 229 (생연동),865-2137,488837.1106,204580.9228
4227,통일동물병원,경기도 동두천시 중앙로 226 (생연동),862-5151,488783.0588,204603.0108
4228,엘케이동물의료센터,충청북도 청주시 상당구 중고개로 191 (용암동),043-288-7599,346780.2853,245918.521
4229,24시청주나음동물메디컬,"충청북도 청주시 상당구 1순환로 1233, 106,107, 108호 (용암동)",-7016,345214.1851,244938.9969
4230,윤후동물병원,"경기도 동두천시 중앙로 125 (지행동, 영스포렉스 101호)",031-864-0075,487797.2499,204477.9383
4231,제일동물병원,충청북도 청주시 상당구 단재로 26 (석교동),256-3309,347297.173,243992.3544
4232,한국동물병원,충청북도 청주시 상당구 상당로 15-1 (남문로1가),432213815,347716.4413,243834.0698
4233,우리동물병원,충청북도 청주시 상당구 중고개로 305 (금천동),432237582,347649.8595,245233.8243
4234,러브펫동물병원,경기도 동두천시 평화로2169번길 21 (송내동),031-868-0275,486451.3184,204589.2176
4235,세림동물병원,"충청북도 청주시 상당구 산성로116번길 25, 상가동 101호 (용담동, 부영아파트5단지)",432867582,348169.1326,245205.3184
4236,도도동물병원,충청북도 청주시 상당구 월평로 151-1 (용암동),432948855,345742.2518,244828.1909
4237,이즈동물병원,충청북도 청주시 상당구 용암북로 154 (용암동),293-0075,346899.2683,245916.5796
4238,메인동물병원,충청북도 청주시 청원구 오창읍 중심상업1로 46-17,,357170.4119,238155.7128
4239,티플러스동물메디컬센터,"충청북도 청주시 청원구 1순환로 148, 201호 (율량동)",,351599.224,244292.5925
4240,다나동물병원,"충청북도 청주시 청원구 오창읍 양청택지2길 45, 가담향빌(지하) 102호",,357627.3073,237486.869
4241,웰니스동물병원,"충청북도 청주시 청원구 오창읍 중심상업1로 8-11, 홈플러스오창점 2층",,356944.1282,238188.1276
4242,정동물병원,충청북도 청주시 청원구 충청대로 97 (율량동),043-256-2551,351676.2991,243995.3558
4243,명성동물병원,충청북도 청주시 상당구 미원면 미원시내2길 39,043-283-7583,348312.29,258488.5841
4244,청주랜드관리사업소(동물원),충청북도 청주시 상당구 명암로 171 (명암동),,350112.4484,246114.8095
4245,협성동물병원,충청북도 청주시 상당구 남일면 단재로 509,237-3319,342871.8342,245495.0973
4246,캣앤독동물병원,충청북도 청주시 흥덕구 풍산로 59 (가경동),237-7852,347491.4818,238991.7147
4247,충북동물병원,충청북도 청주시 흥덕구 사직대로 18 (복대동),271-7348,348182.9935,240114.8248
4248,세솔동물병원,"충청북도 청주시 서원구 두꺼비로 46-1, 101호 (산남동)",294-7582,345618.9707,241566.7674
4249,고려동물메디컬센터,충청북도 청주시 서원구 사직대로 246 (사직동),(043)268-5677,348337.9207,242369.0512
4250,청주24시동물병원,충청북도 청주시 서원구 사직대로 256 (사직동),,348334.1284,242490.4085
4251,강내동물병원,충청북도 청주시 흥덕구 강내면 가로수로 540-1,233-2145,346953.5419,232151.8606
4252,우리동물병원,충청북도 청주시 흥덕구 옥산면 옥산시내4길 23-2,260-1684,351461.0794,233408.9983
4253,블루동물종합병원,충청북도 청주시 흥덕구 풍산로33번길 4 (가경동),235-0094,347385.7664,238757.6695
4254,서원동물병원,충청북도 청주시 흥덕구 가로수로 1358 (복대동),043-231-6972,348119.2292,239659.4984
4255,한빛동물병원,세종특별자치시 금남면 용포로 72,,329364.4636,225141.4808
4256,명 축산동물병원,세종특별자치시 조치원읍 새내6길 35,,344212.0442,226817.0028
4257,열린동물병원,"세종특별자치시 조치원읍 세종로 2282, 213호",044-865-5187,343360.1259,226080.2812
4258,행복한동물병원,충청북도 청주시 흥덕구 복대로 136 (복대동),043-233-7582,347567.4671,239389.2102
4259,충북야생동물센터,충청북도 청주시 청원구 오창읍 양청4길 45,216-3328,358731.0459,239032.4069
4260,24시청주i동물병원,충청북도 청주시 청원구 충청대로 103 (율량동),043)214-9975,351742.8081,244001.6764
4261,스타동물병원,충청북도 청주시 청원구 오창읍 양청택지로 119 (스튜디오),043-211-9669,357240.3602,237611.2558
4262,수 동물병원,"충청북도 청주시 서원구 모충로3번길 81 (개신동, 한진아파트 상가 110호)",275-8275,347547.1671,241338.687
4263,진천동물병원,충청북도 진천군 진천읍 원덕로 261,,373497.0507,238818.6663
4264,오수의과동물병원,"충청북도 진천군 진천읍 원덕로 342, 원주민부동산",,372892.2282,240029.6087
4265,진천축산업협동조합동물병원,충청북도 진천군 진천읍 중앙서로 53 (진천축산농협),043)533-8109,372697.8042,239361.7373
4266,그린벨 이콰인 동물병원,"충청북도 진천군 진천읍 원덕로 375, 1층 3,4호",,373252.3647,240020.8635
4267,수제가축병원,경기도 동두천시 중앙로217번길 8 (생연동),031-861-2328,488719.2282,204530.7261
4268,한마음 동물병원,충청북도 진천군 덕산읍 용몽로 34,,378883.0342,245502.0437
4269,다솜동물병원,"충청북도 진천군 진천읍 중앙동로 21, 2층",533-0935,372355.8919,239508.8479
4270,산남동물병원,"충청북도 청주시 서원구 산남로 64, 104호 (산남동,앤젤변호사빌딩)",,345681.1497,241707.1659
4271,충북대학교 동물병원,충청북도 청주시 서원구 충대로 1 (개신동),(043)261-3220,347566.8663,241002.5703
4272,에이스동물병원,충청북도 청주시 서원구 복대로 11 (개신동),238-0055,346433.3139,239819.2023
4273,충주동물병원,충청북도 충주시 중앙로 34 (문화동),043-844-6766,386084.6832,282481.5892
4274,박동물병원,"충청북도 충주시 국원대로 262, 1층 (금릉동)",,388548.2035,282591.7586
4275,충주축협동물병원,충청북도 충주시 예성로 256 (교현동),043-850-7555,386797.8824,283223.2816
4276,정종합동물병원,"충청북도 충주시 지현천변1길 57 (지현동, 정종합동물병원)",,385677.451,282833.9158
4277,현대동물병원,충청북도 충주시 번영대로 144 (연수동),043-851-3040,387660.9557,283021.5228
4278,가인동물병원,충청북도 충주시 계명대로 155 (연수동),,387176.1232,282896.1092
4279,보드미동물병원,충청북도 충주시 국원대로 108 (교현동),043-843-0075,387016.9406,282608.8255
4280,연기동물병원,세종특별자치시 조치원읍 조치원로 61-1,,344652.8807,227064.9266
4281,한우동물병원,세종특별자치시 조치원읍 조치원로 56,,344584.7022,227031.7587
4282,세종동물병원,"세종특별자치시 연서면 도신고복로 1207, (출장진료전문)",041-864-0448,343525.2544,223320.8704
4283,조치원동물병원,세종특별자치시 조치원읍 조치원9길 16,865-2380,344695.005,227035.0026
4284,세종종합동물병원,세종특별자치시 조치원읍 죽림로 60,044-868-8275,343474.499,226608.9945
4285,보광동물병원,"세종특별자치시 조치원읍 충현로 159, 107호 (욱일아파트)",044-862-5852,344640.2855,226143.1541
4286,다정한동물메디컬센터,"세종특별자치시 다정1길 23, 이도빌딩 (다정동)",044-864-7579,333139.2691,221058.5015
4287,성원동물병원,"세종특별자치시 연서면 당산로 286, 상가동 103호",044-867-4830,339751.7629,224857.7417
4288,세종동물의료센터,"세종특별자치시 한누리대로 157, 금강프라자 (나성동)",044-863-7578,330955.9277,223450.464
4289,큰동물병원,충청북도 충주시 주덕읍 신덕로 1364-1,,386174.7635,270802.5883
4290,애플동물병원,"충청북도 충주시 계명대로 15, 하나빌딩 (칠금동)",043-911-8275,387185.9517,281503.3551
4291,햇살가득동물병원,세종특별자치시 보듬3로 38 (도담동),044-865-7975,334585.8899,222806.3222
4292,서울동물의료센터,세종특별자치시 보듬7로 78 (아름동),448657005,335430.5959,222379.8907
4293,뮤동물병원,"세종특별자치시 노을1로 16 (한솔동, 첫마을2단지)",044-868-2542,331095.3316,223277.3941
4294,다온동물병원,"세종특별자치시 한누리대로 2012, 코끼리타워 (소담동)",448657579,331630.0964,226798.9388
4295,티어하임 동물병원,"세종특별자치시 새롬중앙로 47, 세움빌딩 (새롬동)",044-868-0264,331570.6548,222409.3636
4296,착한동물병원,세종특별자치시 조치원읍 세종로 2335,044-868-7583,343880.6364,225938.8587
4297,고운동물병원,"세종특별자치시 마음로 241, 고운드림55 1~2층 (고운동)",044-865-9575,335306.7952,220734.159
4298,열린동물병원,충청북도 충주시 금릉로 78 (교현동),043-857-0075,387388.3315,282240.5968
4299,중앙동물의료센터,"충청북도 충주시 국원대로 131, 1층 (교현동)",043-852-8875,387250.3901,282555.4433
4300,문동물병원(출장진료전문병원),"충청북도 충주시 대소원면 용관길 16, 1층",,384805.7977,277597.5669
4301,마리동물병원,"경기도 고양시 일산서구 현중로 29, 탄현마을2단지 (탄현동)",9130182,465705.7013,179394.5501
4302,강남동물병원,"경기도 고양시 일산동구 위시티로 75, 풍산트윈시티 115호 (식사동)",031-906-7575,464065.9207,183267.9232
4303,아마존,경기도 고양시 덕양구 중앙로558번길 21 (행신동),031-972-7582,458048.9742,185447.4261
4304,작은 친구 동물병원,"경기도 고양시 덕양구 토당로42번길 13-15, 능곡역프라자 103호 (토당동)",031-970-9204,457573.4025,184137.4911
4305,워리워리,경기도 고양시 일산서구 일산로635번길 8-21 (대화동),,464398.6442,178507.6517
4306,더독,경기도 고양시 일산동구 고봉로278번길 16 (중산동),031-977-0154,464559.9841,180390.9569
4307,해맑은 동물병원,,031-924-0075,465462.1498,179054.6606
4308,산들동물병원,경기도 고양시 일산동구 고봉로 250 (중산동),976-7585,464405.9668,180391.6905
4309,토베스트 동물병원,경기도 고양시 일산동구 일산로441번길 15-19 (정발산동),,463360.8229,180354.2714
4310,풍동 라파엘 동물병원,"경기도 고양시 일산동구 숲속마을로 50-76, 중앙프라자 204,205호 (풍동)",,462835.4955,182186.6845
4311,피그만클리닉,"경기도 고양시 덕양구 삼송로 222, 헤리엇오피스 310호 (삼송동)",,461186.0016,191025.0106
4312,펫피아 동물병원,경기도 고양시 덕양구 충경로 45 (행신동),,457050.11,185338.6812
4313,올리브동물병원,"경기도 고양시 일산동구 중앙로 1130, C동 107호 (마두동, 강촌마을6단지아파트)",031-908-7582,460835.8507,180539.609
4314,탑케어동물의료원,"경기도 고양시 덕양구 화신로272번길 5, 2,3층 (화정동)",1666-7501,458778.5228,185013.7034
4315,풍동동물병원,"경기도 고양시 일산동구 숲속마을로 48 (풍동, 신성프라자)",,462804.2993,182103.4885
4316,자유로 동물병원,"경기도 고양시 일산서구 대화로 120, 자유로프라자 (대화동)",,463060.185,176474.1799
4317,Dr. dog 동물영상의료센터,경기도 고양시 일산동구 일산로394번길 5-11 (정발산동),932-0075~6,463166.4891,180629.3582
4318,일산시티 동물의료센터,"경기도 고양시 일산동구 무궁화로 8-28, 삼성메르헨하우스 102-2,103호 (장항동)",031-932-0085,461999.5353,179323.4934
4319,통일로 동물병원,경기도 고양시 덕양구 통일로 730 (관산동),070-7720-4934,465060.588,188408.7593
4320,토론토 동물병원,경기도 고양시 일산서구 대산로212번길 8-12 (대화동),923-7533,464008.4242,178398.2868
4321,수 동물병원,"경기도 고양시 일산동구 호수로 662, 삼성라끄빌 101호 (장항동)",031-900-8875,462085.1275,179257.2614
4322,애니웰 동물병원,"경기도 고양시 일산동구 장백로 13, 성우아뜨리움오피스텔 110호 (백석동)",,459748.4885,181390.5083
4323,초원동물병원,"경기도 고양시 일산서구 일산로 589, 현대프라자 (일산동)",,464162.9633,178994.545
4324,탄현 동물병원,"경기도 고양시 일산서구 일현로 131, 105호 (탄현동)",,466268.2597,179251.2561
4325,위시티 동물병원,,031-969-9369,,
4326,봄빛동물병원,경기도 고양시 일산동구 강송로87번길 8-10 (백석동),031-912-9465,460612.855,181252.81
4327,Helix ADI Center : 헬릭스 영상진단센터,"경기도 고양시 덕양구 중앙로 439, 2층 205~6호 (행신동)",031-978-7575,457257.5321,186358.4458
4328,고양동물병원,"경기도 고양시 덕양구 혜음로 8, 삼라마이다스프라자 113, 114, 305, 306호 (고양동)",031-964-7599,466525.0815,191272.2379
4329,스마트동물병원,경기도 고양시 일산동구 호수로 678 (장항동),031-913-8820,462185.7801,179178.9797
4330,365 신원당 동물병원,"경기도 고양시 덕양구 호국로790번길 88 (성사동, 신원당동물병원)",,461353.3724,185847.302
4331,민동물병원,경기도 고양시 덕양구 호국로 778-6 (성사동),,461481.8022,185427.6873
4332,이창훈 동물병원,경기도 고양시 일산동구 무궁화로141번길 7-9 (정발산동),,463031.6088,180202.5605
4333,신일산동물병원,"경기도 고양시 일산동구 강송로 180, 백마프라자 (마두동)",9046681,461406.4732,180842.0862
4334,시민종합동물병원,경기도 고양시 일산서구 대산로 126 (주엽동),911-7346,463622.125,179089.635
4335,화정동물병원,경기도 고양시 덕양구 은빛로29번길 46 (화정동),,459754.585,185110.31
4336,가람동물병원,"경기도 고양시 일산동구 강석로 156, 강촌마을7단지 (마두동)",031-906-0976,461366.248,180429.5949
4337,디엔씨,"경기도 고양시 덕양구 중앙로 550, 106호 (행신동, 삼일프라자)",9780075,457917.4048,185472.5443
4338,하노버,"경기도 고양시 일산서구 중앙로 1470, 문촌마을 복합상가 (주엽동)",9193567,463365.6236,178529.1368
4339,참사랑,경기도 고양시 일산동구 탄중로 324 (중산동),031-975-0187,465655.6797,180618.2725
4340,행신동물병원,경기도 고양시 덕양구 행신로 147 (행신동),031-971-5534,457460.8939,185068.2327
4341,이용철동물병원,"경기도 고양시 일산서구 고양대로 688, 201호 (일산동)",975-1475,464610.3739,179854.2192
4342,김 S 동물병원,경기도 고양시 일산동구 무궁화로93번길 6-10 (정발산동),031-916-7509,462730.4215,179960.7261
4343,그랜드 동물병원,"경기도 고양시 일산서구 주엽로 134, 시대프라자 101호 (주엽동)",921-7582,463172.801,178593.8842
4344,백마동물병원,"경기도 고양시 일산동구 일산로 212, 장항A타운 1층 (마두동)",,461459.8916,181395.7172
4345,튼튼동물치과병원,"경기도 고양시 일산동구 일산로 38, 우림오피스텔 1층 110호 (백석동)",031-811-9975,459965.0504,181155.4604
4346,사과나무 동물병원,"경기도 고양시 일산서구 일산로 539, 2층 (일산동)",,463906.0494,179459.9283
4347,이솝동물병원,경기도 고양시 일산동구 일산로286번길 7-7 (마두동),031-903-3399,462169.5959,181071.1145
4348,제이엠 동물병원,"경기도 고양시 일산동구 정발산로 43-20, 센트럴프라자 205호 (장항동)",031-924-1375,461800.1248,179935.268
4349,Dr.JK 동물병원,"경기도 고양시 일산동구 무궁화로 17, 한라밀라트 A동 102호 (장항동)",,462227.5538,179321.6379
4350,일산동물의료원,"경기도 고양시 일산서구 대화로 407, 일산로 676 3층(추가) (대화동)",031-924-7582,464479.3771,178216.9035
4351,원당동물병원,"경기도 고양시 덕양구 마상로126번길 97, 3층 (주교동)",962-6049,461582.4726,185231.5689
4352,쿨펫동물병원,"경기도 고양시 덕양구 화중로 66, 롯데마트 2층 (화정동)",971-7585,458969.1253,185024.6818
4353,호수동물병원,"경기도 고양시 일산서구 중앙로 1470, A동 106-3호 (주엽동, 문촌마을10단지아파트)",,463365.6236,178529.1368
4354,진스 종합 동물병원,"경기도 고양시 일산동구 노루목로 99, 호수마을5단지아파트 1층 121~122호 (장항동, 호수마을5단지아파트)",,460901.4214,180178.1236
4355,거부기 동물병원,"경기도 고양시 일산동구 무궁화로 11, 한라밀라트 B동 113호 (장항동)",,462204.7532,179292.3565
4356,벳케어 동물병원,경기도 고양시 일산서구 가좌3로 27 (가좌동),921-0117,465009.5895,175167.3771
4357,헬릭스동물메디컬센터,경기도 고양시 덕양구 중앙로 439 (행신동),031-978-7575,457257.5321,186358.4458
4358,조이동물병원,"경기도 고양시 일산서구 탄중로 111, 양우로데오메인타운2 C동 101호, 양우로데오메인타운1 A동 106호 (덕이동)",919-1175,465632.6854,178747.6349
4359,오엠동물병원,"경기도 고양시 일산서구 한류월드로 300, 고양 원마운트 2층 2100호 (대화동)",902-7567,462480.7344,178268.1356
4360,다니엘 동물병원,경기도 고양시 일산동구 일산로 233 (마두동),908-5857,461626.6898,181247.096
4361,해오름 동물병원,"경기도 고양시 덕양구 호국로 821, 101호 (주교동)",818-6543,461852.5678,185684.469
4362,로하스 동물병원,"경기도 고양시 일산서구 강선로 74, 강선마을8단지 (주엽동)",031-923-8271,463073.7118,179335.8688
4363,웰니스 동물병원,"경기도 광명시 소하로 97, 3층 (소하동)",899-8779,438279.9378,189714.4498
4364,해담동물병원,"경기도 광명시 디지털로 13, 한국빌딩 1,2층 (철산동)",588-8275,441316.9331,188332.568
4365,광명시티동물병원,경기도 광명시 금하로 522 (소하동),897-7585,438720.8575,190207.558
4366,봄빛동물병원,"경기도 광명시 디지털로 56, 101호 (철산동, 래미안자이상가 )",2619-7588,441078.6245,188817.8038
4367,하안동물병원,"경기도 광명시 하안로 309, 세인빌딩 1층 105호 (하안동)",02-897-7580,440096.6046,189237.7661
4368,바른걸음 외과 동물병원,"경기도 광명시 하안로 314, 1층 (하안동)",02-6085-4777,440162.5883,189241.0947
4369,김민성 동물병원,"경기도 광명시 광덕산로 5, 종합상가동 112호 (철산동)",02-2686-7582,441123.7729,188352.6844
4370,온빛동물병원,경기도 광명시 오리로 352 (소하동),28988971,436877.8227,189281.5876
4371,중랑차동물병원,"서울특별시 중랑구 중랑천로 81, 101호 (상봉동)",02-433-0787,454460.8219,206345.4735
4372,레오동물병원,"경기도 김포시 고촌읍 김포대로 348, 1층",,455535.5061,179653.8162
4373,제일동물병원,경기도 남양주시 퇴계원면 경춘북로 513,,,
4374,대관령동물병원,"경기도 남양주시 금곡로 44, 성원빌딩 (금곡동)",591-7270,459079.813,218283.4813
4375,조이동물병원 제니스점,"경기도 고양시 일산서구 일현로 97-11 (탄현동, 일산 위브더제니스)",031-925-1175,465786.0297,179005.6651
4376,Dr.dog동물의료센터,경기도 고양시 일산동구 일산로394번길 5-9 (정발산동),031-932-0075,463159.8962,180615.1755
4377,돌봄동물병원,경기도 고양시 일산서구 하이파크2로 42 (덕이동),031-911-7585,,
4378,소망 동물병원,"경기도 고양시 일산동구 위시티2로 13, 102호 (식사동)",,463819.0577,183360.6831
4379,24시 나음동물의료센터,"경기도 고양시 일산동구 백마로 223, 103~4호 (장항동, 현대 에뜨레보)",031-906-7975,461431.3245,180031.6421
4380,페로페라동물병원,"경기도 고양시 일산동구 위시티2로11번길 16, 글라스프라자 202호 (식사동)",031-969-8586,463897.2464,183396.0316
4381,해밀동물병원,경기도 고양시 일산동구 고양대로 1139 (식사동),319662777,462579.9437,183683.3057
4382,신원동물메디컬센터,"경기도 고양시 덕양구 신원로1길 42, 1층 (신원동)",02-381-0507,462180.26,190057.405
4383,FM 동물메디컬센터,"경기도 고양시 덕양구 화중로 76, 102,103호 (화정동, 대감빌딩)",031-979-7975,459077.3955,185023.1435
4384,원흥동물의료센터,"경기도 고양시 덕양구 도래울로 40, 201호 (도내동, 예승골드프라자)",031-966-3328,458565.2135,188350.1863
4385,서울프라임 동물병원,경기도 고양시 덕양구 중앙로 628 (화정동),031-970-0075,458367.0876,184828.9247
4386,고양시 동물보호센터,"경기도 고양시 덕양구 고양대로 1695, 고양시 농업기술센터 (원흥동)",031-962-3232,460802.6267,188445.243
4387,고양 우리아이 동물병원,"경기도 고양시 덕양구 혜음로 54, 1층 (고양동)",031-965-0079,467000.8355,191332.679
4388,24일산우리동물병원,"경기도 고양시 일산서구 중앙로 1455 (주엽동, 대우시티프라자)",031-913-5550,463196.2355,178629.0756
4389,일산 클래식 동물병원,"경기도 고양시 일산동구 중앙로 1124, 1층 (백석동, 이마트전용관)",031-902-1375,460645.0885,180731.1482
4390,펫스티벌 동물병원,경기도 고양시 일산동구 고양대로 885 (풍동),070-4337-5967,464096.5902,181734.4334
4391,나비누리 동물병원,경기도 광주시 중앙로 69-4 (역동),031-763-7583,433841.1576,223020.6577
4392,앞선동물병원,경기도 고양시 덕양구 신원로1길 48 (신원동),,462163.3133,190033.2601
4393,삼송동물병원,경기도 고양시 덕양구 삼송로 154-1 (삼송동),,461138.7866,190316.6522
4394,예 동물병원,"경기도 고양시 덕양구 도래울로 52 (도내동, 센터프라자 104호)",,458676.3217,188410.6047
4395,삼송동물의료센터,경기도 고양시 덕양구 삼송로205번길 15 (삼송동),02-381-9658,461349.4422,190764.6238
4396,삼송사랑 동물의료센터,"경기도 고양시 덕양구 삼송로 92 (삼송동, 우영프라자 2층)",02-388-8275,460945.5137,189725.5961
4397,쿨펫동물병원 킨텍스점,"경기도 고양시 일산서구 킨텍스로 171 (대화동, 이마트킨텍스점)",319119975,462162.6062,177349.7074
4398,Wiz-Pet 동물병원,경기도 고양시 일산동구 중앙로 1036 (백석동),,460117.3546,181369.9672
4399,포근한동물병원,"경기도 고양시 덕양구 동세로 63, 103호 (삼송동, 강남프라자)",02-381-7963,460658.1872,189713.8864
4400,뉴광명동물메디컬센터,"경기도 광명시 오리로 931, 1층 (광명동)",2060-7577,441740.2076,187491.2486
4401,곤지암행복동물병원,경기도 광주시 곤지암읍 경충대로 702,761-9394,427981.2926,229322.0735
4402,광주동물병원,경기도 광주시 오포읍 양벌로 212,763-8825,,
4403,영주동물병원,경기도 광주시 파발로151번길 4-2 (경안동),762-3575,434690.2286,222382.1231
4404,견우동물병원,"경기도 광주시 태봉로 26, 101호 (태전동, 대한상가)",767-0079,432128.2373,220309.0859
4405,도그파파,경기도 광주시 곤지암읍 광여로 779-2,031-767-0175,431194.6051,235802.0947
4406,곤지암동물병원,경기도 광주시 곤지암읍 곤지암로 70-14,031-769-5675,427616.1896,229916.1221
4407,바른동물병원,"경기도 광주시 파발로 107, 남성빌딩 (경안동)",031-762-8875,434626.1469,222842.8012
4408,애플펫 동물병원,경기도 광주시 신현동 태재로 21,031-726-4800,,
4409,서울동물메디컬센터,"경기도 광주시 신현로 89, 1, 2층 (신현동)",031-8022-7582,,
4410,송정동물의료센터,"경기도 광주시 탄벌길 7, 태경빌딩 (탄벌동)",031-767-7975,435257.1601,221691.3844
4411,알프스동물병원,"경기도 광주시 고불로 32, 107호 (중대동)",031-761-1600,432438.0069,220644.7947
4412,한국영양전문동물병원,"경기도 광주시 이배재로 356-1, C동 1층 1호 (목현동)",031-761-7675,437080.3653,219435.5654
4413,메디 포즈 동물병원,"경기도 남양주시 와부읍 석실로 200, 1층",,454432.9161,220109.7273
4414,미담동물의료센터,"경기도 남양주시 별내3로 334, 다우프라자 2층 (별내동)",031-575-7975,462743.265,210263.0283
4415,로하스 동물병원,경기도 남양주시 와부읍 월문천로 33 (롯데마트내 3층),577-7606,453620.3258,218882.0018
4416,진접동물병원,"경기도 남양주시 진접읍 해밀예당1로 171, 108호",571-9634,468615.5716,217310.4292
4417,마이펫동물병원,경기도 남양주시 화도읍 경춘로 1992 (롯데마트 내),511-7544,460930.696,227234.545
4418,로로 동물병원,"경기도 김포시 김포한강2로 103, 528동 114호 (장기동, 우남퍼스트빌 상가동)",031-988-8916,459468.7725,171018.209
4419,울디 동물병원,"경기도 김포시 양촌읍 양곡2로 50, 아름터프라자 109, 110호",031-916-3158,461547.6571,167064.1712
4420,쿨펫동물병원,"경기도 김포시 김포한강7로 71 (구래동, 이마트 김포한강점 2층)",031-997-7588,460295.3323,167119.6608
4421,마송동물병원,"경기도 김포시 통진읍 조강로 36, 104호",,465305.956,164791.6526
4422,장현 동물병원,경기도 남양주시 진접읍 금강로1573번길 5,575-7513,469940.5573,217001.551
4423,이규로동물병원,경기도 남양주시 화도읍 창현로 47,593-7751,460514.6971,226881.9324
4424,다산동물병원,"경기도 남양주시 경춘로 380, 대진빌딩 1층 (다산동)",511-0304,455889.7919,213761.4564
4425,"에스디(SD)동물의료센터, 김포","경기도 김포시 김포한강4로 521, 한강메디플라자 201호 (구래동)",031-985-7075,460452.3426,166936.8319
4426,아이비동물병원,"경기도 김포시 김포한강7로22번길 174-152, 1층 (마산동)",031-986-7588,460175.921,168195.2897
4427,아띠동물병원,"경기도 김포시 김포한강4로 113, 1층 106호 (장기동, 신한프라자)",319856125,460238.7658,170652.8822
4428,수호 동물병원,"경기도 김포시 사우중로 89, 1층 (북변동, 명승프라자)",319867119,457850.07,175316.37
4429,동물병원 HADA,"경기도 김포시 김포한강8로 398, 204호 (구래동, 지오플러스)",031-8049-8875,460158.4565,166808.19
4430,라움동물병원,"경기도 김포시 태장로 820, 101호 (장기동, 엠프라자)",,459441.2501,171422.2338
4431,강아지나라동물병원,경기도 남양주시 진접읍 장현로 112-1,574-5957,468590.7217,216171.4592
4432,제일동물병원,"경기도 군포시 산본로 394, 1동 108,109호 (산본동, 대림프라자)",392-8850,429245.9364,193696.7424
4433,화도동물병원,"경기도 남양주시 화도읍 먹갓로 3, 2층 201호",031-594-7562,461379.2549,224179.4412
4434,오남동물병원,경기도 남양주시 오남읍 진건오남로 865,031-575-7598,466684.7782,217401.1244
4435,이리온 동물메디컬센터,경기도 남양주시 진접읍 해밀예당3로 167,031-575-9725,468934.2335,216855.625
4436,도그플러스,"경기도 김포시 풍무로 167, 3층 (풍무동)",996-0975,456437.7735,175533.1269
4437,성심동물병원,"경기도 남양주시 다산중앙로82번길 49-3, 103호 (다산동)",591-1795,457607.8633,214066.6442
4438,한강동물병원,경기도 남양주시 퇴계원읍 경춘북로 516,571-4465,460512.4536,212381.3356
4439,25시 한사랑동물병원,경기도 남양주시 화도읍 폭포로 4,594-3119,460949.8949,227055.1035
4440,드림동물병원,경기도 남양주시 진접읍 장현로 134-2,574-7595,468722.2267,216347.2685
4441,해피동물병원,경기도 남양주시 와부읍 덕소로 218,521-7573,453043.197,219398.5853
4442,참사랑동물병원,"경기도 남양주시 도농로 32, 306호 (도농동)",512-3200,456356.0639,214064.8262
4443,동인동물병원,경기도 남양주시 호평로 63 (호평동),592-8275,461569.2986,221729.8099
4444,홈종합동물병원,"경기도 김포시 풍무로 85, 1동 4층 (풍무동)",031-986-9975,455696.1799,175328.958
4445,다우동물병원,"경기도 김포시 중봉로 9, 주연메디칼 102호 (감정동)",,457925.218,173195.6272
4446,이레동물병원,"경기도 김포시 김포대로 821, 2층 (사우동)",031-985-5075,457386.8468,175389.9625
4447,스타동물병원,"경기도 김포시 김포한강1로51번길 28, 레드클로버 2층 203, 205호 (장기동)",,460250.9426,170545.5967
4448,웰케어 동물병원,"경기도 김포시 유현로 19, 402동 206, 306호 (풍무동, 유현마을신동아아파트)",982-7514,455055.3969,175492.2656
4449,고촌동물병원,경기도 김포시 고촌읍 김포대로319번길 11,986-3100,455203.8087,179786.4086
4450,우리동물병원,"경기도 김포시 월곶면 군하로 107-1, 101호",,466904.1614,161148.3833
4451,이리온,경기도 김포시 초당로61번길 56 (장기동),031-988-3125,460465.647,170933.3235
4452,아델동물병원,"경기도 김포시 김포한강1로 254, 201호 (운양동)",,461244.9723,172209.5511
4453,마사랑동물병원,경기도 과천시 경마공원대로 107 (주암동),,437860.2023,201498.2097
4454,서울동물병원,경기도 과천시 용마로 2 (과천동),02-503-7787,438431.4845,199420.0488
4455,서울대공원 동물병원,"경기도 과천시 대공원광장로 102, 서울대공원 (막계동)",02-500-7770~7774,437091.6139,201189.3597
4456,슈르+ 동물병원,"경기도 과천시 별양상가2로 35, 3동 2층 218,219,220호 (별양동)",,435854.2545,199267.4099
4457,남양주동물병원,"경기도 남양주시 경춘로 1287, 정우빌딩 301호 (평내동)",592-8875,460802.3859,220728.9652
4458,강남동물병원,"경기도 군포시 산본로343번길 23, 104호 (산본동)",399-7599,428648.9008,193760.6824
4459,행복나눔동물병원,"경기도 군포시 군포로476번길 2, 1층 (당동)",398-9975,427402.5636,195001.3021
4460,산본중앙동물병원,경기도 군포시 고산로 686 (산본동),031)395-0079,429880.1996,194157.1294
4461,프라하동물병원,"경기도 군포시 용호1로 4, 104호 (당동)",031-391-7075,426810.1319,194494.8222
4462,군포굿닥터동물병원,"경기도 군포시 고산로 242, 1층 (당동)",031-391-7533,427117.0457,195109.5018
4463,한국마사회 서울부속동물병원,"경기도 과천시 경마공원대로 107, 한국마사회 (주암동)",02-509-1911,438412.7417,201414.2905
4464,별내동물병원,"경기도 남양주시 별내중앙로 84 (별내동, 동익미라벨 3903동 14호)",575-0059,460817.5366,210693.0156
4465,해밀동물병원,경기도 남양주시 진접읍 해밀예당3로 122,553-0075,468689.9114,217263.4494
4466,별사랑동물병원,"경기도 남양주시 순화궁로 357, 207호 (별내동)",574-4975,461803.0661,210937.1777
4467,미리내동물병원,"경기도 남양주시 별내5로 35, 102호 (별내동)",574-7580,461047.2822,210138.6839
4468,창현동물병원,경기도 남양주시 화도읍 창현로 53,591-5991,460436.4845,226859.3145
4469,내품애동물병원,경기도 남양주시 와부읍 수레로 34-1,558-9119,453913.0544,219008.1178
4470,스타동물병원,"경기도 남양주시 별내2로 64, 202호 (별내동)",031-528-8575,460458.9221,210953.8377
4471,꾸러기동물병원,"경기도 과천시 별양상가2로 20, 124호 (별양동, 새서울쇼핑)",02-502-7509,436077.66,199271.515
4472,구자동동물병원,"경기도 과천시 별양상가1로 38, 백두빌딩 1층 110호 (별양동)",02-504-7588,436226.12,199359.55
4473,마석동물병원,경기도 남양주시 화도읍 마석로 90,031-551-8275,461862.1592,226865.1184
4474,햇빛동물병원,경기도 남양주시 덕송2로6번길 28-11 (별내동),528-7545,462632.935,210268.11
4475,동물자유연대 부속 동물병원,경기도 남양주시 화도읍 경춘로2394번길 49,031-523-3013,461670.3459,231301.7854
4476,탑 동물병원,"경기도 남양주시 도농로 71 (도농동, 부영사랑으로7단지아파트)",031-553-7585,456523.5384,213667.9162
4477,부영 동물병원,"경기도 남양주시 다산중앙로123번길 22-8, 리더스퀘어 604호 (다산동)",031-565-7582,458003.0849,213261.0276
4478,제일종합동물병원,경기도 김포시 양촌읍 양곡1로 13,981-1516,461130.9158,166740.846
4479,가람동물병원,경기도 김포시 양촌읍 양곡로390번길 97,981-0123,462750.387,167912.3333
4480,한마음동물병원,경기도 김포시 통진읍 김포대로 2025,031-987-7582,464539.0825,166282.6466
4481,중앙애견종합병원,경기도 김포시 돌문로 83-2 (사우동),984-8275,457674.0607,174701.2383
4482,현대종합동물병원,경기도 김포시 북변중로 72-10 (북변동),,458408.4369,174268.7754
4483,KRH동물병원,"경기도 김포시 봉화로181번길 36, 삼환아파트 상가동 지하층 8호 (감정동)",,458381.2262,173418.4445
4484,하나동물병원,"경기도 김포시 관순로 4 (사우동, 1층상가)",,457719.1856,174846.0184
4485,덕소동물병원,경기도 남양주시 와부읍 덕소로 88,576-7535,453787.1496,218660.3239
4486,나루동물병원,경기도 남양주시 경춘로 404 (도농동),554-8575,456029.9715,213976.5806
4487,호평동물병원,경기도 남양주시 늘을1로16번길 29 (호평동),511-7275,461328.1449,221404.0039
4488,대학동물병원,"경기도 남양주시 화도읍 맷돌로91번길 4-18, 송호빌 102호",559-7581,461790.733,226534.1556
4489,산본동물병원,경기도 군포시 산본천로 212 (산본동),394-0816,429869.8209,194708.2727
4490,명동물병원,경기도 군포시 번영로 602 (금정동),452-7582,428972.572,194821.8005
4491,그랜드동물병원,경기도 군포시 군포로 521-1 (당동),453-7582,427880.1172,195077.823
4492,솔 동물의료센터,"경기도 군포시 고산로 529, A.B동 114호 (산본동, 금강2차아파트)",031) 345-4500,428759.006,193069.9711
4493,쿨펫동물병원,"경기도 군포시 산본로 347, 5층 (산본동, 이마트백화점)",031-398-0075,428787.5053,193861.8745
4494,뉴에스동물병원,"경기도 군포시 산본로343번길 7, 창선빌딩 101,102,지101,102,103호 (산본동)",031-397-0071,428744.9786,193904.141
4495,현리동물병원,경기도 가평군 조종면 현창로 70 (현리동물병원),,479828.0629,230438.34
4496,가평축산농협 동물병원,"경기도 가평군 가평읍 가화로 55-17, 가평축산농협",031-582-4111,480343.9257,245252.4166
4497,청평동물병원,경기도 가평군 청평면 청평중앙로 55-1,585-7573,470746.3531,236987.669
4498,설악동물병원,"경기도 가평군 설악면 신천중앙로 120, 1층",584-3063,464093.1691,243211.0248
4499,우랑동물병원(산업동물출장진료전문병원),경기도 가평군 가평읍 중촌로 11,,481292.9715,244728.6756
4500,목감시티동물병원,"경기도 시흥시 목감둘레로 253-24, 110호 (조남동)",031-504-7559,430994.4981,187571.6038
4501,아이웰 동물의료센터,서울특별시 마포구 백범로 130 (염리동),02-2088-1375,449320.3046,195080.453
4502,씨엔에프 팜테크,제주특별자치도 제주시 일주서로 7800 (연동),,-229.7015437,151585.3547
4503,on동물병원,경상남도 통영시 북신로 41-29 (북신동),055-646-1550,151436.7413,330674.3417
4504,하니동물병원,서울특별시 양천구 등촌로 58 (목동),02-2647-1772,448106.5715,187890.2511
4505,선샤인 동물병원,경상북도 구미시 송선로 441 (도량동),054-453-8585,293578.4938,318407.082
4506,노아 동물병원,"인천광역시 미추홀구 숙골로 90, 도화프라자 201호 (도화동)",032-874-2202,440973.358,170164.0479
4507,참좋은동물병원,"경기도 광주시 오포읍 신현로 123, 2층",031-713-0103,,
4508,그림책 읽어주는 동물병원,"서울특별시 영등포구 당산로36길 12, 111호 (당산동4가, 당산2차삼성아파트)",02-6933-0113,447295.2146,190952.3936
4509,하이응급동물메디칼센터,"충청북도 제천시 의림대로 41, 1층 (영천동)",043-653-7588,404034.2078,307185.8716
4510,둘리동물병원,"서울특별시 도봉구 도봉로 502, 1층 (창동)",993-0075,460856.2157,203101.1109
4511,연서동물종합병원,"서울특별시 은평구 연서로 162, 1층 (대조동)",02-358-7582,456765.9502,192679.1592
4512,셀레네 동물병원,강원특별자치도 삼척시 봉황로 163 (교동),033-576-0142,441097.1897,391903.0626
4513,리더스 외과 동물병원,"경기도 성남시 분당구 성남대로 45, 2층 201호 (구미동)",,426450.1735,209533.8907
4514,열린동물병원,전라남도 목포시 청호로 155-1 (산정동),061-274-2244,145335.9572,142693.3358
4515,희망로H동물병원,"대구광역시 남구 희망로 52, 1층 (이천동)",053-472-2468,261995.9394,344865.5497
4516,닥터장 동물의료센터,"경상남도 창원시 의창구 동읍 의창대로 870-5, 지하2층 204호",,198950.6613,353394.0772
4517,24시 황금동물의료센터,"대구광역시 수성구 청수로 135, 1층 (황금동)",053-247-0124,261240.2002,346586.5921
4518,선부중앙동물의료센터,"경기도 안산시 단원구 선부광장1로 69, 한양3차산호아파트 2층 205-1호 (선부동)",031-8042-7542,426090.3692,183383.4172
4519,더 건강한 동물병원,"충청남도 홍성군 홍성읍 월산1길 33-6, 보람빌 3층 304호",,344237.3075,168554.6906
4520,한남심장내과동물병원,"서울특별시 용산구 독서당로 46, 111호 (한남동, 한남아이파크)",02-6085-4777,447793.9241,200571.7259
4521,여울동물병원,"경기도 용인시 수지구 신봉3로7번길 31, 1층 12호 (신봉동, 수지스카이뷰푸르지오)",312620408,424941.1381,206132.3524
4522,24시하나린동물의료센터,"경기도 오산시 문헌공로 3, 인피니트타워 201호, 202호 (금암동)",070-7537-3724,408075.264,204436.0751
4523,오산25시종합동물병원,경기도 오산시 성호대로 97 (오산동),031-378-1114,405250.9198,206337.4824
4524,견우동물병원,"제주특별자치도 제주시 승천로 88, 1층 (아라이동)",064-803-8977,-483.2627002,157501.4252
4525,애니멀즈동물병원,"대전광역시 유성구 온천북로 31, 2층 (봉명동)",042-824-8885,317414.5633,231015.4886
4526,모루 동물의료센터,"서울특별시 중랑구 망우로 373, 1층 (상봉동)",02-2038-7533,455149.745,208199.9916
4527,르엘동물의료센터,"경상남도 김해시 장유로 412, 2층 (신문동)",055-724-0737,189474.918,365702.8265
4528,오디세이 동물심장내과,"경기도 화성시 동탄역로 150, 에이동 201호 (오산동, 동탄역 롯데캐슬)",031-378-7515,410833.6045,208582.422
4529,향석동물병원,"충청남도 아산시 배방읍 배방로229번길 5-3, 동원주택 103호",,363310.472,206289.4627
4530,에니메드동물병원,"충청남도 아산시 배방읍 희망로46번길 46-2, 에이스빌딩 2층",041-901-1344,365269.9449,209532.5134
4531,남부여 보호소 동물병원,"충청남도 부여군 임천면 위덕로47번길 36-12, 제4동",041-837-8277,301631.7668,190025.035
4532,아이랑 동물병원,"서울특별시 동대문구 이문로35길 12, 상가 A동 101호 (이문동, 래미안라그란데아파트)",,455308.6518,205249.2654
4533,코너동물병원,"대구광역시 중구 명덕로 297, 코너동물병원 (대봉동)",254-7975,262882.7696,344694.1348
4534,한성동물병원(양수지점),"경기도 남양주시 조안면 북한강로 130, 1층 102호",,448308.4241,226700.1505
4535,리디아 동물병원,서울특별시 강남구 압구정로46길 6 (신사동),02-515-2223,447338.1572,203164.4389
4536,24시 이오동물병원,"경기도 안양시 동안구 관악대로 177, 2층 (비산동)",031-360-2575,,
4537,신광목장동물병원,"전라남도 나주시 상야4길 10, 패션페이스 1층 144호 (빛가람동)",,169326.8051,181057.0424
4538,행복동물의료센터,충청남도 예산군 예산읍 벚꽃로155번길 49,,354877.1894,184846.401
4539,김포24시힐동물의료센터,"경기도 김포시 김포한강2로 11, 113동 2층 201~203호 (장기동, 수정마을 쌍용예가아파트)",,460035.0568,171753.8947
4540,메이트 동물병원,"경기도 화성시 남양읍 남양로 671, 105호",031-356-7975,410747.6849,184483.6966
4541,온동물병원,부산광역시 기장군 기장읍 차성동로 108,,196478.7759,401727.5496
4542,가람 동물병원,"대전광역시 동구 옥천로 193, 1층 (판암동)",042-345-7588,313160.8696,241356.3702
4543,원성준영상의학과동물병원,"서울특별시 강남구 도곡로 167, 성우빌딩 2층 (역삼동)",02-6204-7511,443285.6308,203285.0443
4544,특수동물 행동정신병원,"경기도 파주시 조리읍 뇌조로 123, 2층",,472422.5407,183701.8787
4545,포레온 동물병원,"서울특별시 강동구 양재대로 1360, 포레온스테이션5 2층 2029호 (둔촌동)",02-2135-8833,447197.2733,212195.1099
4546,유동물병원,"충청남도 아산시 배방읍 북수로111번길 6-4, 태하빌딩 201동 2층 4호",,363657.7596,206483.8399
4547,대경동물병원,"대구광역시 북구 한강로8길 13-4, 501호 (금호동)",053-745-4571,267193.009,337038.178
4548,유스동물병원,"전북특별자치도 익산시 선화로6길 40-5 (모현동1가, 라움엘포레)",,271866.3229,193936.3752
4549,문화동물병원,"경상북도 문경시 신흥2길 37, 1층 2호 (흥덕동)",,345103.4481,307940.3945
4550,팜솔동물병원,"전북특별자치도 완주군 구이면 구이로 1485, 1층",,248016.5448,210751.9635
4551,이프동물의료센터,"경기도 화성시 동탄대로5길 15, 그랑파사쥬 3층 3030,3031,3032호 (송동)",,407254.7067,209358.3167
4552,리본동물병원,"광주광역시 서구 금화로 283, 스타빌딩 1층 (화정동)",062-373-5575,182089.598,188808.8295
4553,정겨운 동물병원,"충청북도 청주시 서원구 구룡산로 386, 1층 (수곡동)",,346436.6967,243506.2303
4554,아비넥스트 부설 동물병원,충청북도 청주시 상당구 남일면 쌍암동길 30-7,,340752.8749,246985.9916
4555,청도펫동물병원,"경상북도 청도군 청도읍 청도신기길 2, 1층",543720045,239532.4806,357931.6852
4556,에드워드동물병원,"경기도 고양시 일산동구 위시티로 24, 101호 (식사동)",031-962-0926,463628.6825,183010.4493
4557,정든동물병원,"서울특별시 은평구 수색로 200(증산동, DMC센트럴자이)",23069990,453194.5377,191337.2733
4558,나음동물병원,"충청북도 청주시 청원구 안덕벌로86번길 40, 지하층 (내덕동)",,350839.5157,244273.1963
4559,온리동물병원,"인천광역시 부평구 열우물로 90, F동 105호 (십정동, 더샵부평센트럴시티)",032-719-4812,441511.6782,173203.2441
4560,으뜸동물병원,"인천광역시 미추홀구 미추홀대로 662, 1층 (주안동)",032-713-4904,439417.9017,171641.9258
4561,명지 수동물병원,"부산광역시 강서구 명지국제2로 29, 203호 (명지동)",051-710-7574,178891.0303,373808.7564
4562,두리동물병원,경상북도 상주시 경상대로 3138(만산동),,325732.7333,303239.8209
4563,더바른 동물병원,"부산광역시 사하구 다대로 700, 2층 (다대동)",051-717-2316,173951.8004,379207.7254
4564,우주동물병원,"경기도 성남시 중원구 양현로405번길 5, 신야탑푸르지오시티 1 101,102호 (여수동)",031-778-6420,435024.3001,211162.5154
4565,고성작은동물병원,"경상남도 고성군 고성읍 송학로149번길 8-1, 1층",055-673-7582,165156.8585,320958.9516
4566,서서동물의료센터,"경기도 하남시 미사강변대로 84, 미사탑프라자 2층 204.205호 (풍산동)",031-8027-6991,450600.7074,216546.1562
4567,24시월드펫동물메디컬센터,서울특별시 양천구 신월로 208(신월동),226987582,446486.3853,186262.2128
4568,판교포레동물병원,"경기도 성남시 분당구 판교대장로6길 10,  동 207,208,209,210호 (대장동)",031-715-7975,429415.2057,205999.0478
4569,24시 스탠다드 동물의료센터,"서울특별시 송파구 위례송파로 77, 위례우성어반타워 3층 303~307, 309호 (거여동)",02-448-6400,442594.7879,212530.1839
4570,온아동물의료센터,"경기도 김포시 김포한강8로 410, 스타프라자 204, 205호 (구래동)",031-986-7550,460134.633,166714.9865
4571,투게더 동물병원,"인천광역시 연수구 인천타워대로197번길 16, 리치센트럴 2층 237호 (송도동)",032-710-7578,431952.0565,167630.628
4572,미르동물병원,경상남도 양산시 동면 금오12길 1,055-912-0957,203597.1789,384084.8178
4573,온유동물병원,전라남도 순천시 서면 삼산로 291,061-755-0155,165539.6279,245990.3141
4574,마리동물병원,"경기도 파주시 경의로 1813, 2층 202호 (아동동)",,474072.6144,180215.3095
4575,더파크동물의료센터,"서울특별시 강동구 성내로 48, 씨네월드 1층 (성내동)",02-6949-2475,447372.6172,210992.4973
4576,어울림동물메디컬센터,"부산광역시 강서구 명지국제8로 270, 1동 202호 (명지동)",051-711-7581,179291.2555,375192.2933
4577,더좋은 동물병원,"경기도 시흥시 서울대학로278번길 61, 서영베니스스퀘어 2층 233호 (배곧동)",031-431-0075,429602.844,176072.6007
4578,권앤정 24시수원동물메디컬센터,"경기도 수원시 영통구 덕영대로 1509, 1,2(일부)층 (영통동)",312020119,416027.5874,204893.0891
4579,시민동물병원,"인천광역시 부평구 경인로 855, DS 까사 101호 (부평동)",032-426-4545,442499.5526,174766.7714
4580,해랑동물병원,"경기도 고양시 덕양구 토당로 115, 금호프라자 101호 (토당동)",318118991,458154.13,183778.6343
4581,나래동물의료센터,"충청북도 청주시 서원구 모충로35번길 6, 2층 (개신동)",,347246.4035,241788.6297
4582,해원 동물병원,"인천광역시 부평구 세월천로 77, 1층 104호~105호 (산곡동)",032-505-7975,445716.3703,173477.0349
4583,아이비유동물병원,"인천광역시 서구 이음5로 65, 상가동 103호 (원당동, 검단 금호어울림 센트럴)",,,
4584,명성동물병원,"충청북도 보은군 보은읍 풍취신함길 98, 주택 주 2동",,333507.3896,265302.2845
4585,서울웰동물의료센터,"경상남도 거제시 중곡로1길 49, 황제빌딩 2층 (고현동)",736-0075,156044.6083,348486.0321
4586,샘터동물병원,"광주광역시 북구 임방울대로1042번길 17, 2동 111호 (용두동, 첨단 용두 산이고운)",062-573-9988,190227.5718,188259.7861
4587,해밀동물병원,"세종특별자치시 해밀3로 43, 스카이드림 2층 201~202호 (해밀동)",044-864-5952,336453.6609,223660.2207
4588,늘품동물병원,"충청북도 청주시 서원구 1순환로 1059, THE STYLE 108,109,110호 (분평동)",,345172.8254,243256.6527
4589,서울은내과동물병원,"서울특별시 은평구 응암로 278, 3층 (응암동)",02-354-9990,454893.1966,192839.1363
4590,곰곰동물병원,"강원특별자치도 강릉시 범일로 646, 1층 (내곡동)",033-823-2008,472955.887,365936.4698
4591,전남동물의료센터,전라남도 나주시 빛가람로 746 (빛가람동),061-333-8575,169112.9905,181063.7315
4592,이화동물병원,충청남도 천안시 동남구 병천면 아우내순대길 16,,362015.384,226507.9075
4593,신사동물병원,"충청남도 청양군 정산면 정현2길 3, 1동 1층 101호",,323416.7141,195204.6561
4594,행복튼튼동물병원,"경기도 파주시 중앙로 241, 한샘파주키친프라자 1호 (금촌동)",,472842.2181,180417.4723
4595,엘림동물병원,전라남도 무안군 일로읍 월평길 9,,150618.2565,154144.986
4596,도담동물의료센터동물병원,경기도 이천시 이섭대천로 1458 (증포동),031-638-8875,421811.0355,240579.9395
4597,스무살의꿈 동물병원,"서울특별시 송파구 석촌호수로 140, 잠실레이크타워 202, 203호 (삼전동)",,444988.08,208106.51
4598,야당마을동물병원,"경기도 파주시 송학1길 88, 1층 (야당동)",319497553,467887.9269,179079.9356
4599,아이디펫 동물병원,"부산광역시 연제구 중앙대로 1068, 1층 (연산동)",,189095.9878,389379.8744
4600,원동물병원,경상남도 창녕군 대합면 십이리길 62,,235889.3366,333257.5989
4601,인우동물병원,"충청북도 청주시 청원구 오창읍 중부로 1555, 1층",,362715.9361,243879.9768
4602,바른동물병원,경기도 이천시 구만리로 114 (진리동),031-637-7959,418572.1257,239715.5003
4603,유니온동물병원,경상북도 구미시 선산읍 성황6길 23,,304826.5263,315823.0908
4604,중동동물병원,경기도 부천시 원미구 중동로 157 (중동),655-6034,443553.5998,179316.372
4605,정종합동물병원,경기도 부천시 오정구 소사로 706 (원종동),682-1279,446305.8653,182708.5092
4606,고강동물병원,경기도 부천시 오정구 역곡로 473 (고강동),683-5137,447197.1588,183649.7407
4607,샐리동물병원,경기도 부천시 소사구 경인로138번길 9 (송내동),651-5450,442418.5965,179708.1195
4608,한양동물병원(출장전문),"경상남도 함양군 함양읍 함양로 1409, 1층",,227080.6017,267130.1803
4609,서봉동물병원,"광주광역시 광산구 어등대로 289-5, 1층 102호 (서봉동)",,183624.9806,177661.6963
4610,낭만고양이병원,"대전광역시 유성구 현충원로347번길 79-5, 101호 (구암동)",,317839.1849,227413.0634
4611,미르 동물병원,"경기도 부천시 원미구 길주로77번길 19-45, 디아뜨갤러리4 113호 (상동)",662-2479,445079.5757,177772.0037
4612,24시 아이동물메디컬센터,"경기도 부천시 오정구 소사로 779, 뉴월드프라자 (원종동)",677-5262,447065.179,182650.504
4613,조규만외과동물병원,"경기도 부천시 원미구 부일로 226, 대명그린프라자 (상동)",032-656-7582,442917.9309,178264.4291
4614,상동물병원,경기도 부천시 원미구 조마루로97번길 34-9 (상동),323280079,444430.9083,178297.3683
4615,정샘동물병원,"경기도 부천시 원미구 중동로 244, 109,110호 (중동, 상록센트럴타워)",032-323-4999,444394.2257,179509.0156
4616,노엘동물병원,"경기도 부천시 소사구 범안로 98, 범박동 근린생활시설 (범박동)",2477575,441230.9442,183011.5007
4617,우리앤동물병원,경기도 부천시 원미구 조마루로105번길 8-6 (상동),032-325-7975,444260.2998,178341.8049
4618,지중해동물병원,"경기도 부천시 원미구 길주로 275, 중동프라자 (중동)",321-7603,444658.1934,179887.7515
4619,행복한동물병원,"경기도 부천시 원미구 소향로13번길 14-16, 대맥프라자 (상동)",324-3004,444676.998,177820.7246
4620,연은동물병원,경기도 부천시 오정구 역곡로490번길 5 (고강동),678-0896,447390.9398,183700.1533
4621,원종동물병원,경기도 부천시 오정구 소사로 793 (원종동),,447210.1677,182647.7033
4622,더본 동물병원,"경기도 부천시 원미구 중동로262번길 32, 우영프라자 (중동)",323262992,444521.8332,179642.4037
4623,바로 동물병원,경기도 부천시 원미구 원미로 88-2 (원미동),255-0075,443166.9944,181407.2656
4624,맘스동물의료센터,"경기도 부천시 원미구 길주로 80, 로얄타워 (상동)",032-229-8275,444812.1263,177930.6167
4625,24시해든동물메디컬센터,"경기도 부천시 원미구 신흥로 190, 위브더스테이트 (중동)",032-715-7579,444378.2545,180230.1475
4626,마리동물병원,"경기도 부천시 오정구 여월로 66, DS타워 (여월동)",672-7379,445496.1789,182769.0112
4627,쿨펫동물병원(이마트 중동점),"경기도 부천시 원미구 석천로 188, (주)신세계이마트중동점 (중동)",323259617,444675.1605,179059.8905
4628,보우동물병원,경기도 부천시 소사구 양지로171번길 26 (옥길동),323437582,440760.5059,184177.9282
4629,훈 동물병원,"경기도 부천시 소사구 송내대로 14, 송내역 파인 푸르지오 2단지 (송내동)",325265500,442505.1177,178179.1027
4630,런던동물병원,경기도 부천시 소사구 경인로 102 (송내동),032-611-0275,442423.6766,179297.6737
4631,애니피아동물병원,"충청남도 청양군 청양읍 칠갑산로9길 1, 1동 1층 101호",,327776.2797,182459.0807
4632,온유동물병원,경기도 부천시 원미구 길주로 342 (중동),"652-7566,655-3691",444460.54,180523.6289
4633,다나동물병원,경기도 부천시 원미구 도약로 31 (상동),323-2737,445630.3704,178088.8351
4634,가나동물병원,경기도 부천시 소사구 경인로 72 (송내동),6650075,442395.7174,178984.1943
4635,가람동물병원,"경기도 부천시 소사구 경인로 494, 조양프라자 (괴안동)",3431397,442375.815,183160.18
4636,다솜동물병원,"경기도 부천시 원미구 지봉로 116, 역곡시장 (역곡동)",032-351-3031,442916.8142,183330.1346
4637,로뎀종합동물병원,"경기도 부천시 원미구 원미로 117 (원미동, 유림연립)",,443454.0912,181428.728
4638,늘봄 동물병원,경기도 부천시 소사구 소사로 196 (소사본동),323465454,441518.4119,181864.687
4639,비엔동물전문의료센터,"경기도 부천시 소사구 경인로 475, 정인빌딩 (괴안동)",032-345-7559,442347.9465,182981.8906
4640,TLC 동물의료센터,"경기도 부천시 원미구 길주로 281, 동화빌딩 (중동)",032-323-2475,444645.9697,179960.7852
4641,24시 웰니스 동물 의료센터,"경기도 부천시 원미구 부흥로303번길 62, 그린프라자 (중동)",322017575,443927.7102,180118.3841
4642,채움동물병원,"경기도 부천시 원미구 길주로 129, 대신스카이빌 (상동)",323227505,444903.3329,178431.8954
4643,해피동물병원,경상남도 남해군 남해읍 화전로 143,055-864-7778,149848.2983,281729.1436
4644,엘림동물병원,"경기도 부천시 원미구 삼작로 305 (도당동, 성진그린타운 102동)",,446472.2005,181851.85
4645,수동물병원,"경기도 부천시 오정구 소사로 709, 그린메디칼프라자 (원종동)",032-675-8575,446357.3276,182646.3303
4646,소사프라임동물병원,경기도 부천시 소사구 소사로 184 (소사본동),,441401.8468,181866.423
4647,큐피트동물병원,경기도 부천시 원미구 부일로 447-1 (심곡동),032-666-7975,442717.9137,180472.0988
4648,팜펫동물병원,"경기도 부천시 원미구 길주로 219, 드림빌딩 (중동)",321-7584,444754.8452,179310.3874
4649,동물사랑병원,경기도 부천시 원미구 도약로 39 (상동),323-8275,445618.2102,178169.0015
4650,라임동물병원,"경기도 부천시 오정구 소사로 722 (원종동, 제이디 스카이빌)",676-7533,446497.4506,182709.018
4651,현대동물병원,"경기도 부천시 원미구 송내대로265번길 85, 뱅뱅프라자 (상동)",328-8440,445043.8348,178170.9038
4652,옥길아라동물의료센터,"경기도 부천시 소사구 양지로 208, 지음프라자 2층 (옥길동)",323487775,440580.1954,184358.4618
4653,정다운동물병원,"경기도 부천시 원미구 부흥로315번길 69, 2층 (중동)",032-328-0119,443947.6441,180181.893
4654,리움 동물의료센터,"경기도 부천시 오정구 소사로 818, 유림빌딩 2층 (원종동)",032-710-0040,447436.8485,182703.3772
4655,해든고양이병원,"경기도 부천시 원미구 신흥로 190, 위브더스테이트 1단지 202,203,204호 (중동)",032-719-7939,444378.2545,180230.1475
4656,중동우리아이동물병원,"경기도 부천시 원미구 소향로 181, 상가동 1층 125호 (중동, 센트럴파크 푸르지오)",032-724-9898,444449.6608,179405.6958
4657,정담 동물메디컬센터,"경기도 부천시 소사구 경인로 141, 국일빌딩 1층 (송내동)",032-653-0119,442480.1748,179676.4854
4658,포근한동물병원,"경기도 부천시 원미구 소향로 111, 디아뜨 1 A동 110, 111호 (중동)",,444527.5746,178712.7716
4659,하모니동물병원,"경기도 부천시 원미구 신흥로 150, 위브더스테이트 (중동)",225-7575,443971.6563,180317.0156
4660,Be 동물병원,"경기도 부천시 소사구 범안로 55, 홈타운프라자 2층 206호 (괴안동)",032-349-7975,441666.0895,182957.8024
4661,하노바동물병원,경기도 부천시 원미구 부흥로 196 (중동),614-7582,443773.6725,179091.7552
4662,부천종합동물병원,"경기도 부천시 소사구 경인로 190, 111호 (심곡본동, 부천라비앙로제)",201-8275,442385.8518,180179.0461
4663,가야동물병원,경기도 부천시 원미구 부천로 69 (심곡동),655-3500,443175.7997,180817.8124
4664,햇빛 동물병원,경기도 부천시 오정구 평천로 718 (삼정동),676-7584,445879.9274,179657.9452
4665,부천 동물심장 내과 건강검진센터,"경기도 부천시 원미구 길주로 91, 202호 (상동, 비잔티움 상동)",324-8575,444933.2733,178049.4551
4666,서울 베스트 동물병원,경기도 부천시 원미구 장말로 219 (중동),,443415.24,179263.535
4667,위더스동물병원,"경기도 부천시 원미구 길주로 81, 모건시티 (상동)",666-7500,444929.7279,177957.8476
4668,부천24시SKY동물메디컬센터,"경기도 부천시 원미구 길주로 234, 힐스테이트 중동 203동 2001, 2007호 (중동)",032-323-7579,444580.0769,179427.4078
4669,월드펫동물병원,"경기도 부천시 원미구 중동로 100, 팰리스카운티 아이파크상가동 213호 (중동)",661-7575,443105.4446,179378.4692
4670,신세계동물병원,"경기도 부천시 소사구 경인로 232, 이테크 에비뉴스타 215호 (심곡본동)",326147588,442300.924,180572.2398
4671,24시 이지동물의료센터,"경기도 부천시 원미구 부일로 712, 조양시티프라자 (역곡동)",032-348-7975,442529.3022,183029.8325
4672,부천준동물병원,"경기도 부천시 원미구 신흥로 230, 두리프라자 (중동)",322-7595,444704.6267,180148.2372
4673,소풍동물병원,"경기도 부천시 원미구 송내대로 239, 소풍 (상동)",329-7975,444684.4053,178411.4421
4674,나음동물병원,"경기도 부천시 원미구 길주로 276, 무광오피스빌딩 (중동)",3237581,444543.6877,179844.3332
4675,S동물병원,"경기도 부천시 원미구 상동로 78 (상동, 상동 동양파라곤)",323225222,444663.6771,178102.5181
4676,기린동물병원,"경기도 부천시 원미구 길주로 273, 신명타운 (중동)",323220506,444665.525,179843.93
4677,아름다운동물병원,"경기도 부천시 원미구 상일로 100, 송내부건프라자 (상동)",325-7588,443262.0072,178104.8163
4678,24시 연희동물의료센터,"인천광역시 연수구 청능대로 93, 이리옴프라자 301동 1호 (청학동)",032-821-8088,434738.8278,171219.1864
4679,광주광역시 우치동물원 동물병원,"광주광역시 북구 우치로 677, 우치공원 금호패밀리랜드 (생용동)",613-5890,191422.8622,189939.239
4680,바이오컨설팅 & 신동물병원,광주광역시 북구 임동로 6 (임동),525-1928,184626.0465,190518.3764
4681,굿모닝동물병원,광주광역시 북구 설죽로 305 (용봉동),573-7171,187517.9869,190609.6066
4682,주주동물병원,광주광역시 북구 필문대로 75 (풍향동),524-7582,184856.85,193345.6524
4683,아나푸게안과동물병원,광주광역시 북구 설죽로 191 (용봉동),524-3663,186413.7114,190523.9798
4684,무등동물병원,광주광역시 북구 서림로 116 (임동),,184708.7291,190627.2919
4685,전남대학교 동물병원,"광주광역시 북구 용봉로 77, 전남대학교 주210 (용봉동)",530-2882,186342.6162,191342.6276
4686,해맑은동물병원,광주광역시 북구 하서로 415 (용두동),571-7582,190352.3185,188473.8853
4687,주수의과 병원,경상남도 의령군 의령읍 의병로 171,,202930.6471,314090.8838
4688,송동물병원,경상남도 의령군 부림면 신번로7길 3-1,,219491.1697,320130.9054
4689,김동물병원,"경상남도 의령군 정곡면 의합대로 1191, 1동 1층",,211165.83,320797.9115
4690,동호동물병원,경상남도 의령군 의령읍 백산로3길 3,055-572-6001,203222.4039,314978.6093
4691,24시 더나은 동물메디컬 센터,경상남도 거제시 동문천로 47 (고현동),055-716-1175,155010.4158,348514.1827
4692,거제동물메디컬센터,"경상남도 거제시 수양로 456-12, 3층 (수월동)",556327582,156218.2625,349915.5499
4693,아주동물병원,"경상남도 거제시 아주2로 35, 전성빌딩 1층 (아주동)",,153352.5124,354204.6152
4694,BL불임우병원,경기도 화성시 우정읍 조암로 40,,398338.0072,183853.1603
4695,러브펫,경기도 하남시 신평로 58 (신장동),791-5775,448509.7611,218070.7365
4696,서울샤인동물병원,"경기도 용인시 수지구 신봉1로 84, 228,229호 (신봉동, 상록신봉종합상가)",031-261-7582,424640.6328,206706.578
4697,청산동물병원,충청북도 옥천군 청산면 지전1길 10-1,732-8173,316283.1888,271108.7162
4698,아름동물병원,충청북도 옥천군 옥천읍 삼양로 41-1,731-3935,311921.9703,250807.1696
4699,참좋은동물병원,충청북도 옥천군 옥천읍 금장로 23,733-1548,311420.7188,250864.0173
4700,고려동물병원,충청북도 옥천군 옥천읍 문장로 81-8,070-7796-3478,310976.8583,251733.0759
4701,옥천동물병원,충청북도 옥천군 옥천읍 삼금로 53,043-732-8844,311516.8298,251011.2699
4702,힐스타동물병원,"서울특별시 강남구 자곡로 202, 105호 (자곡동, 강남힐스테이트에코)",02-445-5022,441399.856,209201.9614
4703,강남다온동물병원,"서울특별시 강남구 도곡로 174, 1,2층 (도곡동)",02-576-1239,443237.6692,203333.0265
4704,압구정웰동물병원,"서울특별시 강남구 압구정로 108 (신사동, 덕산빌딩 203호 )",3443-0275,446742.8281,201749.4564
4705,선릉동물병원,"서울특별시 강남구 선릉로 533, 연안이씨빌딩 1층 (역삼동)",557-1555,444962.3065,204064.4794
4706,우리집동물병원,"서울특별시 강남구 남부순환로 2737, 1층 (도곡동)",02-572-9300,442699.0938,203923.9034
4707,봄사랑 동물병원,"서울특별시 강남구 압구정로29길 68, 2층 203호 (압구정동, 현대아파트)",02-6951-4327,447748.161,202454.97
4708,혜민동물병원,"서울특별시 강남구 봉은사로57길 59, 대호빌딩 1층 (삼성동)",02-454-8275,445820.365,203796.465
4709,신사동물병원,"서울특별시 강남구 도산대로 206, 진성빌딩 (논현동)",02-549-4505,446378.3572,202495.9907
4710,서진동물병원,서울특별시 마포구 신촌로16길 34(노고산동),02-336-3929,450220.1877,194117.3659
4711,서교동물병원,"서울특별시 마포구 포은로 107, 2층 (망원동)",02-332-7984,450483.1719,191496.3103
4712,수정동물병원,"서울특별시 강남구 일원로14길 25, 상가동 102호 (일원동, 푸른마을아파트)",6053-6052,442411.5001,207082.8529
4713,이비치 동물치과병원,"서울특별시 강남구 선릉로 756, 2층 (청담동, 대성빌딩)",02-511-2842,446670.677,203436.959
4714,마더스동물병원,"서울특별시 강남구 헌릉로 569, 202-1호 (세곡동, 강남리더스프라자)",445-7579,440405.7437,208882.2459
4715,도곡종합동물병원,"서울특별시 강남구 언주로 314, 105호 (역삼동)",554-8875,443750.8845,204056.1997
4716,치료멍멍동물병원,"서울특별시 강남구 언주로172길 11, 1층 (신사동)",545-0075,447301.3428,203004.5965
4717,솔샘동물병원,"서울특별시 강북구 삼양로27길 19, 상가 204동 108호 (미아동, 삼성래미안트리베라아파트)",988-7582,457219.3356,201731.6844
4718,애니케어 동물병원 수유점,서울특별시 강북구 삼양로 499 (수유동),996-1007,460598.0931,201189.0089
4719,굿모닝동물병원,"서울특별시 강서구 방화대로47가길 7 (방화동, 방화샤르망1오피스텔)",2665-8256,452706.1049,183414.4948
4720,다나동물병원,"서울특별시 강서구 강서로 254 (화곡동, 우장산아이파크이편한세상)",,449581.9285,185509.7552
4721,파스텔동물병원,"서울특별시 강서구 화곡로 112, 1층 (화곡동)",02-2693-0075,448627.7398,185300.5433
4722,오즈동물병원,서울특별시 강서구 강서로45길 28 (내발산동),02-2697-0052,449552.4628,185311.913
4723,땅콩 동물병원,"서울특별시 강서구 공항대로 190, 푸리마타워 219호 (마곡동)",02-3665-7588,450767.2584,184785.4835
4724,가양쿨펫동물병원,"서울특별시 강서구 양천로 431 (가양동, 홈플러스가양점)",3665-1838,451342.7735,186687.1318
4725,스마일동물병원,"서울특별시 강서구 수명로 74 (내발산동, 발산시티타워)",02-2667-5666,450049.7165,184573.2768
4726,셀레네동물병원,서울특별시 마포구 독막로 85 (상수동),02-335-5232,449521.7153,193103.497
4727,C.T.종합동물병원,"서울특별시 마포구 만리재로 74, 2상가 117호 (신공덕동, 신공덕2차삼성래미안)",02-6375-0075,449347.2585,196221.5457
4728,가로수동물병원,"서울특별시 강남구 압구정로 134, 1층 (신사동)",549-7579,446902.9167,202003.4196
4729,드림동물병원,"서울특별시 강남구 역삼로 234, 101,102호 (역삼동)",02-508-7583,443876.667,203662.27
4730,대치수동물병원,"서울특별시 강남구 삼성로 212 (대치동, 은마상가 1층 B120, B121)",02-539-3339,443914.1941,205707.0894
4731,H 동물병원,"서울특별시 강북구 삼양로27길 35-21, 미아프라자 106호 (미아동)",02-984-7588,457290.1007,201602.5775
4732,꼬마동물병원,"서울특별시 강북구 삼양로117길 5, 1층 (수유동)",02-993-8266,460114.2689,201316.118
4733,그레이동물병원 강남점,"서울특별시 강남구 언주로30길 21, 104, 202호 (도곡동, 아카데미스위트)",02-529-7587,442942.8535,204538.1449
4734,24시 스마트동물병원(신사본원),"서울특별시 강남구 도산대로 213 (신사동, 1층, 지하1층)",02-549-0275,446499.5821,202580.5891
4735,대형동물병원,서울특별시 강북구 한천로 1135(수유동),998-1785,460390.3451,201538.8645
4736,24시 수유 바른펫 동물의료센터,"서울특별시 강북구 노해로 65, 1, 2층 (수유동, 리안스페이스)",02-903-7582,459898.769,201895.657
4737,고려종합동물병원,"서울특별시 강남구 선릉로 225, 도곡렉슬아파트 상가동 109호 (도곡동)",02-575-7999,443682.9741,204586.37
4738,스마트동물병원,"서울특별시 강남구 삼성로 14, 208호 (개포동, 개포자이 프레지던스)",554-7582,442598.513,206239.624
4739,창문동물병원,서울특별시 강북구 월계로 35 (미아동),02-988-0251,456532.1412,202914.2828
4740,위즈동물병원,서울특별시 강북구 도봉로 202 (미아동),02-987-7959,458266.0946,202252.6859
4741,충현동물병원,"서울특별시 강남구 논현로 621, 1~4층 (논현동)",02-549-7582,445202.715,202825.95
4742,한 동물병원,서울특별시 강남구 논현로10길 14 (개포동),02-575-7581,441340.022,204337.1417
4743,24시 청담우리 동물병원,서울특별시 강남구 삼성로 614 (삼성동),02-541-7515,445808.225,204603.205
4744,삼성동물종합병원,"서울특별시 도봉구 도봉로 499, 1층 (쌍문동)",902-7582,460873.2212,203044.803
4745,24시 안박동물병원,"서울특별시 강서구 양천로 510, 1층 101-1호 (등촌동, 현대프린스텔빌딩)",,450877.7984,187239.1822
4746,세인트필립 동물병원,"서울특별시 동작구 남부순환로267길 5 (사당동,102호)",02-3486-7707,441659.8305,197869.5889
4747,이수동물병원,"서울특별시 동작구 사당로23나길 30 (사당동,1층)",02-592-8875,442831.3556,197768.0788
4748,정겨운동물병원,서울특별시 동작구 상도로 315 (상도1동),02-817-8172,444203.2744,195574.4601
4749,일마레 동물 메디컬 센터,"서울특별시 강남구 영동대로 708, 정화빌딩 4층 (청담동)",02-3445-7275,446545.9754,204979.056
4750,래이동물의료센터,서울특별시 강남구 남부순환로 2911-1 (대치동),556-7588,443391.3084,205037.1489
4751,유현동물병원,"서울특별시 도봉구 방학로 187, 105호 (방학동, 한화아파트 상가)",955-2882,462100.9149,202728.5068
4752,굿파파 24시 반려동물건강검진센터,"서울특별시 동작구 사당로 289, 1층 및 2층 (사당동)",02-593-8275,442514.2025,198128.4978
4753,나무동물병원,"서울특별시 동작구 흑석한강로 2, 1층 105호 (흑석동)",02-813-4567,444931.7713,196966.286
4754,우리아이동물병원,"서울특별시 동작구 상도로 262, 1층 및 2층 (상도동)",02-823-7500,444628.238,195234.7414
4755,박동물병원,"서울특별시 강서구 강서로 333, 104호 105호 (내발산동)",3665-5982,450368.3634,185521.3682
4756,고득영동물병원,"서울특별시 강서구 곰달래로 199 (화곡동, 고득영동물병원)",2608-0973,447697.8519,187118.3474
4757,우장동물병원,"서울특별시 강서구 화곡로 143 (화곡동, 충효빌딩)",2602-7582,448778.3567,185582.0072
4758,강서동물병원,"서울특별시 강서구 곰달래로15길 46 (화곡동, 강서동물병원)",2691-5900,447787.1484,185747.7315
4759,뉴욕종합동물병원,서울특별시 마포구 양화로 68 (서교동),02-333-9558,449835.2288,192513.4241
4760,용강동물병원,서울특별시 마포구 대흥로 48 (대흥동),02-707-2340,449177.7908,194584.8711
4761,디엔씨동물병원,서울특별시 마포구 신촌로 154 (노고산동),02-717-7571,450454.6967,194862.5593
4762,홍익동물종합병원,서울특별시 마포구 독막로 45 (합정동),02-325-2026,449540.2317,192718.1144
4763,망원동물종합병원,"서울특별시 마포구 월드컵로 65, 망원 양경회관 (망원동)",02-332-0175,450289.2569,192050.4931
4764,가나동물병원,서울특별시 도봉구 방학로 162 (방학동),3491-4748,462258.9036,202939.2188
4765,삼양동물병원,"서울특별시 강북구 삼양로 190, 백운M빌딩 1층 (미아동)",989-9552,457611.141,201780.553
4766,중앙동물병원,서울특별시 강북구 도봉로 88 (미아동),982-8698,457187.9509,202614.0721
4767,동물병원 위드,서울특별시 강북구 덕릉로 79 (수유동),907-1565,459160.7636,201926.5046
4768,이안동물의학센터(청담점),"서울특별시 강남구 선릉로 806, 5층 (청담동)",574-7533,446848.2841,203432.5185
4769,사랑동물병원,서울특별시 강북구 삼양로123길 6-12 (수유동),991-4304,460332.254,201283.6734
4770,현대종합동물병원,서울특별시 강북구 노해로 94 (수유동),999-9110,460155.6488,201963.3153
4771,파랑새동물병원,서울특별시 금천구 시흥대로 276 (독산동),805-2825,439576.5145,191042.1972
4772,대한동물병원,"서울특별시 강서구 화곡로 205 (화곡동, 대한동물병원)",2694-4821,449079.6699,186065.9752
4773,원동물병원,"서울특별시 강남구 역삼로 459, 한상빌딩 1층 (대치동)",02-555-6835,444519.1994,204998.9414
4774,서경석동물병원,"서울특별시 강남구 일원로 35, 남경빌딩 1층 (일원동)",02-3412-0067,443163.1019,207112.1957
4775,압구정메이트동물병원,"서울특별시 강남구 압구정로 332 (신사동, 1층,2층)",02-540-6303,447329.9537,203273.5153
4776,24시SNC동물메디컬센터,"서울특별시 강남구 논현로 416, 1층 (역삼동, 운기빌딩)",02-562-7582,443913.7293,203372.0362
4777,나은동물병원,"서울특별시 강남구 개포로 243, 101호 (개포동, 흥진빌딩)",02-577-7582,441887.674,204275.9177
4778,상도힐링동물병원,"서울특별시 동작구 상도로 353, 1층 (상도동)",02-812-7512,443898.9174,195791.5575
4779,보라매웰종합동물병원,"서울특별시 동작구 상도로 16, 1층 (대방동)",02-3280-7975,444170.2709,193055.3194
4780,지엔동물병원,"서울특별시 동작구 상도로31길 87, 2층 (상도동)",02-812-8275,444775.9775,195168.1305
4781,유케어종합동물병원,"서울특별시 동작구 상도로 214, 성은빌딩 1층 (상도동)",02-3280-8275,444759.1576,194835.7622
4782,해맑은동물병원,"서울특별시 강서구 양천로57길 10-20 (가양동, 이스타빌Ⅰ)",3663-7584,451159.5135,186943.8856
4783,아크리스동물의료센터,"서울특별시 강남구 봉은사로104길 10, 3층 (삼성동, 동화빌딩)",02-583-7582,445724.8101,205401.1467
4784,서울동물의료센터,"서울특별시 강남구 역삼로 426, 1,2층 (대치동)",02-566-8211,444341.5583,204673.5882
4785,24시OK동물병원,"서울특별시 강남구 도곡로51길 4, 역삼프라자 1층 (역삼동)",02-569-7582,443709.2833,204335.0708
4786,그레이스 고양이 병원,"서울특별시 강남구 선릉로152길 17, 아시아청담부띠끄 3층 302호 (청담동)",02-3442-5554,446912.2934,203559.8001
4787,아이윌24시동물병원,"서울특별시 강남구 삼성로133길 3, 노블레스타워 지하1층 (청담동)",02-6925-7021,446380.7971,204279.0565
4788,강남동물병원,"서울특별시 강남구 봉은사로 205, 상하빌딩 1층 (논현동)",514-7582,445062.8489,202977.4966
4789,중앙동물메디컬센터,"서울특별시 강남구 영동대로 630, 스타빌딩 (삼성동)",512-3331,446031.4616,205189.3375
4790,미래동물병원,"서울특별시 강서구 강서로 45 (화곡동, 미래동물병원)",2608-0234,447597.6455,185891.0988
4791,염창제일동물병원,"서울특별시 강서구 양천로 651, 1층 (염창동)",3665-7582,450097.9649,188426.3767
4792,서울플러스종합동물병원,"서울특별시 강서구 등촌로 55, 신진통상빌딩 (화곡동)",2652-7515,448071.203,187845.6075
4793,봉식동물병원,서울특별시 강북구 삼양로 252 (미아동),02-983-7000,458168.0862,201561.6721
4794,성내동물병원,서울특별시 강동구 풍성로 145 (성내동),02-484-5252,447678.1395,211256.0727
4795,동물사랑동물병원,서울특별시 마포구 월드컵로 73 (망원동),02-3142-0008,450350.4873,192005.6426
4796,삼성동물병원,"서울특별시 강북구 삼양로19길 25, 110동 지층 1-2,1-3호 (미아동, 삼성래미안트리베라1차아파트)",980-2340,456845.3738,201760.4338
4797,스마트 동물병원,"서울특별시 강북구 솔샘로 203-2, 1층 (미아동)",02-987-7588,457551.3736,201285.4082
4798,푸른동물병원,서울특별시 구로구 구로동로 111-1 (구로동),861-0075,442939.027,189698.6269
4799,동물을사랑하는사람들,서울특별시 강북구 도봉로98길 56 (번동),990-7588,459831.8597,202821.8956
4800,강북동물병원,"서울특별시 강북구 오현로 194 (번동, 덕수빌딩 1층)",985-7525,458496.3478,203452.5425
4801,보노보노동물병원,"서울특별시 강북구 삼양로 336, 예향교회 1층 (수유동)",903-5525,459010.1882,201496.6292
4802,호 동물병원,서울특별시 강북구 월계로 53 (미아동),988-6543,456622.678,203053.0036
4803,쿠키동물병원,"서울특별시 강북구 삼양로27길 19 (미아동, 래미안트리베라 201동 116호)",02-986-9875,457219.3356,201731.6844
4804,마리동물병원,서울특별시 마포구 신촌로 16 (동교동),02-323-7582,450639.7545,193576.475
4805,석동물병원,"서울특별시 강동구 성안로 16, 경도빌딩 1층 (성내동)",02-475-7501,447005.528,211389.7558
4806,SKY동물병원,"서울특별시 강서구 양천로 72 (방화동, 해성빌딩)",2666-5667,452339.8932,183306.7516
4807,용봉동물병원,"서울특별시 강서구 강서로17길 20 (화곡동, 용봉동물병원)",2603-0781,447881.3173,186195.3516
4808,금나래동물병원,"서울특별시 금천구 벚꽃로 30, 211호 (독산동, 금천롯데캐슬골드파크2차)",809-0075,439569.4015,190567.4183
4809,노아동물병원,서울특별시 금천구 금하로 745 (시흥동),805-4758,438676.7812,192194.2612
4810,마곡나무 동물병원,"서울특별시 강서구 마곡중앙1로 72, 1014동 103호 (마곡동, 마곡엠밸리10단지)",2661-7515,450822.831,183968.9068
4811,올스타동물의료센터,"서울특별시 강서구 가로공원로 198, 1층 (화곡동, 청파빌딩)",2065-7582,448315.5443,185605.5187
4812,하트온동물병원,"서울특별시 강서구 곰달래로 260, 피앤와이빌딩 1층 3호 (화곡동)",2644-5975,447757.3105,187715.4764
4813,서서울동물병원,"서울특별시 강서구 양천로 674, 9,10호 (염창동)",3662-8661,449904.1474,188538.5314
4814,시온동물병원,서울특별시 강서구 까치산로 74 (화곡동),2692-9290,449230.2982,186436.5516
4815,24시아프리카동물메디컬센터,"서울특별시 강서구 공항대로 335 (등촌동, 경왕빌딩)",3665-7975,450670.1946,186227.8789
4816,와우동물병원,"서울특별시 강서구 방화대로47가길 7 (방화동, 방화샤르망1오피스텔)",2666-0370,452706.1049,183414.4948
4817,박창석종합동물병원,서울특별시 마포구 도화길 42 (도화동),02-6405-7582,448806.6295,195543.8675
4818,상암동물병원,서울특별시 마포구 월드컵북로 336 (상암동),02-375-7222,452644.1815,190625.0025
4819,굿모닝 동물병원,서울특별시 구로구 개봉로 121 (개봉동),2060-8673,443837.883,187208.8981
4820,세인트동물병원,서울특별시 강서구 강서로 36 (화곡동),2695-0072,447596.2336,186089.8631
4821,쿨펫동물병원,"서울특별시 금천구 두산로 71 (독산동, 롯데빅마켓 3층)",,440940.3844,190704.9043
4822,우리동물메디컬센터,서울특별시 금천구 남부순환로 1386 (독산동),853-7582,441953.5718,191503.3532
4823,독산온동물병원,"서울특별시 금천구 독산로 225, 1층 (독산동)",,440543.0255,191217.0256
4824,미드미동물의료센터,"서울특별시 강동구 양재대로 1588 (명일동, 연우빌딩)",02-6497-7582,449455.5804,212626.7598
4825,라라동물의료원,"서울특별시 구로구 도림로 72, 1,B1층 (구로동)",839-7585,443019.534,190349.9239
4826,24시 지구촌 동물메디컬 센터,"서울특별시 구로구 구로중앙로 107, 하이빌골드타워 A동 B101호 (구로동)",869-7582,443997.2495,189826.5826
4827,한샘동물병원,"서울특별시 구로구 경인로40길 25, 상가동 211호 (개봉동, 청실아파트)",2681-7585,443706.9163,187529.287
4828,제일종합동물병원,서울특별시 금천구 독산로 58 (시흥동),894-3030,438938.6048,191634.03
4829,케이나인종합동물병원,"서울특별시 구로구 개봉로 38-1, 광훈빌딩 2층 (개봉동)",2686-3939,442997.6527,187231.2263
4830,신도림동물병원,"서울특별시 구로구 경인로 661, 신도림1차푸르지오 101동 139호 (신도림동)",2636-3992,445250.5389,190005.1325
4831,Dr.주 동물병원,"서울특별시 강동구 양재대로 1376 (둔촌동, 광안빌딩)",02-470-0030,447407.7463,212057.2294
4832,내품에동물병원,서울특별시 강동구 천호대로 1120 (길동),02-477-1775,448030.2092,211917.6255
4833,가람동물병원,"서울특별시 강동구 성내로 36, 예원빌딩 (성내동)",02-484-5502,447428.3234,210908.7191
4834,고덕24시 동물병원,"서울특별시 강동구 동남로 877, 1층 106호 (명일동, 한화오벨리스크스위트)",02-6227-8275,449979.2441,213698.0074
4835,퓨리나동물병원,서울특별시 도봉구 도봉로 469 (쌍문동),900-9929,460585.5971,202901.1239
4836,신창동물병원,서울특별시 도봉구 덕릉로 230 (창동),992-9414,459897.7515,202934.3466
4837,화신종합동물병원,서울특별시 도봉구 도당로 63 (방학동),3491-7060,462378.7861,202988.0517
4838,한빛동물병원,서울특별시 도봉구 덕릉로 256 (창동),992-0074,459759.1093,203442.4251
4839,스마트동물병원 강동암사점,서울특별시 강동구 고덕로 110 (암사동),02-442-8875,450259.5709,212077.9043
4840,방학동물병원,서울특별시 도봉구 도봉로 723 (방학동),3494-0075,462967.4277,203742.0445
4841,벨라동물병원,"서울특별시 구로구 구로중앙로34길 30, 진명빌딩 (구로동)",859-8775,444269.5228,189726.5605
4842,안정택동물병원,"서울특별시 구로구 천왕로 106, 골드프라자 201호 (천왕동)",02-2060-7512,442660.9678,185651.2002
4843,24시 명동물메디컬센터,"서울특별시 구로구 남부순환로 775 (개봉동, 개봉푸르지오)",2619-5102,444255.4378,186501.2222
4844,개명동물병원,서울특별시 구로구 개봉로 50 (개봉동),2619-0888,443119.5125,187221.9193
4845,금강종합동물병원,서울특별시 구로구 경인로 196 (오류동),2686-8008,443696.6716,186040.2147
4846,은행나무종합동물병원,서울특별시 금천구 금하로 694 (시흥동),804-0975,438832.8715,191713.0143
4847,한마음동물병원,서울특별시 강서구 강서로18길 17 (화곡동),02-2692-8275,447981.5323,186376.0338
4848,세명 동물병원,"서울특별시 강서구 강서로17길 52 (화곡동, 화곡면옥)",02-2604-3584,447840.1484,186044.7984
4849,조정연동물병원,서울특별시 금천구 금하로 679 (시흥동),806-8355,438942.6196,191594.6614
4850,그린동물병원,서울특별시 금천구 독산로 272 (독산동),856-4113,440981.1527,191370.4747
4851,금천동물병원,서울특별시 금천구 독산로 188 (독산동),894-8085,440198.9876,191390.8066
4852,강서YD동물의료센터,서울특별시 강서구 화곡로 371 (등촌동),02-518-7500,450531.9056,186868.7716
4853,24시 강서 젠틀리동물의료센터,"서울특별시 강서구 마곡중앙1로 72, 101호 (마곡동, 마곡엠밸리10단지)",02-2662-8111,450822.831,183968.9068
4854,공항 동물병원,서울특별시 강서구 개화동로27가길 27 (방화동),2663-8520,451278.4404,182940.9209
4855,송정동물메디컬센터,서울특별시 강서구 공항대로 39 (공항동),26610530,451048.5921,183293.1193
4856,우리아이동물메디컬센터,"서울특별시 강서구 공항대로 284, 1층 2호 (내발산동)",02-3664-0075,450665.2639,185714.7926
4857,고려종합동물병원,"서울특별시 강서구 양천로57길 10-20, 102호 (가양동, 이스타빌Ⅰ)",02-3661-8200,451159.5135,186943.8856
4858,해피동물병원,서울특별시 구로구 중앙로 67 (고척동),2619-7533,444604.0673,187701.3378
4859,황하동물병원,"서울특별시 강서구 금낭화로 52 (방화동, 세성빌딩)",2664-7773,451970.4236,183311.0355
4860,하나사랑동물병원,"서울특별시 동작구 상도로 171, 1층 (상도동)",02-822-7574,444700.6256,194447.9025
4861,굿모닝동물병원,"서울특별시 강남구 학동로 413 (청담동, 청담빌딩)",02-548-5466,446220.8418,203924.6337
4862,개포별빛동물병원,"서울특별시 강남구 논현로 70, 1층 (개포동, 동성빌딩)",573-7582,441585.31,204027.295
4863,365 마음동물병원,"서울특별시 구로구 오리로 1286, 2층 (궁동)",02-2611-5223,443799.714,184899.1007
4864,허브동물병원,"서울특별시 구로구 구일로10길 27, SK허브수 B동 2층 5호 (구로동)",267347500,443749.503,188674.9951
4865,드림동물병원,"서울특별시 구로구 중앙로8길 11, 109동 5호 (고척동, 고척 월드메르디앙)",236660204,444534.7274,187829.3847
4866,예은동물의료센터,"서울특별시 강남구 학동로29길 5, 3,4,5,6층 (논현동)",02-529-5575,445827.3866,202689.0976
4867,디아크동물종합병원,서울특별시 동작구 장승배기로27길 18 (노량진동),02-816-7582,445499.7696,194540.4603
4868,동물은내친구,서울특별시 동작구 사당로 252 (사당동),02-582-7708,442326.1747,197790.5567
4869,다나동물병원,서울특별시 동작구 동작대로 47 (사당동),02-3471-0375,442079.915,198290.9875
4870,피닉스동물병원,"서울특별시 동작구 상도로 43, 1층 (대방동, 정원빌딩)",02-813-7579,444203.3009,193339.3887
4871,원동물병원,서울특별시 동작구 사당로 180 (사당동),02-587-5618,442632.9998,197145.96
4872,오류동물병원,"서울특별시 구로구 경인로 236, 예성라온팰리스 103동 101호 (오류동)",2612-3232,443886.3166,186391.7691
4873,사랑동물병원,서울특별시 구로구 도림로 98 (구로동),851-1368,443187.1825,190548.0998
4874,구로종합동물병원,"서울특별시 구로구 경인로 638, 101동 1층 3,4호 (신도림동, 신도림에스케이뷰)",2631-0085,444982.5482,189894.6369
4875,캥거루 동물병원,서울특별시 구로구 오류로 55 (오류동),2066-2579,443082.542,185757.9475
4876,아이러브펫동물병원(신도림점),"서울특별시 구로구 경인로 661, 홈플러스 신도림점 지하1층 (신도림동)",3439-7533,445250.5389,190005.1325
4877,위너스 동물병원,서울특별시 강남구 역삼로 235 (역삼동),568-7975,443931.116,203656.7594
4878,폴라리스 동물의료센터,"서울특별시 강남구 언주로 627, 3층 (논현동)",512-2575,445588.5233,203036.0468
4879,츄츄 동물병원,서울특별시 강남구 논현로67길 56 (역삼동),512-0075,443440.903,203063.485
4880,나을동물병원,"서울특별시 동작구 사당로 196, 1층 102호 (사당동, 거묵프리미엄 상가)",02-521-5775,442526.6297,197267.5139
4881,와이즈24시 동물병원,서울특별시 강남구 학동로6길 7 (논현동),3446-8253,445451.4282,202041.3957
4882,백산동물병원,"서울특별시 강남구 논현로86길 22, 2층 (역삼동)",511-6364,444213.4984,203405.8873
4883,청담눈초롱안과동물병원,"서울특별시 강남구 도산대로 539, 4층 (청담동, 금원빌딩)",,446992.0897,204582.1872
4884,수 동물병원,"서울특별시 노원구 동일로 1689 (상계동, 하이베라스)",930-7975,464356.5272,204922.61
4885,엘케이동물병원,"서울특별시 노원구 덕릉로 589, 두림빌딩 102호 (중계동)",952-6426,460957.2047,206261.4214
4886,브라운동물병원,"서울특별시 노원구 동일로203가길 29 (중계동, 브라운스톤중계)",6224-3858,459732.1286,205601.926
4887,수락 동물병원,"서울특별시 노원구 동일로 1622 (상계동, 유성상가)",937-9724,463402.192,204868.6109
4888,화랑동물병원,서울특별시 노원구 화랑로 473 (공릉동),949-7512,457441.1315,206961.9896
4889,유림동물병원,"서울특별시 노원구 월계로45길 28 (월계동, 월계아파트형공장)",900-7710,458289.0699,204454.9741
4890,우솔종합동물병원,"서울특별시 노원구 화랑로 349, 석계문고 2층 (월계동)",973-7588,457008.2712,205815.6989
4891,한빛종합동물병원,서울특별시 노원구 동일로 1370 (상계동),951-7582,460951.3953,205391.3766
4892,웰리스 동물병원,"서울특별시 노원구 섬밭로 258 (중계동, 건영옴니백화점)",978-4775,459609.0125,205645.892
4893,로얄벳 동물병원,,,,
4894,이앤박동물병원,서울특별시 노원구 한글비석로52길 18 (상계동),939-6898,462464.17,205562.135
4895,아란종합동물병원,서울특별시 노원구 월계로 333 (월계동),905-7588,,
4896,스마일플러스동물병원,"서울특별시 노원구 동일로 1051 (공릉동, 영운빌딩 1층)",976-7582,457941.875,206395.3949
4897,롯데동물병원,"서울특별시 노원구 동일로207길 17, 118호 (중계동, 시영1단지B상가 )",973-5959,459964.0997,205588.636
4898,25시동물병원,"서울특별시 노원구 한글비석로8길 16, 102호 (중계동, 대림벽산상가)",935-0075,460547.6681,206806.7029
4899,은빛동물병원,"서울특별시 노원구 동일로 1649 (상계동, 윤일빌딩)",02-932-6658,463887.9426,204619.1435
4900,주주동물종합병원,"서울특별시 강남구 선릉로 412, 1층 (대치동)",02-556-0975,444390.693,204402.5107
4901,스마트동물병원 성북길음점,"서울특별시 성북구 길음로13길 22, 103호, 104호 (길음동, 길음7구역두산위브아파트)",02-941-5575,456382.9661,201592.9913
4902,포유동물병원,서울특별시 성북구 오패산로 22 (하월곡동),912-6555,455766.5542,203263.3008
4903,로이동물병원,서울특별시 성북구 아리랑로 27 (동소문동6가),02-927-7878,454782.4515,201321.967
4904,카카오 N 동물병원,"서울특별시 성북구 길음로 33 (길음동, 길음뉴타운 제상가비동 제지2층 25호)",942-4883,456137.1021,201514.971
4905,강북 24시 N 동물의료센터,서울특별시 성북구 삼양로4길 3 (길음동),984-0075,455946.1553,202082.9943
4906,넬 동물의료센터,서울특별시 성북구 오패산로 75-1 (하월곡동),02-6925-4347,456275.7802,203089.9303
4907,앙리동물병원,"서울특별시 성북구 성북로 66, 1층 (성북동)",02-766-7577,454571.6349,200082.0882
4908,열린동물종합병원,"서울특별시 용산구 원효로 171, 신영빌딩 (원효로2가)",3273-0075,448153.5244,196549.8958
4909,좋아서하는 동물병원,"서울특별시 용산구 백범로 341, B동 지상1층 113,114호 (원효로1가, 리첸시아 용산)",02-703-0075,448447.559,197045.8495
4910,펫동물병원,"서울특별시 용산구 백범로 285, 지상1층 (효창동)",3275-0079,448594.4489,196490.8443
4911,차오름동물병원,서울특별시 용산구 효창원로 14 (산천동),706-7975,448004.7223,195610.3636
4912,한사랑동물병원,서울특별시 용산구 신흥로 36-1 (용산동2가),749-8275,448827.7246,198816.6397
4913,원효종합동물병원,서울특별시 용산구 새창로 122-2(용문동),719-7070,448255.1657,196459.6742
4914,달래동물의료센터,"서울특별시 용산구 한남대로 76, 한남프라자 2층 (한남동)",794-1255,448146.1732,200506.1873
4915,민트동물병원,"서울특별시 용산구 원효로 51, 119호 (산천동, 삼성테마트)",707-2235,447976.7759,195547.1403
4916,이태원동물병원,"서울특별시 용산구 녹사평대로 210, 지하1, 1, 2층층 일부호 (이태원동)",797-6677,448239.8207,198802.4761
4917,퍼스동물병원,"서울특별시 용산구 신흥로 54, 106호 (용산동2가, 북동연립)",02-790-7508,448982.6334,198855.0321
4918,바다동물병원(Bada Animal Hospital),"서울특별시 용산구 서빙고로 67, 지하1층 비21호 (용산동5가, 파크타워)",02-792-2561,446893.4844,197338.9151
4919,24시 시유동물메디컬센터,"서울특별시 용산구 이촌로64길 24, 지상1층 101호 (이촌동)",02-793-0075,446419.9232,197270.0423
4920,베이동물병원,"서울특별시 용산구 이촌로 248, 11동 102호 (이촌동, 한강맨션)",02-749-7588,446344.5912,197722.571
4921,더힐동물의료센터,"서울특별시 용산구 독서당로 81-1, 아이리스프라자 지상3층 (한남동)",02-792-8275,448049.1957,200779.182
4922,금강동물병원,"서울특별시 용산구 이촌로 300, 렉스상가 8-1,8-2호 (이촌동)",798-7512,446185.2445,198165.7679
4923,라온동물병원,서울특별시 용산구 회나무로13길 6 (이태원동),792-7585,448599.201,199007.7691
4924,아프리카동물병원,서울특별시 용산구 후암로 32 (후암동),773-1119,449605.4348,197980.8683
4925,엉클장동물병원,"서울특별시 용산구 백범로 341, A동 지상1층 106호 (원효로1가, 리첸시아 용산)",713-0053,448447.559,197045.8495
4926,청화종합동물병원,"서울특별시 용산구 보광로 90, 태광빌딩 1층 (이태원동)",792-7602,447651.5139,199561.7253
4927,펫토이동물병원,서울특별시 용산구 대사관로 32 (한남동),795-2184,447917.9471,200079.1088
4928,남산동물병원,"서울특별시 용산구 후암로 51, 지상1층 (후암동)",778-7582,449803.8996,197907.2425
4929,효창동물병원,서울특별시 용산구 백범로 293 (효창동),711-4527,448563.4557,196561.8919
4930,키다리동물병원,"서울특별시 송파구 새말로 62, 송파 푸르지오시티 110호 (문정동)",02-6401-1512,442070.5757,210654.5062
4931,해동물병원,서울특별시 종로구 지봉로 53-1 (창신동),02-744-9098,452512.2341,201300.6173
4932,북악동물병원,서울특별시 종로구 자하문로 293 (홍지동),391-4575,455175.0414,196420.1408
4933,초콜릿종합동물병원,서울특별시 서대문구 응암로 117 (북가좌동),307-3335,453428.9874,192288.3919
4934,한스동물병원,서울특별시 서대문구 증가로 111 (남가좌동),303-1114,452709.1734,193291.6317
4935,가재울봉쥬르동물병원,서울특별시 서대문구 거북골로 178 (북가좌동),02-305-8275,452769.0241,192059.6355
4936,두리틀동물병원,서울특별시 서대문구 응암로 66 (북가좌동),302-3275,452952.7526,192051.7397
4937,이재풍동물병원,서울특별시 송파구 오금로35길 44 (오금동),02-404-6123,444924.3734,211360.4929
4938,영국동물병원,"서울특별시 송파구 동남로18길 23, 무영빌딩 (가락동)",02-402-5746,443566.9701,211698.2008
4939,24시 수 동물메디컬센터,"서울특별시 영등포구 영등포로 85-1, 지층,1,2,3층 (양평동1가)",02-2676-7582,446683.9745,190309.6638
4940,올리브동물병원,서울특별시 종로구 자하문로 305 (홍지동),3917502,455218.7575,196308.2156
4941,우리동물병원,서울특별시 종로구 지봉로 96-3 (숭인동),3676-1190,452934.4707,201312.3245
4942,누리봄동물병원,서울특별시 종로구 사직로12길 2 (내자동),02-735-7530,452611.4526,197374.3476
4943,광화문동물병원,"서울특별시 종로구 자하문로 35-3, 씨에스코즈빌 101호 (통인동)",722-8275,452972.1186,197383.1975
4944,경희궁 바른 동물병원,"서울특별시 종로구 송월길 99, 상가동 2층 2229호 (홍파동, 경희궁자이 2단지)",,452060.8605,196711.2568
4945,에버펫 동물병원,"서울특별시 송파구 오금로 422, 연암빌딩 1층 (가락동)",02-409-7533,443845.0049,212024.6305
4946,송이종합동물병원,"서울특별시 송파구 가락로 210, 1층 101호 (송파동)",02-415-7114,444982.6233,210230.9221
4947,위드 동물병원,"서울특별시 서대문구 응암로 76, 102호 (북가좌동)",02-373-7500,453041.99,192107.3676
4948,송파바로동물병원,"서울특별시 송파구 새말로 125, 어은회관 (문정동)",02-400-8575,442338.1156,211255.7596
4949,송파스마일동물병원,서울특별시 송파구 새말로5길 17 (문정동),02-448-7588,442447.6514,210894.0452
4950,마루동물병원,"서울특별시 송파구 양산로4길 13, 우토 파크빌딩 (거여동)",02-443-8898,443096.7864,212732.2246
4951,참 동물병원,서울특별시 영등포구 영등포로76길 1 (신길동),841-0075,445716.6102,192844.1054
4952,우신종합동물병원,서울특별시 영등포구 신길로 168 (신길동),849-6509,445002.6885,192081.3914
4953,이든동물의료센터,"서울특별시 영등포구 양평로 5, 1,2층 (당산동5가, 성원빌딩)",02-2635-2475,447765.0302,191537.0036
4954,신길 온동물병원,"서울특별시 영등포구 신풍로 77, 상가동 C119호 (신길동, 래미안에스티움)",02-848-7975,444303.222,192287.0596
4955,송파원동물병원,"서울특별시 송파구 백제고분로 432, 2층 (송파동)",02-419-7571,445231.7014,209821.4712
4956,신천동물병원,"서울특별시 송파구 석촌호수로 108, 리치빌딩 1층 (잠실동)",02-420-0975,445052.1761,207786.2939
4957,송파데일리동물병원,"서울특별시 송파구 법원로 55, 송파아이파크 1층 E204호 (문정동)",02-403-7582,441971.2713,210698.85
4958,위례S동물의료센터,"서울특별시 송파구 위례광장로 200, 에스비트램스퀘어 203,204호 (장지동)",02-431-7575,442123.3049,212569.2523
4959,닥터캣 고양이병원,"서울특별시 송파구 백제고분로 293, 제우빌딩 2층 202호 (석촌동)",02-2039-2575,444522.2611,208682.9466
4960,유앤동물의료원,"서울특별시 송파구 양재대로 1148, 왕천빌딩 1층 (오금동)",02-2043-7582,445282.8152,211187.2854
4961,이룸동물병원,"서울특별시 송파구 삼학사로 34, 달성빌딩 (석촌동)",02-419-7580,444231.795,208510.82
4962,리센츠 스타 동물병원,"서울특별시 송파구 올림픽로 145, 리센츠 상가동 1층 C13,C14호 (잠실동)",02-419-1010,445533.4396,207624.4247
4963,24시잠실ON동물의료센터,"서울특별시 송파구 올림픽로 76, J타워 202호 (잠실동)",02-418-0724,445485.4448,206916.7584
4964,킴리동물병원,"서울특별시 송파구 올림픽로35길 94, 신천동동 내제2층층 203호 (신천동, 장미3차맨션)",02-6925-5475,446426.8142,209001.8448
4965,석촌동물병원,"서울특별시 송파구 송파대로 441, 청호빌딩 1층 2호 (석촌동)",02-414-7975,444847.9038,209318.049
4966,잠실베스트동물메디컬센터,"서울특별시 송파구 삼학사로 88, 금보 1층 (석촌동)",02-2203-7975,444755.6169,208542.1416
4967,문정탑동물병원,"서울특별시 송파구 송이로 186, 상가동 1호 (문정동, 성해아파트)",02-431-0275,443191.9635,211133.0284
4968,행복한 우리아이 동물병원,"서울특별시 송파구 석촌호수로 146, 1층 (삼전동)",02-424-7552,444967.4448,208168.0563
4969,대학로동물병원,서울특별시 종로구 창경궁로 261 (명륜2가),3672-8441,453593.827,199947.1787
4970,월드펫동물병원,"서울특별시 종로구 평창문화로 75, 글로리아타운 111호 (평창동)",379-7575,456055.2058,197212.3649
4971,미소로동물병원,"서울특별시 영등포구 영신로 238, 미소로 107,108,204호 (영등포동8가)",2679-9997,447373.1745,191463.4866
4972,희망종합동물병원,"서울특별시 송파구 올림픽로 88, 올림픽타워 101호 (잠실동)",02-414-7588,445470.1056,207048.6382
4973,노아동물병원,서울특별시 송파구 오금로 498 (거여동),02-401-0075,443430.7724,212655.919
4974,오주동물병원,"서울특별시 송파구 마천로 264, 흥일빌딩 (거여동)",02-443-8083,443990.5747,212852.6208
4975,김민재동물병원,서울특별시 송파구 동남로 318 (오금동),02-443-8973,444617.3151,212193.4274
4976,독립문동물병원,서울특별시 서대문구 통일로 171-1 (냉천동),02-733-5060,451868.0697,196679.0108
4977,어울림동물병원,"서울특별시 서대문구 가재울미래로 2 (남가좌동, DMC파크뷰자이)",02-305-4242,452221.9607,192672.0675
4978,오즈동물병원,"서울특별시 서대문구 증가로 150, 100동 B209, B210호 (남가좌동)",02-305-5975,452984.6525,192922.7951
4979,위드펫종합동물병원,"서울특별시 송파구 백제고분로 161, 성선빌딩 (잠실동)",02-2202-0075,444811.9218,207433.006
4980,강앤정 동물병원,"서울특별시 서대문구 가재울미래로 2, 204동 1층 102-2,103-1호 (남가좌동, DMC파크뷰자이)",02-305-7505,452221.9607,192672.0675
4981,에이플러스 동물병원,"서울특별시 서대문구 연희로 114, 내풍빌딩 지층 (연희동)",02-3144-7582,451733.0955,193916.2349
4982,송파동물의료센터,서울특별시 송파구 송파대로 378 (송파동),02-424-3662,444378.5593,209744.136
4983,경인동물의료센터,"서울특별시 영등포구 경인로 832, 1층 (영등포동, 대성빌딩)",02-571-8275,445944.0702,191568.1181
4984,아람동물병원,"서울특별시 영등포구 도신로 225-1, 1층 (신길동, 정일빌딩)",02-835-7975,445551.116,192500.495
4985,여의도 동물병원,"서울특별시 영등포구 국제금융로 108, 4층 (여의도동, 미라클빌딩)",02-783-7580,446279.0838,194056.6819
4986,유석동물병원,서울특별시 영등포구 여의대방로 11 (신길동),833-7554,443477.9846,191954.1317
4987,I-pet 동물병원,"서울특별시 영등포구 여의동로3길 10, 501동 109호 (여의도동, 여의도자이)",786-7582,446218.4438,193393.0966
4988,왈츠동물병원,서울특별시 영등포구 가마산로 324 (대림동),02-834-7582,444029.1823,190691.3283
4989,도그플러스동물병원,"서울특별시 영등포구 당산로 42, 4층 (문래동3가, 삼성홈플러스빌딩)",02-2069-0082,446227.075,190729.5065
4990,영등포동물병원,서울특별시 영등포구 영등포로 131-2 (당산동1가),2633-9991,446595.9287,190759.0618
4991,한가람동물의료센터,서울특별시 영등포구 도신로 252 (신길동),02-844-7775,445692.9267,192727.8748
4992,씨밀레동물병원,"서울특별시 송파구 올림픽로47길 20, 웅산빌딩 (풍납동)",02-470-7905,447380.1814,210247.7171
4993,호수동물병원,"서울특별시 송파구 오금로 126, 105호 (송파동, 레이크 해모로)",02-413-7514,445465.168,209549.2084
4994,가좌동물병원,서울특별시 서대문구 응암로 77 (북가좌동),307-4633,453085.2433,192082.0066
4995,백년동물병원,서울특별시 서대문구 가좌로 104 (홍은동),373-2923,453307.6027,193456.5903
4996,한솔동물병원,"서울특별시 서대문구 통일로 397, B428호 (홍제동, 인왕산 한신휴플러스)",737-8375,453657.5348,195281.3955
4997,북아현동물병원,서울특별시 서대문구 신촌로 289-1 (북아현동),393-0075,450586.6787,196243.9252
4998,홍제동물병원,서울특별시 서대문구 통일로 463 (홍제동),396-5525,454149.1903,194873.3723
4999,드림동물병원,서울특별시 성북구 동소문로 74 (동소문동5가),928-7582,454391.6218,201140.2354
5000,대한동물병원,서울특별시 중구 퇴계로 227 (충무로4가),2263-6134,451086.8744,199655.7461
5001,태양 동물병원,서울특별시 성북구 돌곶이로 31 (석관동),969-0075,456079.4784,205288.9342
5002,쓰담쓰담 동물병원,서울특별시 성북구 종암로 113 (종암동),927-7585,455316.1342,202904.1534
5003,호담동물병원,서울특별시 성북구 동소문로 302 (하월곡동),915-5301,456051.0965,202449.7943
5004,꿈의숲동물병원,"서울특별시 성북구 돌곶이로 220, 105동 112호 (장위동, 꿈의숲코오롱하늘채아파트)",02-915-5485,457482.018,204005.4464
5005,도담도담동물병원,"서울특별시 성북구 화랑로 76 (하월곡동, 코업스타클래스 1층)",943-7582,455500.569,203502.0041
5006,서울동물병원,서울특별시 영등포구 영중로27길 10 (영등포동7가),2632-8687,446905.038,191465.8926
5007,더 샵 동물메디컬센터,"서울특별시 송파구 올림픽로35가길 9, 상가동 2층 207호 (신천동, 잠실 푸르지오 월드마크)",02-416-7512,446139.1526,209087.1224
5008,방배한강동물병원,"서울특별시 서초구 방배로 204 (방배동,지상1층)",593-7667,443278.7524,199178.5392
5009,길음동물병원,"서울특별시 성북구 동소문로 248 (길음동, 삼부상가 102동 6,7호)",913-1874,455605.7169,202029.9818
5010,행복한동물병원,서울특별시 성북구 돌곶이로 91 (장위동),915-7582,456539.5489,204905.934
5011,잠실준25시동물병원,"서울특별시 송파구 석촌호수로 138, 유시에셋 105호 (삼전동)",02-415-7580,444991.4907,208088.5582
5012,쿨독동물병원,"서울특별시 송파구 중대로9길 48, MOXENHOUSE (가락동)",02-408-5400,443882.4427,210468.4083
5013,남산동물병원,"서울특별시 중구 다산로 32, 5상가동 217호 (신당동, 남산타운)",2256-8275,449638.8243,200750.4551
5014,미래지동물의료센터,"서울특별시 중구 다산로 107, 2층 (신당동)",2233-7574,450153.7843,200783.1196
5015,두리동물병원,"서울특별시 송파구 성내천로 229, 1층 (마천동)",02-449-8575,444156.6421,213472.4007
5016,리오동물병원,"서울특별시 송파구 올림픽로 435, 상가동 1층 36호 (신천동, 파크리오)",02-415-7579,446483.3161,209314.26
5017,에코동물병원,"서울특별시 송파구 동남로 161, 1,2층 (가락동, 현대빌리지)",02-443-2222,443408.2784,211262.9949
5018,스킨앤이어동물병원,"서울특별시 송파구 위례성대로 102, 2층 202호 (방이동, 태평양파크빌라트)",02-417-3021,445687.2878,210806.1788
5019,연 동물병원,"서울특별시 송파구 올림픽로 119, 잠실파인애플상가 A동 2층 9,10호 (잠실동)",02-423-8280,445545.656,207373.5002
5020,꿈이크는 동물병원,"서울특별시 송파구 백제고분로 115, 그린빌딩 1층 (잠실동)",02-420-7580,444965.1486,207003.1559
5021,온마음 동물메디컬센터,"서울특별시 송파구 오금로 473, 정림빌딩 1층 (거여동)",02-449-0075,443607.2504,212481.1143
5022,가락종합동물병원,"서울특별시 송파구 오금로 247, 건양빌딩 (방이동)",02-413-0075,444908.6539,210632.3912
5023,하트동물메디컬센터,"서울특별시 송파구 삼학사로 75, 신일빌딩 (삼전동)",02-424-2955,444640.9949,208492.7222
5024,동물의왕국동물병원,"서울특별시 송파구 거마로 56, 121호 (거여동, 송파시그니처롯데캐슬)",02-406-4814,443705.4731,213149.5228
5025,늘푸른동물병원,"서울특별시 송파구 마천로5길 16, 우일빌딩 (오금동)",02-449-0101,445262.7464,211178.1832
5026,25시동물의료센터,"서울특별시 송파구 삼전로 80, 남관빌딩 (삼전동)",02-419-1351,444818.1365,207835.268
5027,잠실종합동물병원,"서울특별시 송파구 송파대로 388, 창영빌딩 (송파동)",02-415-7585,444469.5284,209676.4187
5028,펫가든동물병원,"서울특별시 송파구 중대로 80, 문정프라자 (문정동)",02-400-0075,443288.285,210343.6993
5029,애드펫동물병원,"서울특별시 영등포구 선유서로 67, 신동아하이팰리스상가 104동 131호 (양평동2가)",2068-2277,446634.2546,189734.544
5030,디오빌 동물병원,"서울특별시 영등포구 당산로 222, 1층 103-3호 (당산동5가, 당산디오빌)",02-2671-0026,447892.0787,191292.0952
5031,Dr.수동물병원,"서울특별시 영등포구 국제금융로 79, 롯데슈퍼 2층 (여의도동, 한양아파트)",02-785-7582,446584.5502,193963.5631
5032,준동물병원,서울특별시 송파구 위례성대로 178 (오금동),402-9119,445340.7653,211484.2908
5033,온누리 종합동물병원,"서울특별시 영등포구 도신로 186, 2층 (신길동)",845-0780,445405.237,192153.6215
5034,미소동물병원,서울특별시 성북구 종암로 91(종암동),929-1212,455119.5764,202964.0171
5035,중앙동물병원,서울특별시 성북구 돌곶이로 56 (석관동),967-0300,456283.7205,205168.2656
5036,비비펫 동물병원,서울특별시 성북구 화랑로 91 (하월곡동),912-0018,455630.2937,203650.8193
5037,보성통증동물병원,"서울특별시 성북구 보국문로 68-1, 정호빌딩 1층 (정릉동)",943-8376,456474.684,200758.469
5038,ZOO동물병원,"서울특별시 성북구 정릉로 328, 1층 (정릉동)",914-5545,455521.0583,201656.2014
5039,우리동물병원,서울특별시 성북구 삼양로 84 (길음동),989-8575,456502.3794,201922.4459
5040,24시 애니동물병원,서울특별시 성북구 보문로 99 (보문동5가),926-8275,453515.2723,201682.2964
5041,VIP 동물의료센터,"서울특별시 성북구 동소문로 73, 시티플레이스 1층 101호, 비101호, 비201호, 비202호 (동소문동6가)",953-0075,454444.2973,201116.3376
5042,큐동물병원,서울특별시 성북구 장위로 81 (장위동),,456852.9464,203965.6132
5043,한사랑동물병원,서울특별시 성북구 성북로 27 (성북동1가),02-743-7582,454227.1418,200269.1844
5044,나래종합동물병원,서울특별시 성북구 동소문로 66 (동소문동3가),929-5496,454342.9189,201076.1157
5045,우리동물병원,충청북도 증평군 증평읍 중앙로 170-3,836-4020,364637.4853,251610.5485
5046,증평동물병원,충청북도 증평군 증평읍 중앙로 230,,365065.8661,252010.4076
5047,우주동물병원,충청북도 증평군 증평읍 창신로 45,043 -838 -4275,364621.6104,251554.0761
5048,진교가축병원,경상남도 하동군 진교면 민다리길 84-1,,170405.0288,282292.038
5049,현대동물병원,경상남도 하동군 옥종면 옥종중앙길 64-1,,187227.3453,280057.3076
5050,하동동물병원,경상남도 하동군 하동읍 경서대로 154,,174657.0424,268382.9642
5051,사랑동물병원,경상남도 하동군 하동읍 경서대로 168,055-884-6716,174778.3648,268465.3003
5052,박학규동물병원,경상남도 하동군 하동읍 경서대로 219,,175014.1316,268899.3396
5053,동물병원도담도담,제주특별자치도 서귀포시 남원읍 일주동로 7133,,-23653.6415,173670.6661
5054,산책 동물병원,서울특별시 마포구 창전로 50-1 (구수동),02-715-7575,449401.7743,193979.0461
5055,김종하 동물병원,,,367754.2076,270631.5809
5056,수암동물병원,충청북도 괴산군 괴산읍 임꺽정로 159,,368596.2721,269469.7982
5057,마로동물병원,"전라남도 곡성군 곡성읍 낙동원로 19-1, 2층",061-363-9482,198247.5674,227275.8317
5058,서정동물병원,"서울특별시 노원구 동일로 1626, 1층 (상계동)",02-930-7161,463464.8123,204855.3352
5059,스마일동물병원,경상남도 김해시 분성로 116 (외동),070-4064-8275,193938.5504,369222.2156
5060,이을동물병원,"서울특별시 서초구 서래로 18, 1층 (반포동)",02-593-7575,443801.1421,199787.2422
5061,남청송 동물병원,경상북도 청송군 안덕면 안덕로 83,,311650.0927,375986.9595
5062,대구착한동물병원,대구광역시 달성군 다사읍 서재로12길 26,053-710-7582,264106.2154,334902.493
5063,제주피그클리닉,제주특별자치도 제주시 한림읍 한림로 580,064-796-1136,-9498.383813,130975.8333
5064,라이프동물병원,제주특별자치도 제주시 노형3길 21-1 (노형동),064-746-7579,-1403.530311,151223.6233
5065,24시 우리 동물병원,"서울특별시 노원구 동일로 1363, 명지프라자빌딩 102호 (상계동)",02-932-8575,460895.3197,205337.119
5066,호명동물병원,"경상북도 예천군 호명면 새움3로 26, 에비뉴타워 203호",,342744.6738,333257.6312
5067,원동물병원,경기도 광주시 경안천로 131 (송정동),031-797-5528,435030.6131,224161.6271
5068,용산동물병원,충청북도 충주시 형설로 54-11 (용산동),043-847-7582,384575.3262,283790.7972
5069,푸른들동물병원,"서울특별시 강서구 양천로 663-1, 1층 (염창동)",26991222,449996.4849,188516.7532
5070,마루동물병원,"경기도 평택시 용죽3로 12, 101호 (용이동)",0507-1489-8275,387934.6653,211134.8119
5071,콩닥 동물병원,"서울특별시 마포구 마포대로 127, 풍림브이아이피텔 (공덕동)",02-6383-0303,449330.8007,195703.4253
5072,홍경태동물의료원,"경상북도 포항시 북구 새천년대로 587, 1층 (용흥동)",273-0015,283238.5269,412089.4583
5073,현대동물병원,"경기도 고양시 일산서구 고봉로 317, 1층 (일산동)",,465036.8864,180268.4015
5074,우정동물병원,제주특별자치도 제주시 한림읍 귀덕남동1길 2,,-8131.4596,134569.6416
5075,동물병원루니,"경기도 성남시 분당구 미금로 251, 112,201,202,203호 (금곡동, 청솔마을성원아파트)",031-719-9545,427827.3413,209687.8246
5076,진영조은동물병원,"경상남도 김해시 진영읍 본산로 9, 3층",055-343-7586,202186.1564,357966.1593
5077,송악 동물병원,충청남도 당진시 송악읍 샘건너길 2,358-7975,377955.3436,172164.7429
5078,한솔동물병원,세종특별자치시 장군면 장척로 415,044-715-7515-,333012.835,218417.4256
5079,만세동물병원,"경기도 시흥시 배곧4로 95, 지음프라자 101호 (정왕동)",031-319-7583,430275.6823,176366.8536
5080,최영민 동물의료센터,"서울특별시 강남구 논현로132길 24, 양현빌딩 2층/5층 (논현동)",02-546-9539,445881.0737,202792.5597
5081,리더스동물병원,"부산광역시 해운대구 해운대로 814, 세종월드프라자 A동 301호 (좌동)",051-701-7588,187771.5114,398330.5165
5082,광주광역시 야생동물구조관리센터,광주광역시 서구 무진대로 576 (유촌동),062-613-6651,,
5083,도도 동물병원,"경상남도 사천시 사남면 사천대로 1652, 도도 동물병원",,174628.4636,297976.891
5084,웰니스동물병원(고잔점),"경기도 안산시 단원구 광덕대로 175, 삼성홈플러스 3층 (고잔동)",401-7200,423338.2237,184766.0708
5085,바른동물병원,"세종특별자치시 다정중앙로 51, 더다정빌딩 204호 (다정동)",044-866-7975,332695.3205,222198.9799
5086,위더스 동물메디컬센터 부설 동물보호센터,경기도 여주시 여양2로 42(천송동),,423096.2419,259651.4915
5087,유성튼튼동물병원,대전광역시 유성구 죽동로279번길 5-3 (죽동),428257551,318983.5067,230312.9691
5088,나무쉼터 동물병원,"대전광역시 중구 수침로 67-7, 1층 (태평동)",042-536-5002,313948.8052,235828.7886
5089,하트동물의료센터,"경기도 김포시 걸포2로 49, 파인스타S1 2층 204,205호 (걸포동)",031-985-8075,,
5090,우리동물병원,"전라남도 무안군 현경면 현해로 77, 노래연습장",,169240.8711,146320.1864
5091,해올동물병원,"제주특별자치도 제주시 조천읍 비자림로 685-8, 1층",064-732-2660,-6563.140119,170197.1636
5092,사바나동물병원,"경기도 의왕시 포일로 20, 래미안에버하임아파트 상가,사바나동물병원 (내손동)",031-424-7515,431780.392,197856.4764
5093,모두애동물병원,"인천광역시 연수구 센트럴로 415, 힐스테이트 송도 더테라스 판매시설S동 170호 (송도동)",032-832-7575,434329.2557,166870.8871
5094,바른동물병원,"인천광역시 연수구 랜드마크로 68, 판매시설동 1층 8호 (송도동, 랜드마크시티센트럴더샵)",032-330-7522,434891.0077,166239.0078
5095,임재성동물의료센터,"서울특별시 강남구 일원로9길 74, 1층, 지하1층 (일원동)",02-451-7582,443200.3097,207669.4237
5096,준마동물병원(출장진료전문병원),"제주특별자치도 제주시 조천읍 우진길 38-10, 1층 102호",,-3735.844642,172158.9166
5097,척척 동물의료센터,"울산광역시 동구 방어진순환도로 652, 테라스파크 301,302,304호 (일산동)",522327575,224949.0991,420356.2744
5098,수아인동물병원,"충청북도 음성군 금왕읍 무극로309번길 52-3, 101호",,388582.8954,253059.3357
5099,원러브동물의료센터,"서울특별시 성북구 아리랑로 75, 상가3동 1층 110호 (돈암동, 돈암코오롱하늘채)",02-6956-0040,455205.3252,201051.0722
5100,스마트 정형외과 신경외과 동물병원,"서울특별시 강남구 도산대로 213, 2층 (신사동)",,446499.5821,202580.5891
5101,현대동물병원,경상북도 청도군 화양읍 청려로 1910,,240206.7085,356318.5394
5102,배산 동물병원,부산광역시 기장군 기장읍 차성로 286,051-755-1175,195982.2579,401439.6919
5103,크라운 동물병원,"제주특별자치도 제주시 애월읍 유수암평화5길 34-24, 1층",,-7622.930862,144620.5332
5104,웰니스동물병원 스타필드 고양,"경기도 고양시 덕양구 고양대로 1955, 스타필드 고양 1층 1100호 (동산동)",031-5173-1487,460528.948,190645.3143
5105,데이동물의료센터,"경기도 하남시 미사강변동로 121, 더랜드시티 1층 101,102호 (망월동)",0507-1343-7589,451475.4092,216839.9024
5106,마린파크 동물병원,"부산광역시 해운대구 마린시티2로 2, 마린파크 208~209호 (우동)",051-751-7585,186564.6391,395308.6105
5107,올리브동물병원,"서울특별시 구로구 중앙로 64, 고척프라자 (고척동)",02-2135-5866,444629.7048,187798.8693
5108,보령축협 동물병원,"충청남도 보령시 번영로 17, 보령축협농협 (대천동)",041-932-0036,316897.5131,163459.7786
5109,중리 더펫 동물병원,"대전광역시 대덕구 계족로 544, 2층 (중리동)",042-625-7588,317810.4929,238731.1492
5110,고흥미소동물병원,전라남도 고흥군 고흥읍 홍교길 23,,123463.7156,225940.9708
5111,KABB 동물병원,"대구광역시 수성구 용학로48길 24, 2/3층 (지산동)",,258943.3948,347698.3732
5112,베스트 프렌즈 동물병원,경기도 평택시 송탄고가길 2 (신장동),031-662-7920,398732.2357,204732.877
5113,유앤아이동물병원,"경기도 하남시 미사강변남로 91, 르보아파크 Ⅱ 1층 119,120호 (망월동)",031-994-7582,450950.3161,216875.0045
5114,봄앤동물병원,"경기도 과천시 별양로 164, 상가동 2층 205호 (부림동, 과천센트럴파크푸르지오써밋)",02-2038-7718,436639.0689,199955.8058
5115,카라동물병원,경기도 파주시 법원읍 술이홀로 1409,031-959-8600,487869.0392,189371.0834
5116,아산아이윌24시동물메디컬센터,"충청남도 아산시 온천대로 1676, 1층 (풍기동)",041-532-3332,363902.3933,201984.5965
5117,동물병원 Dr.정,"경기도 성남시 중원구 산성대로 498, 1층 102호 (은행동)",031-733-9325,439277.3779,214315.8212
5118,하정 동물병원,"전라남도 영광군 영광읍 백수로 1640, 나동",,198224.5536,153063.5224
5119,일리동물의료센터,"경기도 수원시 영통구 법조로 25, 광교 SK VIEW Lake 근린생활비 112~114호 (하동)",031-213-1275,420610.7825,205273.9318
5120,부산24시 연산동물의료센터,부산광역시 연제구 연수로 135 (연산동),051-791-0175,188188.0447,389916.4819
5121,원 동물병원,충청북도 청주시 흥덕구 상신로 138-68 (상신동),,352452.1406,238738.0523
5122,소담동물병원,경상북도 울진군 평해읍 평해6길 7,,361201.6304,418096.6806
5123,도그스타 동물병원,"경기도 수원시 권선구 호매실로218번길 124, 202호 (호매실동)",031-291-8896,418242.4788,196493.8756
5124,송산종합동물병원,경기도 화성시 송산면 송산동로 6-23,031-357-1177,412563.159,176559.1506
5125,송도 아이본 동물의료센터,"인천광역시 연수구 능허대로 271, 1,2층 (동춘동)",032-833-7585,434553.6936,169317.3719
5126,24시연동물의료센터,"서울특별시 강서구 화곡로 191, 남서울수영장 1층 (화곡동)",,448981.9022,185983.8447
5127,그린동물병원,"경기도 화성시 수노을중앙로 160, 2층 (새솔동)",031-366-7970,420121.4448,183880.0345
5128,온담동물의료센터,"경기도 안산시 단원구 원선1로 9, 센트럴포레상가 1층 (원곡동)",031-362-4097,424715.3544,182292.0332
5129,빌리브동물병원,"경기도 성남시 분당구 성남대로 449, 111,112,113호 (정자동, 로얄팰리스)",031-8088-7500,430352.9801,209740.6476
5130,신촌 숲 동물병원,"서울특별시 마포구 광성로 17, 상가동 135, 136호 (신수동, 신촌숲아이파크)",0507-1350-7229,449869.275,194134.5527
5131,플러스동물병원,"인천광역시 연수구 송도과학로27번길 15, 104동 104,105호 (송도동, 송도아메리칸타운아이파크)",032-816-2588,431495.2481,170015.3909
5132,행복한 동물병원,"부산광역시 사하구 을숙도대로 713, 1층 (신평동)",051-714-2435,178043.9189,380804.6773
5133,폴라동물병원,"서울특별시 종로구 낙산길 311, 지1층 (숭인동)",,453137.6908,201451.4642
5134,고수 동물병원,경상북도 청도군 청도읍 고수구길 34,054-372-9395,239857.1775,357324.8364
5135,도킹어바웃 동물병원,"서울특별시 강남구 논현로 18, 지수빌딩 2층 (개포동)",02-529-7577,441204.9967,204341.5487
5136,김포쎈텀동물병원,"경기도 김포시 고촌읍 수기로 109, 캐슬힐 115호, 208호",031-992-8275,454630.7444,179083.9125
5137,해담동물의료센터,"경상북도 포항시 북구 장량로139번길 59, 대박빌딩 1층 (장성동)",054-726-2232,289936.1633,415409.7325
5138,건동물병원,경상남도 창녕군 창녕읍 여초길 168,,225298.448,336477.5358
5139,연희동물의료원,"경기도 시흥시 인선1길 8, 301, 302호 (장곡동)",031-315-5119,430654.0984,181144.7058
5140,아이조은동물병원,"서울특별시 도봉구 해등로26길 7, 111, 112호 (쌍문동)",900-7555,461791.7196,202807.2309
5141,허브동물병원,"서울특별시 금천구 독산로 70-1, 1층 (시흥동)",02-867-7776,439056.5146,191643.4724
5142,잠실동물병원,"서울특별시 송파구 송파대로 567, 상가동 1층 106호 (잠실동, 잠실주공아파트)",02-6953-7587,445894.9809,208317.4199
5143,명덕동물병원,"대구광역시 남구 명덕로40길 109, 1,2층 (대명동)",070-7763-1230,262473.5252,343564.9274
5144,마인동물의료센터,"서울특별시 강북구 덕릉로 133, 해솔빌딩 1층 102호, B1층 102호 (번동)",02-2039-8900,459211.3243,202450.0179
5145,다올동물의료센터 망포점,"경기도 수원시 영통구 덕영대로 1478, 망포역 포레 스퀘어 2층 212,213호 (망포동)",031-239-0208,415915.4375,204581.3474
5146,제주우리동물병원,"제주특별자치도 제주시 구좌읍 충렬로 12, 1층",,2587.811274,186523.1188
5147,돌봄동물병원,"세종특별자치시 한누리대로 1864, 수루배마을1단지 근린생활시설 c동 103~105호 (반곡동)",044-862-7277,333133.6049,227406.0991
5148,청아동물병원,"인천광역시 연수구 용담로 11, 시대아파트 상가동 1층 118호 (청학동)",032-710-7217,435649.1395,170681.8989
5149,오월드 동물병원,"대전광역시 중구 사정공원로 70, 동물병원 1층 (사정동)",425804960,310249.3585,235490.2473
5150,동그라미 동물의료센터,"경기도 시흥시 진말1로 18, 310호 (장곡동)",,430651.7766,181268.8752
5151,참좋은동물병원(출장진료전문 동물병원),"충청남도 천안시 동남구 원성4길 21, 대전충남양계축산업협동조합 2층 (원성동)",,367439.3284,214327.8198
5152,유앤아이 동물병원,"경상남도 창원시 마산회원구 삼호로 46, 1층 (양덕동)",055-298-7585,192569.0326,344324.7332
5153,검단이담동물의료센터,"인천광역시 서구 이음1로 383, 세중시그니쳐 2층 201~3호 (원당동)",327102440,,
5154,마음든 동물병원,"경상남도 진주시 관문로 7, 율곡스퀘어 프런티어 2층 207, 208호 (가좌동)",,184243.1969,301691.9879
5155,백두 동물병원,"경상북도 안동시 강남8길 59, 허브향기 (정하동)",,339993.5708,355271.6989
5156,닥터펫보리 특수클리닉,"서울특별시 관악구 낙성대로 32, 관악구재향군인회 301호 (봉천동)",,441498.7696,196283.1075
5157,하나동물병원,"경상북도 영천시 완산로 33-1, 2층 (완산동)",,275389.7914,374832.6104
5158,사랑해요동물병원,"서울특별시 도봉구 시루봉로 59, 104호 (쌍문동)",907-7512,461534.6798,202376.4525
5159,성경완 동물병원,"부산광역시 동구 고관로 48, 신화하니엘 더시티 주건축물제1동 103호 (초량동)",051-465-7582,182410.0825,386216.078
5160,동물치과병원메이,"서울특별시 강남구 테헤란로8길 46, 2층 (역삼동)",02-797-4408,443740.0451,202780.1268
5161,닥터서동물심장병원,"경기도 고양시 일산동구 태극로 11, 일산 한류월드 유보라 더 스마트 234,235,236호 (장항동)",031-994-7953,462337.9406,177997.5241
5162,동물병원 오월의산책,"경기도 안양시 동안구 경수대로 563, 현대제우스타워 201호 (호계동)",031-452-0119,430105.7087,196131.7522
5163,KB동물병원(출장진료전문),"경상남도 진주시 사봉면 모곡길 76-28, 2동",,189386.4668,317996.0204
5164,벤지동물병원,"전라남도 나주시 빛가람로 789, 103호 (빛가람동)",,169190.4341,181499.2075
5165,블루밍동물의료센터,"광주광역시 북구 대자로 36, MVG#78 202호 (운암동)",062-416-7975,186022.4831,188635.1462
5166,하이 동물병원,"경기도 남양주시 오남읍 진건오남로 778, 선일프라자 205호",031-571-4009,466105.9958,218023.8985
5167,모아동물병원,"부산광역시 사하구 장림번영로 41, 1층 (장림동)",051-265-0114,177529.7771,379594.3462
5168,24시 더원 동물병원,"인천광역시 서구 발산로 41, 4층 (원당동)",032-569-6677,,
5169,한양동물병원,"서울특별시 송파구 가락로 162, 1층 (송파동)",02-420-9993,444566.3446,209960.6699
5170,좋은말동물병원,"경상남도 함양군 안의면 종로길 8, 좋은말동물병원 1층",,236751.7152,273548.8976
5171,천사섬 동물병원,"전라남도 신안군 지도읍 서촌길 17-14, 크레지움캐슬 116동 2층 201호",,,
5172,성남 시립동물병원,"경기도 성남시 수정구 탄리로 59, 공영주차장(수정커뮤니티센터) 지하1층 B103-B106호 (수진동)","750-1184,750-1185",437662.2831,211974.4569
5173,브리즈 동물병원,"인천광역시 서구 서곶로 821, 2층 (당하동)",032-710-8559,454290.1914,171047.7279
5174,기찬동물병원,전라남도 영암군 신북면 호산로 611-3,,153538.8655,170593.5812
5175,조이동물병원,"광주광역시 서구 월드컵4강로 38, 에이치제이그린빌딩 1층 (화정동)",062-229-0075,182396.9665,188632.2789
5176,포항보담동물병원,경상북도 포항시 북구 중흥로 218 (죽도동),054-281-7582,282831.2616,412542.9401
5177,다솜동물병원,"충청북도 충주시 중앙탑면 원앙4길 25, 104호",043-863-7585,390969.4983,273635.2097
5178,울산 쉼표동물병원,"울산광역시 중구 성안로 192, 1층 (성안동)",052-700-9797,233282.092,410054.2414
5179,혜원동물병원,"서울특별시 중랑구 면목로 341, 1층 (면목동)",02-439-8300,453342.2325,207729.1757
5180,백동물병원,전라남도 영광군 영광읍 옥당로 233-12 (사직스카이아파트),,198313.47,154365.3435
5181,튼튼동물병원(출장진료전문병원),충청북도 충주시 예성6길 27 (교현동),,386546.5913,282814.122
5182,표쌤동물병원,"충청북도 영동군 영동읍 계산로 107-1, 표쌤동물병원",,297014.6351,270856.5439
5183,헬로우동물병원 여의도점,"서울특별시 영등포구 국제금융로7길 22, 대교B상가 2층 202호 (여의도동)",02-784-7588,446777.4545,194015.1805
5184,서울동물복지지원센터 동대문 동물병원,서울특별시 동대문구 무학로 201 (용두동),02-921-2413,453317.1101,202523.4691
5185,나비셀 동물의료센터,"서울특별시 서초구 원터2길 4, 2층 (원지동)",02-6978-9296,438012.128,204923.5531
5186,두티동물병원,"대구광역시 중구 달구벌대로 2208, 서정희피부과 4층 (대봉동)",053-719-0052,263678.8764,344855.3656
5187,아는수의사 동물병원,"대구광역시 중구 남산로 39, 1층 (남산동)",053-431-0825,263364.0972,342856.9144
5188,가평동물병원,"경기도 가평군 가평읍 보납로 11, 센트럴더스카이 근린생활시동 105호",,481096.7921,245013.1152
5189,자이동물병원,"대구광역시 서구 고성로 33, 404동 2층 206호 (원대동3가, 서대구센트럴자이)",533528277,266278.8871,341984.1791
5190,고등동물병원,"경기도 성남시 수정구 고등로1길 6-4, 101호 (고등동)",758-7588,436361.4751,208301.9379
5191,백제동물병원,"충청남도 부여군 임천면 성흥로 106-1, 1층",,298717.351,190258.2229
5192,상일 쓰담쓰담 동물병원,"서울특별시 강동구 구천면로 670, 2층 (상일동)",02-2135-8257,449857.2969,215162.6241
5193,나음동물병원,"경상북도 구미시 봉곡남로 70, 1층 (봉곡동)",,295027.2853,317805.8675
5194,행복한 동물병원,대구광역시 달성군 유가읍 테크노순환로12길 4,053-611-7585,244686.5295,332873.5884
5195,동물병원 왓슨,"인천광역시 부평구 동수천로 76-1, 1층 (부개동)",032-715-7124,443371.1394,176640.8879
5196,고려동물병원,강원특별자치도 인제군 북면 예술인촌길 57,033-462-5777,516415.2316,309785.8047
5197,올림픽동물의료센터,"서울특별시 송파구 양재대로 1164, 홍일빌딩 2층 1, 2호 (오금동)",02-6956-5259,445435.9019,211282.3087
5198,바론동물병원,충청남도 부여군 부여읍 성왕로 347,,309262.9753,193265.0712
5199,북부대동물병원,강원특별자치도 철원군 갈말읍 두루미로 103,,520292.7716,227989.7694
5200,진솔동물병원,"서울특별시 은평구 연서로 72, 삼성프라임 101,102호 (역촌동)",02-356-7547,455920.4906,192499.265
5201,도담동물의료센터,강원특별자치도 홍천군 홍천읍 소옥개로 66,,466494.1949,279329.2743
5202,온하루 동물의료센터,"경기도 용인시 수지구 만현로 88, 상현종합상가 상가동 2층 203,204호 (상현동)",,422987.4803,207486.7808
5203,동물병원 유피,"서울특별시 송파구 가락로 69, 푸른바둑교실 1층 (석촌동)",02-6479-7582,444219.8475,209110.6219
5204,킨텍스꿈동물병원,"경기도 고양시 일산서구 킨텍스로 240, 판매시설동 1층 179호 (대화동, 킨텍스 꿈에그린)",319197582,462673.3813,177925.1722
5205,튼튼동물병원,"세종특별자치시 아름서1길 13-1, 마드리드R 109, 110호 (아름동)",,334469.5736,221654.87
5206,용인서현 동물병원,경기도 용인시 처인구 중부대로 1529 (마평동),,414633.8626,218952.1865
5207,도담도담동물병원,울산광역시 울주군 서생면 용리길 136-25,052-239-2236,209614.0374,411162.0265
5208,청담 고운 피부과 동물병원,"서울특별시 강남구 도산대로 537, RNF537 3층 (청담동)",02-545-8875,446996.5196,204559.8008
5209,스무해 동물병원,"서울특별시 동작구 서달로 150, 2층 222호 (흑석동, 이랜드해가든)",02-6953-0475,444939.4554,196587.0306
5210,북천동물병원,경상남도 하동군 북천면 경서대로 2441-4,,179794.4664,281249.93
5211,ONAMC,"서울특별시 송파구 올림픽로 76, J타워 5층 501호 (잠실동)",,445485.4448,206916.7584
5212,소랑동물병원,"경기도 성남시 분당구 판교대장로7길 16, 1층 102호 (대장동, 힐스테이트 판교 엘포레 A6BL)",715-4860,,
5213,다나동물병원,"대전광역시 중구 계백로 1588, 1층 101호 (유천동)",042-255-3351,313085.9685,235540.581
5214,건강하게 동물병원,"경기도 하남시 위례학암로14번길 27, 디에이치타워 위례 2층 201호 (학암동)",,442798.4939,213842.9112
5215,서림동물병원,충청남도 서산시 공림3길 51 (예천동),,363172.0773,149122.3601
5216,다솜동물메디컬센터 금정점,"부산광역시 금정구 금강로 624, 1층 (남산동)",051-515-7582,197984.6287,389987.4407
5217,다솜고양이메디컬센터 금정점,"부산광역시 금정구 금강로 624, 2층 (남산동)",051-515-7586,197984.6287,389987.4407
5218,포레스트동물의료센터,"경기도 수원시 팔달구 팔달로 63, 103,104호 (고등동)",031-241-5953,419156.1731,200111.2473
5219,내마음의 동물병원,"경상남도 진주시 초전북로61번길 34-17, 혜진빌 1층 (초전동)",,190866.6464,301445.5657
5220,디테일 동물의료센터,"경기도 광명시 시청로 67, 201호 (철산동)",02-6952-7988,442268.6333,188034.7606
5221,더펫동물병원,"경기도 고양시 일산동구 중앙로1275번길 38-31, 라페스타A 201-1호 (장항동)",,462064.2209,179580.3313
5222,효천동물병원,"전북특별자치도 전주시 완산구 천잠로 52, 1층 (삼천동2가)",063-222-7975,254927.8141,209545.2717
5223,창원시 동물보호센터 동물병원,"경상남도 창원시 성산구 공단로474번길 117, 펫빌리지 (상복동)",055-225-5701,189956.0034,351404.0597
5224,하루동물병원,"경기도 고양시 일산서구 강성로214번길 8-18, 1층 (대화동)",,463610.8523,178244.0572
5225,구포동물병원,"부산광역시 북구 낙동대로 1656, 1층 (구포동)",051-332-1213,191143.8198,381526.2379
5226,만금동물병원,전라남도 곡성군 석곡면 석곡로 49-1,,181400.1916,223018.8774
5227,지한동물병원,경상남도 산청군 신안면 원지로 6-4,,200818.9423,288422.1674
5228,모여라동물병원,"서울특별시 강동구 고덕로80길 99, 제B동 1층 제B103호 (상일동, 고덕센트럴 IPARK)",,449988.9038,214664.4487
5229,동산동물병원,"전라남도 나주시 상야4길 21, 죤프라자 117호 (빛가람동)",061-335-9909,169252.568,180951.8701
5230,아우름 동물병원,"서울특별시 동작구 사당로 268, 1층 (사당동)",02-2138-2977,442381.631,197932.6202
5231,기운찬 동물병원,"경기도 하남시 신장동로 35, 유니온 1층 101,102호 (신장동)",031-8027-9575,449033.1475,218585.1306
5232,동물사랑세상 의료센터,"경기도 용인시 처인구 중부대로 1294, 3층 311호 (역북동)",031-8097-4122,414851.808,216638.1962
5233,두리동물병원,"충청남도 서산시 성암1로 58, 1층 (읍내동)",,364794.2025,150383.602
5234,누리팜동물병원,경기도 포천시 신북면 호국로 2013,031-535-8037,491952.576,219597.7206
5235,고래동물병원,경기도 포천시 영중면 양문로4길 9-1,,499832.9842,221107.6445
5236,미소동물 의료센터,"경기도 김포시 유현로 242, 2층 205호 (풍무동)",3180499600,456650.5265,176230.0294
5237,동탄원더스동물의료센터,"경기도 화성시 동탄신리천로4길 47, B111~B113호 (신동, 힐스테이트 동탄포레)",031-8019-8822,408153.4411,211972.5586
5238,데이즈동물의료센터,"경기도 화성시 동탄대로 537, 1023,1024호 (오산동)",,411151.9484,208624.9361
5239,예일동물병원,"충청남도 예산군 예산읍 벚꽃로127번길 12, 2층",,354559.2233,185165.4976
5240,소망동물병원(출장전문),충청남도 보령시 천북면 천광로 428,,332551.4975,161082.8981
5241,강원특별자치도 축산기술연구소 동물병원,강원특별자치도 횡성군 둔내면 현궁로 101,033-340-6945,444188.9339,303025.2394
5242,예인동물병원,"경상북도 구미시 선산읍 성황6길 23, 104호",,304826.5263,315823.0908
5243,나랑동물병원,"경상북도 구미시 선산읍 성황6길 23, 103호",,304826.5263,315823.0908
5244,아이숲동물병원,"경기도 광명시 시청로 33-1, 1층 (철산동)",02-6951-5100,441978.2872,187879.8585
5245,양양동물병원,"강원특별자치도 양양군 양양읍 군청길 73, 1층",033-673-7582,509625.0919,342609.3942
5246,유일비전동물병원[출장진료전문],"충청남도 천안시 동남구 양지2길 18-2, 한일베스트룸 101호 (봉명동)",,367458.5395,212081.6367
5247,준 동물병원,"경기도 고양시 덕양구 화중로130번길 48, 삼원프라자 303-1호 (화정동)",,459555.3594,185304.626
5248,아야진동물병원,"강원특별자치도 고성군 토성면 아야진옛길 3, 1층",,530639.0249,335920.3299
5249,푸른별안과동물병원,"충청북도 청주시 흥덕구 2순환로 1130, 스타로미안 6층 (비하동)",,348169.5839,237848.3261
5250,원 동물병원,"경상남도 김해시 한림면 김해대로 1047, 라동 1층",,200961.4947,363420.1569
5251,광주광역시 동물보호센터,"광주광역시 북구 본촌마을길 25-1, 광주환경보건연구원 (본촌동)",,191470.6331,189200.4174
5252,튼튼동물병원,강원특별자치도 양구군 국토정중앙면 소양석현길 118-8,,505116.7876,286403.0948
5253,24시 서초바른동물병원,"서울특별시 서초구 서초중앙로 72, 1층 (서초동)",02-588-7511,442893.4214,201247.7153
5254,베베동물병원,"서울특별시 강동구 올림픽로78길 60, 2동 206호 (천호동)",02-475-7579,448805.1451,211150.8122
5255,송파새날동물병원,"서울특별시 송파구 동남로 198, 1층 (가락동)",02-2088-3377,443653.9338,211501.1
5256,효산동물병원,"경상북도 영천시 금호읍 금호로 360-22, 2층",,272594.4548,371192.0231
5257,정규호 동물병원,전라남도 화순군 화순읍 진각로 34,,172852.1297,198651.1563
5258,포인핸드 건강검진센터,"서울특별시 마포구 큰우물로 18, 목암빌딩 202호 (대흥동)",,449122.2842,194727.1838
5259,숲 동물병원 펫스테이션점,"부산광역시 수영구 수영로 지하576, 도시철도 광안역 E1~E3호 (광안동)",051-743-7599,186381.35,392732.1283
5260,나눔동물병원(출장전문병원),"경상북도 구미시 금오시장로1길 16, 4층 406호 (원평동)",,292558.8207,320468.0607
5261,초곡나무동물병원,"경상북도 포항시 북구 흥해읍 초곡지구로58번길 15, 1층",054)262-7555,290942.2996,410506.2991
5262,본외과동물의료센터,"서울특별시 강서구 공항대로 103, 제판매시설2동 2층 202,203호 (마곡동, 마곡 엠밸리 9단지)",,,
5263,우신동물병원,경기도 양주시 장흥면 북한산로 924,,466874.0012,197364.9483
5264,청량리 슬기 동물병원,"서울특별시 동대문구 왕산로 186, 청량리역 우남SL타워300 218, 219호 (전농동)",232937582,453023.129,203816.673
5265,푸른동물병원,"충청남도 예산군 오가면 충서로 381, 예산홍성패션타운 6동",,352254.2474,180276.5807
5266,도곡동행동물병원,"서울특별시 강남구 남부순환로363길 16, 1층 109,110호 (도곡동)",02-573-1233,442693.0391,203304.6845
5267,파인트리 동물병원,경상남도 사천시 축동면 화당산로 10-13,,177960.671,295071.2256
5268,맑은 동물의료센터,"인천광역시 서구 이음3로 145, 206-207호 (당하동)",032-566-7982,,
5269,동물병원 All Pets,강원특별자치도 강릉시 주문진읍 매맥이아랫길 30-4,033-661-0045,487433.4342,360588.2276
5270,범 동물병원,"세종특별자치시 조치원읍 돌마루3길 16-1, 101호",,345208.1583,226137.9648
5271,늘곁에동물병원,"충청남도 아산시 탕정면 한들물빛5로 5, 젤존메디컬시티 204호",,365048.0989,207418.646
5272,바로동물병원,강원특별자치도 영월군 영월읍 중앙로 62,,410069.7546,330526.5836
5273,제주24시숨동물의료센터,"제주특별자치도 제주시 연북로 632, 지1층, 1층 (아라이동)",064-805-8365,-628.3785421,157705.3653
5274,민해동물병원,"강원특별자치도 강릉시 회산로 276, 2층 (회산동)",033-646-8964,471835.6689,364094.5525
5275,큰동물병원(출장진료전문병원),충청남도 아산시 온천대로 1571 (온천동),,364288.3307,201010.31
5276,윤쌤동물병원,"충청남도 예산군 삽교읍 청사로192번길 20, 에드가프라자 1차 3층 306-1호",,351197.315,171321.23
5277,내과동물병원 루미나,"서울특별시 강남구 선릉로 340, 대치 EM 프라자 105호 (대치동)",02-558-0275,444220.2022,204488.5012
5278,데일리 동물병원,전북특별자치도 전주시 완산구 서원로 168 (효자동2가),,257022.1961,210124.5322
5279,Dr루아동물병원,경기도 동두천시 정장로35번길 32 (생연동),031-858-9982,489222.6486,204777.1334
5280,페토피아 동물병원,"서울특별시 송파구 오금로 203, 남양빌딩 2층 (방이동)",02-449-7500,445108.5728,210245.0525
5281,클리어동물병원,"경기도 수원시 권선구 서수원로 435, 1층 (호매실동)",031-895-6780,418170.8248,196580.6463
5282,24시이스턴동물의료센터,"경기도 남양주시 호평로68번길 26, 무세빌딩 3층 (호평동)",,461318.0859,221858.0318
5283,홍제24시모아동물의료센터,"서울특별시 서대문구 통일로 426, 1,2층 (홍제동)",02-2138-2030,453892.9799,195184.0969
5284,천안이화동물병원(출장진료전문),"충청남도 천안시 동남구 각원사길 136, 1층 (안서동)",,369943.1721,216500.4965
5285,와니동물병원,경상북도 의성군 봉양면 도리원3길 27-5,,312182.6612,341553.5632
5286,한수동물병원,"서울특별시 송파구 송이로 244, 1층 (문정동)",02-6478-7575,442816.7659,211585.5012
5287,예스동물병원(출장진료전문),"전라남도 담양군 담양읍 추성로 1326, 3층",,202262.4363,198393.3508
5288,바른동물병원,"경상남도 하동군 진교면 들포길 65-4, 바른동물병원",,169277.6914,282516.522
5289,이즈 동물병원,"서울특별시 동대문구 이문로35길 12, 상가 C동 102호 (이문동, 래미안라그란데아파트)",221380514,455308.6518,205249.2654
5290,사랑나무동물병원,경기도 가평군 가평읍 가화로 155,,481295.9086,244957.0884
5291,퍼스트 동물메디컬 센터,"경기도 평택시 고덕로 250, 2층 2호 (고덕동)",031-647-3234,,
5292,다래동물병원,"인천광역시 남동구 석산로 156, 107호 (간석동)",719-7542,439672.231,174325.4571
5293,미래동물병원,"경기도 평택시 팽성읍 신흥북로49번길 34, 지하1층",,384874.8768,204111.4875
5294,소망동물병원,"경상북도 봉화군 봉화읍 봉화로 784, 2층",,377015.352,351672.7917
5295,하늘동물병원,전라남도 구례군 구례읍 중앙로 33,,190032.1766,242490.1499
5296,다온동물병원,"제주특별자치도 제주시 과원로 60, 1층 (연동)",,-2145.357079,152474.5293
